日,时间,方向,价格,手数,手续费,中间价,类型
1,09:15:02,买,99.9900,1.0,10.00,99.9937,mm
1,09:15:07,卖,100.0100,1.0,10.00,100.0040,mm
1,09:15:24,卖,99.9750,1.0,10.00,99.9718,mm
1,09:15:25,买,99.9600,1.0,10.00,99.9651,mm
1,09:15:29,买,99.9650,1.0,10.00,99.9667,mm
1,09:15:37,买,99.9550,1.0,10.00,99.9567,mm
1,09:15:41,卖,99.9550,1.0,10.00,99.9563,mm
1,09:15:58,买,99.9800,1.0,10.00,99.9813,mm
1,09:16:01,买,99.9250,1.0,9.99,99.9311,mm
1,09:16:16,卖,99.9200,1.0,9.99,99.9175,mm
1,09:16:21,卖,99.9150,1.0,9.99,99.9059,mm
1,09:16:22,卖,99.9150,1.0,9.99,99.9059,mm
1,09:16:29,卖,99.9200,1.0,9.99,99.9164,mm
1,09:16:34,卖,99.9450,1.0,9.99,99.9398,mm
1,09:16:50,买,99.9700,1.0,10.00,99.9712,mm
1,09:16:54,买,99.9300,1.0,9.99,99.9304,mm
1,09:17:00,买,99.9100,1.0,9.99,99.9141,mm
1,09:17:21,卖,99.9400,1.0,9.99,99.9443,mm
1,09:17:22,买,99.9300,1.0,9.99,99.9342,mm
1,09:17:33,卖,99.9400,1.0,9.99,99.9364,mm
1,09:17:36,买,99.9200,1.0,9.99,99.9262,mm
1,09:17:41,卖,99.9500,1.0,10.00,99.9473,mm
1,09:17:42,买,99.9250,1.0,9.99,99.9261,mm
1,09:17:53,卖,99.9400,1.0,9.99,99.9321,mm
1,09:17:54,买,99.9200,1.0,9.99,99.9232,mm
1,09:18:18,卖,99.9350,1.0,9.99,99.9227,mm
1,09:18:25,卖,99.9150,1.0,9.99,99.9091,mm
1,09:18:26,买,99.9000,1.0,9.99,99.9134,mm
1,09:18:26,买,99.9000,1.0,9.99,99.9104,mm
1,09:18:28,卖,99.9300,1.0,9.99,99.9327,mm
1,09:18:30,买,99.9200,1.0,9.99,99.9249,mm
1,09:18:37,卖,99.9100,1.0,9.99,99.9049,mm
1,09:18:39,卖,99.9200,1.0,9.99,99.9144,mm
1,09:18:42,买,99.9200,1.0,9.99,99.9261,mm
1,09:18:52,买,99.9000,1.0,9.99,99.9009,mm
1,09:19:02,买,99.8700,1.0,9.99,99.8761,mm
1,09:19:08,卖,99.8650,1.0,9.99,99.8711,mm
1,09:19:13,卖,99.8750,1.0,9.99,99.8717,mm
1,09:19:17,卖,99.8750,1.0,9.99,99.8679,mm
1,09:19:23,买,99.8350,1.0,9.98,99.8405,mm
1,09:19:39,卖,99.8150,1.0,9.98,99.8125,mm
1,09:19:44,买,99.8050,1.0,9.98,99.8094,mm
1,09:19:50,卖,99.8150,1.0,9.98,99.8214,mm
1,09:19:55,买,99.7900,1.0,9.98,99.7945,mm
1,09:19:56,买,99.7800,1.0,9.98,99.7803,mm
1,09:20:03,卖,99.7800,1.0,9.98,99.7709,mm
1,09:20:07,买,99.7500,1.0,9.98,99.7557,mm
1,09:20:14,卖,99.7600,1.0,9.98,99.7508,mm
1,09:20:27,卖,99.7950,1.0,9.98,99.7846,mm
1,09:20:44,买,99.7900,1.0,9.98,99.7961,mm
1,09:20:45,买,99.7850,1.0,9.98,99.7871,mm
1,09:20:47,卖,99.7950,1.0,9.98,99.7905,mm
1,09:20:55,买,99.8250,1.0,9.98,99.8267,mm
1,09:20:58,卖,99.8400,1.0,9.98,99.8362,mm
1,09:21:09,卖,99.8300,1.0,9.98,99.8245,mm
1,09:21:21,买,99.8050,1.0,9.98,99.8058,mm
1,09:21:23,卖,99.8150,1.0,9.98,99.8053,mm
1,09:21:29,买,99.8050,1.0,9.98,99.8083,mm
1,09:21:31,买,99.7900,1.0,9.98,99.7961,mm
1,09:21:36,卖,99.8100,1.0,9.98,99.8012,mm
1,09:21:39,卖,99.8100,1.0,9.98,99.7917,mm
1,09:22:01,买,99.7900,1.0,9.98,99.7933,mm
1,09:22:02,卖,99.8100,1.0,9.98,99.7984,mm
1,09:22:05,买,99.7950,1.0,9.98,99.8018,mm
1,09:22:10,卖,99.8250,1.0,9.98,99.8196,mm
1,09:22:14,买,99.7900,1.0,9.98,99.7953,mm
1,09:22:20,卖,99.8200,1.0,9.98,99.8143,mm
1,09:22:23,卖,99.8300,1.0,9.98,99.8246,mm
1,09:22:36,买,99.8350,1.0,9.98,99.8390,mm
1,09:22:41,买,99.8500,1.0,9.99,99.8535,mm
1,09:23:45,卖,99.9050,1.0,9.99,99.9006,mm
1,09:23:46,买,99.8900,1.0,9.99,99.8930,mm
1,09:23:49,卖,99.9050,1.0,9.99,99.8982,mm
1,09:23:52,买,99.8850,1.0,9.99,99.8903,mm
1,09:23:56,买,99.8750,1.0,9.99,99.8786,mm
1,09:24:07,卖,99.8250,1.0,9.98,99.8245,mm
1,09:24:36,买,99.8550,1.0,9.99,99.8577,mm
1,09:24:37,卖,99.8700,1.0,9.99,99.8756,mm
1,09:24:40,卖,99.9000,1.0,9.99,99.8966,mm
1,09:24:43,买,99.8800,1.0,9.99,99.8812,mm
1,09:24:53,买,99.8200,1.0,9.98,99.8170,mm
1,09:24:57,卖,99.8350,1.0,9.98,99.8331,mm
1,09:25:13,买,99.8600,1.0,9.99,99.8647,mm
1,09:25:22,卖,99.9000,1.0,9.99,99.8986,mm
1,09:25:41,卖,99.9450,1.0,9.99,99.9385,mm
1,09:25:45,买,99.9500,1.0,10.00,99.9526,mm
1,09:26:05,卖,99.9750,1.0,10.00,99.9728,mm
1,09:26:06,买,99.9650,1.0,10.00,99.9707,mm
1,09:26:12,卖,99.9750,1.0,10.00,99.9690,mm
1,09:26:18,买,99.9450,1.0,9.99,99.9434,mm
1,09:26:36,卖,99.9500,1.0,10.00,99.9509,mm
1,09:26:41,买,99.9500,1.0,10.00,99.9503,mm
1,09:28:09,买,99.9500,1.0,10.00,99.9543,mm
1,09:28:27,卖,99.9200,1.0,9.99,99.9174,mm
1,09:28:47,买,99.9150,1.0,9.99,99.9201,mm
1,09:28:49,买,99.8950,1.0,9.99,99.8984,mm
1,09:28:53,卖,99.8650,1.0,9.99,99.8678,mm
1,09:28:54,卖,99.8750,1.0,9.99,99.8722,mm
1,09:29:16,卖,99.8600,1.0,9.99,99.8472,mm
1,09:29:21,买,99.8300,1.0,9.98,99.8307,mm
1,09:29:28,卖,99.8550,1.0,9.99,99.8404,mm
1,09:29:36,买,99.8400,1.0,9.98,99.8415,mm
1,09:30:12,买,99.8150,1.0,9.98,99.8172,mm
1,09:30:14,卖,99.8200,1.0,9.98,99.8186,mm
1,09:30:29,买,99.8250,1.0,9.98,99.8306,mm
1,09:30:40,卖,99.8350,1.0,9.98,99.8296,mm
1,09:31:53,卖,99.8450,1.0,9.98,99.8421,mm
1,09:32:08,买,99.8300,1.0,9.98,99.8320,mm
1,09:32:45,买,99.7950,1.0,9.98,99.7919,mm
1,09:32:47,卖,99.8000,1.0,9.98,99.7934,mm
1,09:33:53,卖,99.8050,1.0,9.98,99.7999,mm
1,09:34:00,买,99.8000,1.0,9.98,99.8045,mm
1,09:34:02,买,99.7850,1.0,9.98,99.7891,mm
1,09:34:05,卖,99.7950,1.0,9.98,99.7888,mm
1,09:34:25,卖,99.7950,1.0,9.98,99.7838,mm
1,09:34:31,买,99.8050,1.0,9.98,99.8095,mm
1,09:34:34,买,99.7900,1.0,9.98,99.7925,mm
1,09:34:45,卖,99.7800,1.0,9.98,99.7781,mm
1,09:34:51,买,99.7800,1.0,9.98,99.7799,mm
1,09:35:00,卖,99.8050,1.0,9.98,99.8078,mm
1,09:35:02,买,99.7900,1.0,9.98,99.7959,mm
1,09:35:04,卖,99.8100,1.0,9.98,99.8043,mm
1,09:35:15,卖,99.8250,1.0,9.98,99.8188,mm
1,09:35:19,卖,99.8500,1.0,9.99,99.8461,mm
1,09:35:27,买,99.8300,1.0,9.98,99.8376,mm
1,09:35:28,买,99.8300,1.0,9.98,99.8375,mm
1,09:35:37,卖,99.8250,1.0,9.98,99.8212,mm
1,09:35:39,买,99.8100,1.0,9.98,99.8146,mm
1,09:35:55,买,99.7950,1.0,9.98,99.7992,mm
1,09:36:01,卖,99.8150,1.0,9.98,99.8094,mm
1,09:36:12,卖,99.8050,1.0,9.98,99.7986,mm
1,09:36:14,买,99.7850,1.0,9.98,99.7842,mm
1,09:36:43,买,99.7900,1.0,9.98,99.7959,mm
1,09:36:44,卖,99.8050,1.0,9.98,99.8021,mm
1,09:36:54,买,99.8050,1.0,9.98,99.8102,mm
1,09:36:54,卖,99.8200,1.0,9.98,99.8143,mm
1,09:36:57,买,99.8050,1.0,9.98,99.8128,mm
1,09:37:07,卖,99.8150,1.0,9.98,99.8118,mm
1,09:37:18,卖,99.8450,1.0,9.98,99.8332,mm
1,09:37:21,买,99.8200,1.0,9.98,99.8235,mm
1,09:37:34,卖,99.8150,1.0,9.98,99.8131,mm
1,09:37:38,买,99.8050,1.0,9.98,99.8046,mm
1,09:37:47,买,99.7800,1.0,9.98,99.7853,mm
1,09:37:53,卖,99.7850,1.0,9.98,99.7815,mm
1,09:38:08,买,99.7600,1.0,9.98,99.7660,mm
1,09:38:15,卖,99.7700,1.0,9.98,99.7683,mm
1,09:38:20,买,99.7450,1.0,9.97,99.7555,mm
1,09:39:13,卖,99.7750,1.0,9.98,99.7689,mm
1,09:39:24,买,99.7650,1.0,9.98,99.7611,mm
1,09:39:47,卖,99.7800,1.0,9.98,99.7762,mm
1,09:40:09,买,99.7500,1.0,9.98,99.7562,mm
1,09:40:19,卖,99.7750,1.0,9.98,99.7681,mm
1,09:41:14,买,99.7600,1.0,9.98,99.7627,mm
1,09:41:23,卖,99.7950,1.0,9.98,99.7825,mm
1,09:41:51,卖,99.8650,1.0,9.99,99.8607,mm
1,09:41:56,买,99.8500,1.0,9.99,99.8553,mm
1,09:41:59,卖,99.8750,1.0,9.99,99.8582,mm
1,09:42:00,买,99.8500,1.0,9.99,99.8547,mm
1,09:42:01,买,99.8400,1.0,9.98,99.8452,mm
1,09:42:11,卖,99.8650,1.0,9.99,99.8607,mm
1,09:42:15,买,99.8500,1.0,9.99,99.8591,mm
1,09:42:16,卖,99.8700,1.0,9.99,99.8639,mm
1,09:42:55,卖,99.8650,1.0,9.99,99.8635,mm
1,09:42:59,买,99.8550,1.0,9.99,99.8603,mm
1,09:43:02,卖,99.8800,1.0,9.99,99.8609,mm
1,09:43:03,卖,99.8800,1.0,9.99,99.8583,mm
1,09:43:12,买,99.8800,1.0,9.99,99.8854,mm
1,09:43:14,买,99.8750,1.0,9.99,99.8891,mm
1,09:43:22,卖,99.8750,1.0,9.99,99.8749,mm
1,09:43:30,买,99.8750,1.0,9.99,99.8788,mm
1,09:43:44,卖,99.8750,1.0,9.99,99.8583,mm
1,09:44:03,买,99.9350,1.0,9.99,99.9368,mm
1,09:44:17,卖,99.9250,1.0,9.99,99.9160,mm
1,09:44:27,买,99.9250,1.0,9.99,99.9221,mm
1,09:44:31,买,99.9050,1.0,9.99,99.9104,mm
1,09:44:32,卖,99.9150,1.0,9.99,99.9193,mm
1,09:44:36,买,99.9050,1.0,9.99,99.9108,mm
1,09:44:37,卖,99.9150,1.0,9.99,99.9111,mm
1,09:45:18,买,99.8550,1.0,9.99,99.8610,mm
1,09:45:19,卖,99.8700,1.0,9.99,99.8684,mm
1,09:45:22,卖,99.8800,1.0,9.99,99.8768,mm
1,09:45:27,卖,99.9100,1.0,9.99,99.8987,mm
1,09:45:39,买,99.9300,1.0,9.99,99.9246,mm
1,09:45:42,买,99.9250,1.0,9.99,99.9298,mm
1,09:45:47,卖,99.9300,1.0,9.99,99.9239,mm
1,09:45:48,买,99.9150,1.0,9.99,99.9206,mm
1,09:45:52,买,99.9250,1.0,9.99,99.9311,mm
1,09:46:00,卖,99.9500,1.0,10.00,99.9444,mm
1,09:46:37,买,99.9400,1.0,9.99,99.9453,mm
1,09:46:54,卖,99.9250,1.0,9.99,99.9196,mm
1,09:47:01,卖,99.9350,1.0,9.99,99.9297,mm
1,09:47:10,买,99.9200,1.0,9.99,99.9249,mm
1,09:47:23,买,99.9200,1.0,9.99,99.9247,mm
1,09:47:29,卖,99.9250,1.0,9.99,99.9248,mm
1,09:47:34,买,99.9050,1.0,9.99,99.9102,mm
1,09:47:38,卖,99.9100,1.0,9.99,99.9074,mm
1,09:48:14,买,99.9000,1.0,9.99,99.9059,mm
1,09:48:46,卖,99.9650,1.0,10.00,99.9683,mm
1,09:48:50,卖,99.9900,1.0,10.00,99.9839,mm
1,09:48:58,买,100.0000,1.0,10.00,100.0056,mm
1,09:49:05,卖,100.0200,1.0,10.00,100.0090,mm
1,09:49:26,买,100.0450,1.0,10.00,100.0496,mm
1,09:49:29,卖,100.0800,1.0,10.01,100.0816,mm
1,09:49:47,买,100.1050,1.0,10.01,100.1111,mm
1,09:49:50,卖,100.1150,1.0,10.01,100.1030,mm
1,09:49:57,买,100.1050,1.0,10.01,100.1046,mm
1,09:50:29,买,100.0950,1.0,10.01,100.1007,mm
1,09:50:51,卖,100.1050,1.0,10.01,100.1151,mm
1,09:51:11,买,100.1100,1.0,10.01,100.1159,mm
1,09:51:45,卖,100.0600,1.0,10.01,100.0542,mm
1,09:51:49,买,100.0300,1.0,10.00,100.0306,mm
1,09:52:05,卖,100.0500,1.0,10.01,100.0454,mm
1,09:52:24,买,99.9850,1.0,10.00,99.9864,mm
1,09:52:31,卖,99.9800,1.0,10.00,99.9744,mm
1,09:52:42,买,99.9350,1.0,9.99,99.9368,mm
1,09:52:43,卖,99.9450,1.0,9.99,99.9504,mm
1,09:52:56,买,99.9300,1.0,9.99,99.9326,mm
1,09:53:04,卖,99.9300,1.0,9.99,99.9317,mm
1,09:53:06,卖,99.9350,1.0,9.99,99.9279,mm
1,09:53:13,买,99.9350,1.0,9.99,99.9452,mm
1,09:53:35,买,99.9000,1.0,9.99,99.8986,mm
1,09:53:52,卖,99.9200,1.0,9.99,99.9158,mm
1,09:54:09,卖,99.9350,1.0,9.99,99.9294,mm
1,09:54:12,买,99.9300,1.0,9.99,99.9372,mm
1,09:54:22,买,99.9300,1.0,9.99,99.9346,mm
1,09:54:22,买,99.9150,1.0,9.99,99.9209,mm
1,09:54:26,卖,99.9300,1.0,9.99,99.9296,mm
1,09:54:44,卖,99.9250,1.0,9.99,99.9244,mm
1,09:54:48,卖,99.9400,1.0,9.99,99.9299,mm
1,09:54:48,买,99.9200,1.0,9.99,99.9272,mm
1,09:55:02,买,99.9300,1.0,9.99,99.9426,mm
1,09:55:03,买,99.9200,1.0,9.99,99.9464,mm
1,09:55:03,买,99.9200,1.0,9.99,99.9460,mm
1,09:55:30,卖,99.9500,1.0,10.00,99.9573,mm
1,09:55:51,卖,100.0300,1.0,10.00,100.0333,mm
1,09:56:09,卖,100.0550,1.0,10.01,100.0529,mm
1,09:57:05,卖,100.0900,1.0,10.01,100.0852,mm
1,09:57:07,卖,100.1000,1.0,10.01,100.0891,mm
1,09:57:11,买,100.0700,1.0,10.01,100.0707,mm
1,09:57:17,买,100.0750,1.0,10.01,100.0798,mm
1,09:57:52,买,100.0700,1.0,10.01,100.0742,mm
1,09:57:58,卖,100.0600,1.0,10.01,100.0621,mm
1,09:58:15,买,100.0550,1.0,10.01,100.0601,mm
1,09:58:22,卖,100.0900,1.0,10.01,100.0811,mm
1,09:59:31,卖,100.1200,1.0,10.01,100.1139,mm
1,09:59:38,买,100.1250,1.0,10.01,100.1308,mm
1,09:59:58,买,100.1050,1.0,10.01,100.1053,mm
1,10:00:03,卖,100.1050,1.0,10.01,100.1030,mm
1,10:00:12,卖,100.1200,1.0,10.01,100.1050,mm
1,10:00:18,买,100.0900,1.0,10.01,100.0908,mm
1,10:00:28,卖,100.0850,1.0,10.01,100.0625,mm
1,10:00:29,卖,100.0850,1.0,10.01,100.0685,mm
1,10:00:44,买,100.0850,1.0,10.01,100.0740,mm
1,10:00:54,买,100.0800,1.0,10.01,100.0840,mm
1,10:00:56,买,100.0750,1.0,10.01,100.0780,mm
1,10:00:58,卖,100.0800,1.0,10.01,100.0768,mm
1,10:00:59,买,100.0450,1.0,10.00,100.0477,mm
1,10:01:19,卖,100.0650,1.0,10.01,100.0577,mm
1,10:01:21,买,100.0450,1.0,10.00,100.0544,mm
1,10:01:24,卖,100.0750,1.0,10.01,100.0735,mm
1,10:02:24,买,100.0800,1.0,10.01,100.0831,mm
1,10:02:33,卖,100.0850,1.0,10.01,100.0819,mm
1,10:03:13,卖,100.1500,1.0,10.02,100.1415,mm
1,10:03:16,买,100.1300,1.0,10.01,100.1341,mm
1,10:03:20,买,100.1150,1.0,10.01,100.1212,mm
1,10:03:30,卖,100.1250,1.0,10.01,100.1210,mm
1,10:03:50,卖,100.1200,1.0,10.01,100.1052,mm
1,10:03:54,买,100.0950,1.0,10.01,100.0958,mm
1,10:04:16,买,100.0550,1.0,10.01,100.0581,mm
1,10:04:17,买,100.0300,1.0,10.00,100.0345,mm
1,10:04:20,卖,100.0500,1.0,10.01,100.0574,mm
1,10:04:29,卖,100.0800,1.0,10.01,100.0810,mm
1,10:04:40,买,100.0700,1.0,10.01,100.0751,mm
1,10:04:41,卖,100.0800,1.0,10.01,100.0805,mm
1,10:04:49,买,100.0550,1.0,10.01,100.0537,mm
1,10:04:50,卖,100.0750,1.0,10.01,100.0667,mm
1,10:04:55,买,100.0250,1.0,10.00,100.0258,mm
1,10:04:58,卖,100.0450,1.0,10.00,100.0418,mm
1,10:05:12,卖,100.0650,1.0,10.01,100.0541,mm
1,10:05:24,买,100.0600,1.0,10.01,100.0664,mm
1,10:05:35,买,100.0550,1.0,10.01,100.0585,mm
1,10:05:44,卖,100.0600,1.0,10.01,100.0551,mm
1,10:06:33,买,100.0300,1.0,10.00,100.0358,mm
1,10:06:34,卖,100.0400,1.0,10.00,100.0346,mm
1,10:06:42,买,100.0100,1.0,10.00,100.0148,mm
1,10:07:02,卖,99.9950,1.0,10.00,99.9922,mm
1,10:07:07,卖,99.9900,1.0,10.00,99.9954,mm
1,10:07:11,买,100.0200,1.0,10.00,100.0227,mm
1,10:07:38,卖,100.0150,1.0,10.00,100.0090,mm
1,10:07:58,买,99.9750,1.0,10.00,99.9776,mm
1,10:08:26,卖,99.9650,1.0,10.00,99.9614,mm
1,10:08:26,买,99.9500,1.0,10.00,99.9615,mm
1,10:08:30,买,99.9400,1.0,9.99,99.9417,mm
1,10:08:39,卖,99.9250,1.0,9.99,99.9276,mm
1,10:08:56,卖,99.9400,1.0,9.99,99.9299,mm
1,10:09:00,买,99.9350,1.0,9.99,99.9415,mm
1,10:09:02,买,99.9400,1.0,9.99,99.9445,mm
1,10:09:04,卖,99.9600,1.0,10.00,99.9569,mm
1,10:09:11,卖,99.9600,1.0,10.00,99.9494,mm
1,10:09:14,买,99.9350,1.0,9.99,99.9339,mm
1,10:09:22,卖,99.9400,1.0,9.99,99.9360,mm
1,10:09:35,买,99.9300,1.0,9.99,99.9376,mm
1,10:09:47,卖,99.9350,1.0,9.99,99.9288,mm
1,10:10:13,卖,99.9800,1.0,10.00,99.9688,mm
1,10:10:30,买,100.0050,1.0,10.00,100.0065,mm
1,10:10:38,买,99.9850,1.0,10.00,99.9871,mm
1,10:10:56,卖,100.0450,1.0,10.00,100.0322,mm
1,10:11:07,买,100.0150,1.0,10.00,100.0212,mm
1,10:11:10,买,100.0000,1.0,10.00,100.0010,mm
1,10:11:11,卖,100.0100,1.0,10.00,100.0066,mm
1,10:11:14,买,99.9800,1.0,10.00,99.9808,mm
1,10:11:29,卖,99.9900,1.0,10.00,99.9719,mm
1,10:11:33,买,99.9400,1.0,9.99,99.9441,mm
1,10:11:36,卖,99.9650,1.0,10.00,99.9576,mm
1,10:11:37,卖,99.9750,1.0,10.00,99.9726,mm
1,10:11:46,买,99.9450,1.0,9.99,99.9461,mm
1,10:11:53,买,99.9300,1.0,9.99,99.9348,mm
1,10:11:54,卖,99.9450,1.0,9.99,99.9412,mm
1,10:11:57,卖,99.9450,1.0,9.99,99.9394,mm
1,10:12:03,买,99.9350,1.0,9.99,99.9405,mm
1,10:12:06,卖,99.9650,1.0,10.00,99.9611,mm
1,10:12:07,买,99.9500,1.0,10.00,99.9520,mm
1,10:12:37,买,99.9450,1.0,9.99,99.9480,mm
1,10:12:46,卖,99.9750,1.0,10.00,99.9686,mm
1,10:12:55,卖,99.9850,1.0,10.00,99.9770,mm
1,10:12:57,买,99.9650,1.0,10.00,99.9679,mm
1,10:13:28,买,100.0000,1.0,10.00,100.0107,mm
1,10:13:35,卖,100.0150,1.0,10.00,100.0117,mm
1,10:13:37,卖,100.0200,1.0,10.00,100.0093,mm
1,10:13:44,买,100.0050,1.0,10.00,99.9987,mm
1,10:14:06,卖,99.9850,1.0,10.00,99.9798,mm
1,10:14:07,卖,100.0000,1.0,10.00,99.9958,mm
1,10:14:11,买,100.0000,1.0,10.00,100.0042,mm
1,10:14:11,买,99.9950,1.0,10.00,99.9928,mm
1,10:14:13,卖,100.0000,1.0,10.00,99.9941,mm
1,10:14:27,买,100.0050,1.0,10.00,100.0098,mm
1,10:14:37,卖,100.0000,1.0,10.00,99.9948,mm
1,10:14:49,买,99.9850,1.0,10.00,99.9861,mm
1,10:14:51,买,99.9650,1.0,10.00,99.9704,mm
1,10:15:01,卖,99.9650,1.0,10.00,99.9617,mm
1,10:15:06,买,99.9800,1.0,10.00,99.9800,mm
1,10:15:18,卖,99.9900,1.0,10.00,99.9851,mm
1,10:15:24,买,99.9700,1.0,10.00,99.9719,mm
1,10:15:35,卖,99.9550,1.0,10.00,99.9565,mm
1,10:15:47,买,99.9100,1.0,9.99,99.9113,mm
1,10:16:01,卖,99.9150,1.0,9.99,99.9110,mm
1,10:16:30,买,99.8400,1.0,9.98,99.8460,mm
1,10:16:31,卖,99.8550,1.0,9.99,99.8520,mm
1,10:16:49,买,99.8250,1.0,9.98,99.8290,mm
1,10:16:50,卖,99.8450,1.0,9.98,99.8497,mm
1,10:16:52,买,99.8350,1.0,9.98,99.8387,mm
1,10:16:59,卖,99.8550,1.0,9.99,99.8515,mm
1,10:17:15,买,99.8400,1.0,9.98,99.8422,mm
1,10:17:41,买,99.8350,1.0,9.98,99.8509,mm
1,10:17:52,卖,99.8400,1.0,9.98,99.8372,mm
1,10:18:10,卖,99.8450,1.0,9.98,99.8404,mm
1,10:18:13,买,99.8100,1.0,9.98,99.8142,mm
1,10:18:23,卖,99.8100,1.0,9.98,99.8011,mm
1,10:18:31,买,99.7700,1.0,9.98,99.7723,mm
1,10:18:31,买,99.7500,1.0,9.98,99.7539,mm
1,10:18:35,卖,99.7600,1.0,9.98,99.7590,mm
1,10:18:38,卖,99.7800,1.0,9.98,99.7742,mm
1,10:18:55,买,99.7600,1.0,9.98,99.7632,mm
1,10:19:00,买,99.7500,1.0,9.98,99.7536,mm
1,10:19:02,卖,99.7600,1.0,9.98,99.7596,mm
1,10:19:07,卖,99.7800,1.0,9.98,99.7759,mm
1,10:19:26,卖,99.7700,1.0,9.98,99.7554,mm
1,10:19:37,买,99.7700,1.0,9.98,99.7737,mm
1,10:19:42,买,99.7750,1.0,9.98,99.7766,mm
1,10:20:02,卖,99.8050,1.0,9.98,99.7992,mm
1,10:20:08,买,99.7750,1.0,9.98,99.7802,mm
1,10:20:10,卖,99.7950,1.0,9.98,99.7976,mm
1,10:20:17,买,99.7850,1.0,9.98,99.7837,mm
1,10:20:20,卖,99.7950,1.0,9.98,99.7841,mm
1,10:20:44,卖,99.7900,1.0,9.98,99.7821,mm
1,10:20:45,买,99.7700,1.0,9.98,99.7721,mm
1,10:20:53,卖,99.7750,1.0,9.98,99.7704,mm
1,10:21:08,买,99.8050,1.0,9.98,99.8049,mm
1,10:21:11,卖,99.8200,1.0,9.98,99.8097,mm
1,10:21:43,买,99.8750,1.0,9.99,99.8782,mm
1,10:22:10,买,99.8850,1.0,9.99,99.8853,mm
1,10:22:11,卖,99.8950,1.0,9.99,99.8971,mm
1,10:22:37,买,99.8850,1.0,9.99,99.8837,mm
1,10:22:52,卖,99.8850,1.0,9.99,99.8825,mm
1,10:22:58,买,99.8700,1.0,9.99,99.8730,mm
1,10:23:13,卖,99.8650,1.0,9.99,99.8707,mm
1,10:23:21,卖,99.9050,1.0,9.99,99.8921,mm
1,10:23:41,买,99.8900,1.0,9.99,99.8945,mm
1,10:24:09,卖,99.9150,1.0,9.99,99.9042,mm
1,10:24:10,买,99.8950,1.0,9.99,99.9001,mm
1,10:24:11,买,99.8850,1.0,9.99,99.8839,mm
1,10:24:18,卖,99.8700,1.0,9.99,99.8685,mm
1,10:24:32,卖,99.8850,1.0,9.99,99.8765,mm
1,10:24:41,买,99.8900,1.0,9.99,99.8889,mm
1,10:24:50,卖,99.8900,1.0,9.99,99.8854,mm
1,10:24:55,买,99.8850,1.0,9.99,99.8859,mm
1,10:25:09,买,99.8900,1.0,9.99,99.8954,mm
1,10:25:09,卖,99.9050,1.0,9.99,99.8980,mm
1,10:25:18,买,99.9150,1.0,9.99,99.9169,mm
1,10:25:28,买,99.8850,1.0,9.99,99.8912,mm
1,10:25:31,卖,99.9000,1.0,9.99,99.8940,mm
1,10:25:38,卖,99.9000,1.0,9.99,99.8950,mm
1,10:26:03,卖,99.9050,1.0,9.99,99.9064,mm
1,10:26:07,买,99.9200,1.0,9.99,99.9260,mm
1,10:26:16,买,99.9100,1.0,9.99,99.9153,mm
1,10:26:20,卖,99.9300,1.0,9.99,99.9291,mm
1,10:26:23,卖,99.9400,1.0,9.99,99.9309,mm
1,10:26:40,买,99.9450,1.0,9.99,99.9456,mm
1,10:27:12,卖,99.9300,1.0,9.99,99.9197,mm
1,10:27:15,买,99.9100,1.0,9.99,99.9135,mm
1,10:27:23,买,99.8950,1.0,9.99,99.9007,mm
1,10:27:26,卖,99.9100,1.0,9.99,99.9067,mm
1,10:27:27,卖,99.9300,1.0,9.99,99.9264,mm
1,10:27:30,买,99.9150,1.0,9.99,99.9212,mm
1,10:27:31,买,99.9050,1.0,9.99,99.9061,mm
1,10:27:51,卖,99.9050,1.0,9.99,99.8972,mm
1,10:27:56,卖,99.9150,1.0,9.99,99.9125,mm
1,10:28:00,买,99.9100,1.0,9.99,99.9128,mm
1,10:28:31,卖,99.8950,1.0,9.99,99.8912,mm
1,10:28:36,买,99.8900,1.0,9.99,99.8930,mm
1,10:29:17,买,99.8550,1.0,9.99,99.8706,mm
1,10:29:26,卖,99.8400,1.0,9.98,99.8297,mm
1,10:29:32,买,99.7900,1.0,9.98,99.7960,mm
1,10:30:00,卖,99.7750,1.0,9.98,99.7711,mm
1,10:30:06,卖,99.7850,1.0,9.98,99.7787,mm
1,10:30:08,买,99.7700,1.0,9.98,99.7745,mm
1,10:30:14,卖,99.7700,1.0,9.98,99.7705,mm
1,10:30:17,卖,99.7900,1.0,9.98,99.7738,mm
1,10:30:18,买,99.7700,1.0,9.98,99.7690,mm
1,10:30:22,买,99.7650,1.0,9.98,99.7679,mm
1,10:30:33,卖,99.7850,1.0,9.98,99.7797,mm
1,10:30:37,买,99.7550,1.0,9.98,99.7578,mm
1,10:30:44,买,99.7450,1.0,9.97,99.7503,mm
1,10:30:49,卖,99.7500,1.0,9.98,99.7438,mm
1,10:32:05,卖,99.8650,1.0,9.99,99.8539,mm
1,10:32:07,买,99.8450,1.0,9.98,99.8511,mm
1,10:32:17,买,99.8350,1.0,9.98,99.8378,mm
1,10:32:19,卖,99.8450,1.0,9.98,99.8428,mm
1,10:32:28,卖,99.8650,1.0,9.99,99.8633,mm
1,10:32:33,买,99.8550,1.0,9.99,99.8575,mm
1,10:32:41,卖,99.8800,1.0,9.99,99.8762,mm
1,10:32:50,买,99.8700,1.0,9.99,99.8739,mm
1,10:32:55,卖,99.9000,1.0,9.99,99.8920,mm
1,10:33:12,买,99.9450,1.0,9.99,99.9477,mm
1,10:33:25,卖,99.9400,1.0,9.99,99.9319,mm
1,10:33:27,买,99.9200,1.0,9.99,99.9167,mm
1,10:33:37,卖,99.9400,1.0,9.99,99.9357,mm
1,10:33:38,买,99.9300,1.0,9.99,99.9259,mm
1,10:33:47,买,99.8800,1.0,9.99,99.8811,mm
1,10:34:10,卖,99.8700,1.0,9.99,99.8719,mm
1,10:35:03,买,99.8950,1.0,9.99,99.8999,mm
1,10:35:15,卖,99.8700,1.0,9.99,99.8665,mm
1,10:35:44,卖,99.8750,1.0,9.99,99.8763,mm
1,10:35:54,买,99.8500,1.0,9.99,99.8548,mm
1,10:35:59,买,99.8400,1.0,9.98,99.8456,mm
1,10:36:10,卖,99.8100,1.0,9.98,99.8034,mm
1,10:36:15,卖,99.8050,1.0,9.98,99.8060,mm
1,10:36:20,买,99.8000,1.0,9.98,99.8014,mm
1,10:36:32,买,99.7900,1.0,9.98,99.7814,mm
1,10:36:32,卖,99.7900,1.0,9.98,99.7960,mm
1,10:36:51,卖,99.7750,1.0,9.98,99.7666,mm
1,10:36:53,买,99.7600,1.0,9.98,99.7621,mm
1,10:36:55,买,99.7550,1.0,9.98,99.7604,mm
1,10:36:56,卖,99.7650,1.0,9.98,99.7539,mm
1,10:37:21,卖,99.7450,1.0,9.97,99.7456,mm
1,10:37:27,买,99.7650,1.0,9.98,99.7711,mm
1,10:37:39,卖,99.7650,1.0,9.98,99.7610,mm
1,10:37:42,买,99.7450,1.0,9.97,99.7462,mm
1,10:38:01,卖,99.7700,1.0,9.98,99.7690,mm
1,10:38:05,买,99.7700,1.0,9.98,99.7740,mm
1,10:38:11,买,99.7450,1.0,9.97,99.7488,mm
1,10:38:14,卖,99.7550,1.0,9.98,99.7512,mm
1,10:38:29,卖,99.7600,1.0,9.98,99.7644,mm
1,10:38:38,买,99.7700,1.0,9.98,99.7718,mm
1,10:38:51,卖,99.7950,1.0,9.98,99.7969,mm
1,10:38:52,买,99.7800,1.0,9.98,99.7852,mm
1,10:39:06,买,99.7350,1.0,9.97,99.7392,mm
1,10:39:18,卖,99.7400,1.0,9.97,99.7353,mm
1,10:39:32,买,99.7350,1.0,9.97,99.7363,mm
1,10:39:45,卖,99.7550,1.0,9.98,99.7495,mm
1,10:40:03,卖,99.7850,1.0,9.98,99.7723,mm
1,10:40:08,买,99.7550,1.0,9.98,99.7563,mm
1,10:40:25,卖,99.7450,1.0,9.97,99.7414,mm
1,10:40:34,买,99.7600,1.0,9.98,99.7586,mm
1,10:41:12,买,99.7100,1.0,9.97,99.7144,mm
1,10:41:14,卖,99.7250,1.0,9.97,99.7188,mm
1,10:41:28,卖,99.7550,1.0,9.98,99.7502,mm
1,10:41:37,买,99.7450,1.0,9.97,99.7492,mm
1,10:41:38,卖,99.7650,1.0,9.98,99.7550,mm
1,10:41:41,买,99.7350,1.0,9.97,99.7370,mm
1,10:41:41,买,99.7250,1.0,9.97,99.7275,mm
1,10:41:44,卖,99.7300,1.0,9.97,99.7219,mm
1,10:41:45,买,99.7100,1.0,9.97,99.7125,mm
1,10:42:14,卖,99.7250,1.0,9.97,99.7283,mm
1,10:42:21,买,99.7400,1.0,9.97,99.7420,mm
1,10:42:24,卖,99.7450,1.0,9.97,99.7494,mm
1,10:42:26,卖,99.7600,1.0,9.98,99.7491,mm
1,10:42:45,买,99.7400,1.0,9.97,99.7387,mm
1,10:43:10,卖,99.7450,1.0,9.97,99.7427,mm
1,10:43:27,买,99.7350,1.0,9.97,99.7405,mm
1,10:43:29,买,99.7250,1.0,9.97,99.7282,mm
1,10:43:35,卖,99.7450,1.0,9.97,99.7494,mm
1,10:43:52,买,99.7550,1.0,9.98,99.7579,mm
1,10:43:54,买,99.7250,1.0,9.97,99.7280,mm
1,10:44:04,卖,99.7150,1.0,9.97,99.7170,mm
1,10:44:08,卖,99.7200,1.0,9.97,99.7168,mm
1,10:44:26,卖,99.7400,1.0,9.97,99.7288,mm
1,10:44:31,卖,99.7350,1.0,9.97,99.7201,mm
1,10:44:35,买,99.7350,1.0,9.97,99.7398,mm
1,10:44:37,买,99.7250,1.0,9.97,99.7316,mm
1,10:45:19,买,99.6800,1.0,9.97,99.6827,mm
1,10:45:22,卖,99.6950,1.0,9.97,99.6901,mm
1,10:45:33,买,99.6700,1.0,9.97,99.6715,mm
1,10:46:18,卖,99.6850,1.0,9.97,99.6736,mm
1,10:46:46,买,99.6250,1.0,9.96,99.6299,mm
1,10:47:04,卖,99.6250,1.0,9.96,99.6303,mm
1,10:47:06,买,99.6200,1.0,9.96,99.6233,mm
1,10:47:07,卖,99.6350,1.0,9.96,99.6296,mm
1,10:47:08,卖,99.6450,1.0,9.96,99.6391,mm
1,10:47:15,买,99.6150,1.0,9.96,99.6203,mm
1,10:47:28,买,99.6300,1.0,9.96,99.6296,mm
1,10:47:30,卖,99.6350,1.0,9.96,99.6352,mm
1,10:47:44,买,99.6300,1.0,9.96,99.6326,mm
1,10:47:51,卖,99.6350,1.0,9.96,99.6340,mm
1,10:48:10,买,99.5950,1.0,9.96,99.5949,mm
1,10:48:25,买,99.5850,1.0,9.96,99.6014,mm
1,10:48:27,卖,99.6050,1.0,9.96,99.6017,mm
1,10:48:30,买,99.5800,1.0,9.96,99.5804,mm
1,10:48:33,卖,99.5850,1.0,9.96,99.5847,mm
1,10:48:41,卖,99.6200,1.0,9.96,99.6173,mm
1,10:48:55,买,99.6100,1.0,9.96,99.6150,mm
1,10:49:20,卖,99.5950,1.0,9.96,99.5989,mm
1,10:50:08,买,99.6150,1.0,9.96,99.6188,mm
1,10:50:21,卖,99.6050,1.0,9.96,99.6007,mm
1,10:50:51,买,99.5900,1.0,9.96,99.5921,mm
1,10:51:03,卖,99.5450,1.0,9.95,99.5430,mm
1,10:51:34,卖,99.5450,1.0,9.95,99.5427,mm
1,10:51:38,买,99.5300,1.0,9.95,99.5347,mm
1,10:52:14,卖,99.6150,1.0,9.96,99.6093,mm
1,10:52:28,买,99.6500,1.0,9.97,99.6552,mm
1,10:52:35,卖,99.6800,1.0,9.97,99.6801,mm
1,10:52:36,买,99.6700,1.0,9.97,99.6704,mm
1,10:52:45,卖,99.7100,1.0,9.97,99.7098,mm
1,10:52:56,买,99.7300,1.0,9.97,99.7345,mm
1,10:53:10,买,99.7200,1.0,9.97,99.7209,mm
1,10:53:24,卖,99.7300,1.0,9.97,99.7264,mm
1,10:53:30,买,99.7200,1.0,9.97,99.7213,mm
1,10:53:37,卖,99.7400,1.0,9.97,99.7361,mm
1,10:53:46,卖,99.7400,1.0,9.97,99.7301,mm
1,10:53:49,买,99.7150,1.0,9.97,99.7189,mm
1,10:54:03,买,99.7000,1.0,9.97,99.7050,mm
1,10:54:19,卖,99.6900,1.0,9.97,99.6859,mm
1,10:54:29,卖,99.6750,1.0,9.97,99.6642,mm
1,10:54:30,买,99.6550,1.0,9.97,99.6603,mm
1,10:54:35,卖,99.6700,1.0,9.97,99.6576,mm
1,10:55:00,买,99.6500,1.0,9.97,99.6381,mm
1,10:55:12,买,99.6150,1.0,9.96,99.6252,mm
1,10:55:25,买,99.6100,1.0,9.96,99.6145,mm
1,10:55:27,卖,99.6200,1.0,9.96,99.6123,mm
1,10:55:53,卖,99.6100,1.0,9.96,99.6033,mm
1,10:55:54,买,99.5900,1.0,9.96,99.5950,mm
1,10:55:58,卖,99.6100,1.0,9.96,99.6026,mm
1,10:56:03,卖,99.6250,1.0,9.96,99.6213,mm
1,10:56:06,买,99.6300,1.0,9.96,99.6355,mm
1,10:56:08,卖,99.6450,1.0,9.96,99.6241,mm
1,10:56:08,买,99.6150,1.0,9.96,99.6196,mm
1,10:56:24,买,99.6000,1.0,9.96,99.6030,mm
1,10:56:35,卖,99.5900,1.0,9.96,99.5880,mm
1,10:56:39,卖,99.6050,1.0,9.96,99.5957,mm
1,10:56:44,卖,99.6200,1.0,9.96,99.6161,mm
1,10:56:46,买,99.6050,1.0,9.96,99.6034,mm
1,10:56:50,卖,99.6300,1.0,9.96,99.6283,mm
1,10:57:05,买,99.6350,1.0,9.96,99.6396,mm
1,10:57:08,卖,99.6650,1.0,9.97,99.6567,mm
1,10:57:10,买,99.6500,1.0,9.97,99.6512,mm
1,10:57:20,买,99.6550,1.0,9.97,99.6580,mm
1,10:57:29,卖,99.6500,1.0,9.97,99.6431,mm
1,10:57:34,买,99.6450,1.0,9.96,99.6474,mm
1,10:57:39,卖,99.6550,1.0,9.97,99.6459,mm
1,10:57:41,买,99.6300,1.0,9.96,99.6337,mm
1,10:57:50,买,99.6100,1.0,9.96,99.6138,mm
1,10:58:06,买,99.6300,1.0,9.96,99.6316,mm
1,10:58:23,卖,99.6000,1.0,9.96,99.5953,mm
1,10:58:28,卖,99.6150,1.0,9.96,99.6068,mm
1,10:58:38,卖,99.6250,1.0,9.96,99.6242,mm
1,10:58:43,买,99.6050,1.0,9.96,99.6076,mm
1,10:58:45,卖,99.6200,1.0,9.96,99.6181,mm
1,10:58:50,买,99.6000,1.0,9.96,99.6008,mm
1,10:59:18,卖,99.6000,1.0,9.96,99.5958,mm
1,10:59:41,买,99.6400,1.0,9.96,99.6415,mm
1,11:00:02,买,99.6050,1.0,9.96,99.6110,mm
1,11:00:13,卖,99.6250,1.0,9.96,99.6156,mm
1,11:00:37,卖,99.6750,1.0,9.97,99.6728,mm
1,11:00:53,卖,99.7150,1.0,9.97,99.7078,mm
1,11:00:53,买,99.7000,1.0,9.97,99.6971,mm
1,11:00:54,买,99.6850,1.0,9.97,99.6905,mm
1,11:00:56,卖,99.7050,1.0,9.97,99.7022,mm
1,11:01:03,买,99.7300,1.0,9.97,99.7333,mm
1,11:01:04,买,99.7350,1.0,9.97,99.7377,mm
1,11:01:09,卖,99.7600,1.0,9.98,99.7597,mm
1,11:01:48,卖,99.8450,1.0,9.98,99.8426,mm
1,11:01:52,买,99.8400,1.0,9.98,99.8423,mm
1,11:01:57,买,99.8350,1.0,9.98,99.8404,mm
1,11:02:02,卖,99.8450,1.0,9.98,99.8417,mm
1,11:02:23,买,99.8500,1.0,9.99,99.8539,mm
1,11:02:30,买,99.8200,1.0,9.98,99.8232,mm
1,11:02:42,卖,99.8100,1.0,9.98,99.8049,mm
1,11:02:47,卖,99.8200,1.0,9.98,99.8185,mm
1,11:02:53,买,99.7950,1.0,9.98,99.7994,mm
1,11:02:58,卖,99.8200,1.0,9.98,99.8332,mm
1,11:03:07,卖,99.8550,1.0,9.99,99.8462,mm
1,11:03:08,卖,99.8650,1.0,9.99,99.8649,mm
1,11:03:10,买,99.8500,1.0,9.99,99.8507,mm
1,11:03:13,买,99.8300,1.0,9.98,99.8354,mm
1,11:03:17,买,99.8100,1.0,9.98,99.8096,mm
1,11:03:28,卖,99.8250,1.0,9.98,99.8146,mm
1,11:03:36,买,99.8050,1.0,9.98,99.8086,mm
1,11:03:52,买,99.7750,1.0,9.98,99.7768,mm
1,11:04:03,卖,99.7650,1.0,9.98,99.7704,mm
1,11:04:04,卖,99.7800,1.0,9.98,99.7701,mm
1,11:04:08,买,99.7550,1.0,9.98,99.7528,mm
1,11:04:10,卖,99.7650,1.0,9.98,99.7596,mm
1,11:04:12,买,99.7550,1.0,9.98,99.7607,mm
1,11:04:19,卖,99.7300,1.0,9.97,99.7258,mm
1,11:04:21,买,99.7200,1.0,9.97,99.7253,mm
1,11:04:24,卖,99.7350,1.0,9.97,99.7316,mm
1,11:04:32,买,99.7350,1.0,9.97,99.7412,mm
1,11:04:39,卖,99.7300,1.0,9.97,99.7262,mm
1,11:04:41,买,99.7100,1.0,9.97,99.7060,mm
1,11:04:44,卖,99.7150,1.0,9.97,99.7116,mm
1,11:05:20,买,99.6750,1.0,9.97,99.6792,mm
1,11:05:52,买,99.6800,1.0,9.97,99.6946,mm
1,11:06:04,卖,99.7050,1.0,9.97,99.7102,mm
1,11:06:06,卖,99.7200,1.0,9.97,99.7169,mm
1,11:06:06,卖,99.7300,1.0,9.97,99.7241,mm
1,11:06:20,买,99.7350,1.0,9.97,99.7374,mm
1,11:06:21,买,99.7300,1.0,9.97,99.7362,mm
1,11:06:24,卖,99.7600,1.0,9.98,99.7545,mm
1,11:06:27,买,99.7500,1.0,9.98,99.7555,mm
1,11:06:41,卖,99.7750,1.0,9.98,99.7715,mm
1,11:07:05,买,99.7250,1.0,9.97,99.7305,mm
1,11:07:39,卖,99.7750,1.0,9.98,99.7723,mm
1,11:07:59,卖,99.7900,1.0,9.98,99.7846,mm
1,11:08:00,买,99.7750,1.0,9.98,99.7784,mm
1,11:08:11,买,99.7600,1.0,9.98,99.7660,mm
1,11:08:36,卖,99.7650,1.0,9.98,99.7675,mm
1,11:08:38,买,99.7550,1.0,9.98,99.7594,mm
1,11:08:44,卖,99.7500,1.0,9.98,99.7564,mm
1,11:08:51,卖,99.7550,1.0,9.98,99.7491,mm
1,11:08:53,买,99.7350,1.0,9.97,99.7404,mm
1,11:08:56,卖,99.7500,1.0,9.98,99.7440,mm
1,11:09:07,买,99.7150,1.0,9.97,99.7175,mm
1,11:09:25,卖,99.7100,1.0,9.97,99.7010,mm
1,11:09:25,买,99.6900,1.0,9.97,99.6945,mm
1,11:09:28,卖,99.7050,1.0,9.97,99.7005,mm
1,11:09:30,买,99.7150,1.0,9.97,99.7182,mm
1,11:09:39,卖,99.7350,1.0,9.97,99.7262,mm
1,11:09:40,买,99.7200,1.0,9.97,99.7243,mm
1,11:10:04,卖,99.7450,1.0,9.97,99.7363,mm
1,11:10:09,买,99.7250,1.0,9.97,99.7272,mm
1,11:10:25,买,99.7100,1.0,9.97,99.7158,mm
1,11:10:28,卖,99.7050,1.0,9.97,99.6991,mm
1,11:10:59,买,99.7200,1.0,9.97,99.7262,mm
1,11:10:59,卖,99.7350,1.0,9.97,99.7360,mm
1,11:11:08,卖,99.7450,1.0,9.97,99.7387,mm
1,11:11:18,买,99.7150,1.0,9.97,99.7165,mm
1,11:11:22,卖,99.7250,1.0,9.97,99.7269,mm
1,11:11:23,买,99.7150,1.0,9.97,99.7206,mm
1,11:11:40,卖,99.7500,1.0,9.98,99.7428,mm
1,11:11:46,买,99.7250,1.0,9.97,99.7311,mm
1,11:11:50,卖,99.7500,1.0,9.98,99.7462,mm
1,11:11:52,买,99.7350,1.0,9.97,99.7359,mm
1,11:11:59,买,99.7250,1.0,9.97,99.7256,mm
1,11:12:11,买,99.7150,1.0,9.97,99.7182,mm
1,11:12:33,卖,99.7150,1.0,9.97,99.7171,mm
1,11:12:34,买,99.7000,1.0,9.97,99.7134,mm
1,11:12:52,卖,99.7350,1.0,9.97,99.7355,mm
1,11:13:02,卖,99.7600,1.0,9.98,99.7488,mm
1,11:13:03,卖,99.7700,1.0,9.98,99.7647,mm
1,11:13:09,买,99.7450,1.0,9.97,99.7472,mm
1,11:13:17,买,99.7400,1.0,9.97,99.7456,mm
1,11:13:19,卖,99.7600,1.0,9.98,99.7567,mm
1,11:13:32,卖,99.8000,1.0,9.98,99.7946,mm
1,11:13:34,买,99.7800,1.0,9.98,99.7854,mm
1,11:14:21,买,99.7550,1.0,9.98,99.7600,mm
1,11:14:29,卖,99.7600,1.0,9.98,99.7562,mm
1,11:14:49,卖,99.8100,1.0,9.98,99.8040,mm
1,11:15:22,买,99.8500,1.0,9.99,99.8551,mm
1,11:15:26,卖,99.8700,1.0,9.99,99.8659,mm
1,11:15:30,买,99.8600,1.0,9.99,99.8703,mm
1,11:15:57,买,99.8500,1.0,9.99,99.8559,mm
1,11:16:14,卖,99.8500,1.0,9.99,99.8482,mm
1,11:16:28,卖,99.8650,1.0,9.99,99.8509,mm
1,11:16:39,买,99.8400,1.0,9.98,99.8437,mm
1,11:16:39,买,99.8300,1.0,9.98,99.8304,mm
1,11:16:54,买,99.7750,1.0,9.98,99.7772,mm
1,11:16:54,卖,99.7850,1.0,9.98,99.7911,mm
1,11:16:55,卖,99.8000,1.0,9.98,99.7959,mm
1,11:17:01,卖,99.8150,1.0,9.98,99.8119,mm
1,11:17:05,买,99.8100,1.0,9.98,99.8036,mm
1,11:17:20,卖,99.8100,1.0,9.98,99.8076,mm
1,11:17:31,买,99.8100,1.0,9.98,99.8131,mm
1,11:18:04,买,99.8350,1.0,9.98,99.8380,mm
1,11:18:12,卖,99.8350,1.0,9.98,99.8299,mm
1,11:18:21,买,99.8050,1.0,9.98,99.8110,mm
1,11:18:27,买,99.7750,1.0,9.98,99.7781,mm
1,11:18:31,卖,99.7850,1.0,9.98,99.7896,mm
1,11:18:34,卖,99.7950,1.0,9.98,99.7856,mm
1,11:18:37,卖,99.8000,1.0,9.98,99.7940,mm
1,11:18:40,买,99.7750,1.0,9.98,99.7754,mm
1,11:18:46,卖,99.7950,1.0,9.98,99.7926,mm
1,11:19:03,买,99.8200,1.0,9.98,99.8232,mm
1,11:19:07,卖,99.8450,1.0,9.98,99.8360,mm
1,11:19:15,买,99.8500,1.0,9.99,99.8518,mm
1,11:19:25,卖,99.8600,1.0,9.99,99.8546,mm
1,11:19:29,买,99.8650,1.0,9.99,99.8706,mm
1,11:19:55,买,99.8850,1.0,9.99,99.8906,mm
1,11:19:56,卖,99.9000,1.0,9.99,99.8937,mm
1,11:20:30,卖,99.8750,1.0,9.99,99.8637,mm
1,11:20:36,买,99.8500,1.0,9.99,99.8562,mm
1,11:20:39,卖,99.8800,1.0,9.99,99.8714,mm
1,11:20:54,卖,99.8950,1.0,9.99,99.8768,mm
1,11:21:06,买,99.8750,1.0,9.99,99.8809,mm
1,11:21:30,买,99.8650,1.0,9.99,99.8683,mm
1,11:21:34,买,99.8750,1.0,9.99,99.8858,mm
1,11:21:39,卖,99.9100,1.0,9.99,99.9069,mm
1,11:22:06,卖,99.9500,1.0,10.00,99.9515,mm
1,11:22:15,买,99.9150,1.0,9.99,99.9158,mm
1,11:22:28,买,99.8850,1.0,9.99,99.8875,mm
1,11:22:38,买,99.8700,1.0,9.99,99.8702,mm
1,11:22:42,卖,99.8650,1.0,9.99,99.8691,mm
1,11:22:49,卖,99.8900,1.0,9.99,99.8853,mm
1,11:22:51,卖,99.9100,1.0,9.99,99.9020,mm
1,11:22:58,买,99.9100,1.0,9.99,99.9161,mm
1,11:23:20,卖,99.9550,1.0,10.00,99.9484,mm
1,11:23:40,买,99.9400,1.0,9.99,99.9470,mm
1,11:23:49,卖,99.9650,1.0,10.00,99.9590,mm
1,11:23:51,买,99.9450,1.0,9.99,99.9503,mm
1,11:24:18,卖,99.9550,1.0,10.00,99.9503,mm
1,11:24:24,买,99.9450,1.0,9.99,99.9485,mm
1,11:24:28,买,99.9400,1.0,9.99,99.9457,mm
1,11:24:37,卖,99.9500,1.0,10.00,99.9481,mm
1,11:24:51,买,99.9350,1.0,9.99,99.9400,mm
1,11:24:56,卖,99.9450,1.0,9.99,99.9427,mm
1,11:24:59,卖,99.9650,1.0,10.00,99.9608,mm
1,11:25:04,买,99.9350,1.0,9.99,99.9352,mm
1,11:25:12,买,99.9200,1.0,9.99,99.9252,mm
1,11:25:14,卖,99.9350,1.0,9.99,99.9369,mm
1,11:25:24,买,99.9150,1.0,9.99,99.9195,mm
1,11:25:34,卖,99.9500,1.0,10.00,99.9520,mm
1,11:25:38,卖,99.9600,1.0,10.00,99.9472,mm
1,11:25:47,卖,99.9700,1.0,10.00,99.9613,mm
1,11:25:56,买,99.9850,1.0,10.00,99.9835,mm
1,11:26:23,买,100.0000,1.0,10.00,100.0055,mm
1,11:26:39,卖,100.0400,1.0,10.00,100.0428,mm
1,11:26:40,买,100.0300,1.0,10.00,100.0362,mm
1,11:26:47,买,100.0250,1.0,10.00,100.0292,mm
1,11:26:54,卖,100.0650,1.0,10.01,100.0654,mm
1,11:27:08,买,100.0300,1.0,10.00,100.0329,mm
1,11:27:23,买,100.0100,1.0,10.00,100.0131,mm
1,11:27:34,买,99.9700,1.0,10.00,99.9719,mm
1,11:27:41,卖,99.9300,1.0,9.99,99.9269,mm
1,11:27:42,卖,99.9350,1.0,9.99,99.9306,mm
1,11:27:48,卖,99.9450,1.0,9.99,99.9406,mm
1,11:27:55,买,99.9250,1.0,9.99,99.9280,mm
1,11:27:58,买,99.9050,1.0,9.99,99.9065,mm
1,11:28:01,卖,99.9150,1.0,9.99,99.9114,mm
1,11:28:02,卖,99.9200,1.0,9.99,99.9229,mm
1,11:28:14,买,99.8950,1.0,9.99,99.8939,mm
1,11:28:30,卖,99.9400,1.0,9.99,99.9350,mm
1,11:28:52,卖,99.9450,1.0,9.99,99.9400,mm
1,11:28:53,买,99.9300,1.0,9.99,99.9281,mm
1,11:28:56,买,99.9050,1.0,9.99,99.9046,mm
1,11:29:24,卖,99.8700,1.0,9.99,99.8569,mm
1,11:29:30,卖,99.8950,1.0,9.99,99.8885,mm
1,11:29:41,买,99.9050,1.0,9.99,99.9067,mm
1,13:00:11,卖,99.9450,1.0,9.99,99.9505,mm
1,13:00:19,买,99.9350,1.0,9.99,99.9372,mm
1,13:00:27,卖,99.9850,1.0,10.00,99.9794,mm
1,13:00:29,买,99.9650,1.0,10.00,99.9698,mm
1,13:00:37,卖,99.9950,1.0,10.00,99.9920,mm
1,13:00:45,买,99.9600,1.0,10.00,99.9631,mm
1,13:00:53,卖,99.9800,1.0,10.00,99.9822,mm
1,13:01:06,买,99.9650,1.0,10.00,99.9697,mm
1,13:01:27,卖,100.0050,1.0,10.00,100.0000,mm
1,13:01:37,买,100.0050,1.0,10.00,100.0105,mm
1,13:02:02,买,100.0100,1.0,10.00,100.0157,mm
1,13:02:22,卖,100.0500,1.0,10.01,100.0389,mm
1,13:02:23,卖,100.0500,1.0,10.01,100.0448,mm
1,13:02:32,买,100.0350,1.0,10.00,100.0368,mm
1,13:02:39,卖,100.0350,1.0,10.00,100.0313,mm
1,13:02:52,买,99.9850,1.0,10.00,99.9877,mm
1,13:02:57,买,99.9700,1.0,10.00,99.9739,mm
1,13:02:58,卖,99.9850,1.0,10.00,99.9829,mm
1,13:03:01,卖,99.9900,1.0,10.00,99.9857,mm
1,13:03:15,买,99.9750,1.0,10.00,99.9810,mm
1,13:03:17,卖,99.9900,1.0,10.00,99.9839,mm
1,13:03:42,买,99.9950,1.0,10.00,99.9985,mm
1,13:03:43,卖,100.0150,1.0,10.00,100.0054,mm
1,13:03:44,买,99.9950,1.0,10.00,99.9993,mm
1,13:04:12,买,100.0100,1.0,10.00,100.0149,mm
1,13:04:13,卖,100.0250,1.0,10.00,100.0286,mm
1,13:04:14,买,100.0150,1.0,10.00,100.0189,mm
1,13:04:20,卖,100.0200,1.0,10.00,100.0231,mm
1,13:04:29,买,100.0400,1.0,10.00,100.0427,mm
1,13:04:43,卖,100.0400,1.0,10.00,100.0365,mm
1,13:04:51,卖,100.0400,1.0,10.00,100.0344,mm
1,13:05:10,买,100.0550,1.0,10.01,100.0558,mm
1,13:05:12,买,100.0350,1.0,10.00,100.0371,mm
1,13:05:14,卖,100.0450,1.0,10.00,100.0400,mm
1,13:05:42,卖,100.0100,1.0,10.00,100.0051,mm
1,13:05:47,卖,100.0350,1.0,10.00,100.0249,mm
1,13:05:51,买,100.0100,1.0,10.00,100.0131,mm
1,13:05:52,卖,100.0350,1.0,10.00,100.0354,mm
1,13:05:53,买,100.0300,1.0,10.00,100.0341,mm
1,13:06:07,买,100.0250,1.0,10.00,100.0292,mm
1,13:06:14,买,100.0350,1.0,10.00,100.0408,mm
1,13:06:19,卖,100.0500,1.0,10.01,100.0465,mm
1,13:06:21,买,100.0300,1.0,10.00,100.0294,mm
1,13:06:23,卖,100.0400,1.0,10.00,100.0375,mm
1,13:06:25,卖,100.0450,1.0,10.00,100.0388,mm
1,13:06:27,买,100.0200,1.0,10.00,100.0246,mm
1,13:06:55,买,99.9800,1.0,10.00,99.9840,mm
1,13:07:36,卖,99.9150,1.0,9.99,99.9080,mm
1,13:07:44,买,99.8750,1.0,9.99,99.8785,mm
1,13:07:48,买,99.8700,1.0,9.99,99.8720,mm
1,13:07:50,卖,99.8750,1.0,9.99,99.8749,mm
1,13:07:51,卖,99.8850,1.0,9.99,99.8741,mm
1,13:08:04,买,99.8650,1.0,9.99,99.8704,mm
1,13:08:05,卖,99.8800,1.0,9.99,99.8756,mm
1,13:08:09,卖,99.8850,1.0,9.99,99.8796,mm
1,13:08:12,买,99.8750,1.0,9.99,99.8808,mm
1,13:08:18,卖,99.9000,1.0,9.99,99.8950,mm
1,13:08:24,买,99.8850,1.0,9.99,99.8910,mm
1,13:08:32,卖,99.9200,1.0,9.99,99.9138,mm
1,13:08:58,买,99.9550,1.0,10.00,99.9595,mm
1,13:09:01,买,99.9350,1.0,9.99,99.9371,mm
1,13:09:49,卖,100.0100,1.0,10.00,100.0047,mm
1,13:09:50,卖,100.0200,1.0,10.00,100.0104,mm
1,13:09:56,买,100.0000,1.0,10.00,100.0049,mm
1,13:09:57,卖,100.0250,1.0,10.00,100.0188,mm
1,13:10:09,买,99.9600,1.0,10.00,99.9656,mm
1,13:10:30,买,99.9050,1.0,9.99,99.9055,mm
1,13:10:51,卖,99.9100,1.0,9.99,99.9044,mm
1,13:10:54,买,99.8850,1.0,9.99,99.8891,mm
1,13:10:59,买,99.8700,1.0,9.99,99.8739,mm
1,13:11:12,卖,99.8550,1.0,9.99,99.8496,mm
1,13:11:18,卖,99.8800,1.0,9.99,99.8754,mm
1,13:11:46,卖,99.9100,1.0,9.99,99.8970,mm
1,13:11:49,买,99.8850,1.0,9.99,99.8842,mm
1,13:11:50,买,99.8700,1.0,9.99,99.8718,mm
1,13:11:55,卖,99.8950,1.0,9.99,99.8900,mm
1,13:12:00,卖,99.9100,1.0,9.99,99.9039,mm
1,13:12:03,买,99.9050,1.0,9.99,99.9040,mm
1,13:12:07,买,99.9000,1.0,9.99,99.9054,mm
1,13:12:17,卖,99.9300,1.0,9.99,99.9245,mm
1,13:12:22,卖,99.9600,1.0,10.00,99.9532,mm
1,13:12:26,买,99.9600,1.0,10.00,99.9632,mm
1,13:12:34,卖,99.9700,1.0,10.00,99.9603,mm
1,13:12:35,买,99.9500,1.0,10.00,99.9533,mm
1,13:12:40,买,99.9300,1.0,9.99,99.9290,mm
1,13:12:41,卖,99.9450,1.0,9.99,99.9454,mm
1,13:12:50,卖,99.9800,1.0,10.00,99.9721,mm
1,13:12:53,卖,99.9950,1.0,10.00,99.9891,mm
1,13:12:57,买,99.9600,1.0,10.00,99.9593,mm
1,13:13:00,买,99.9600,1.0,10.00,99.9608,mm
1,13:13:08,买,99.9500,1.0,10.00,99.9463,mm
1,13:13:16,卖,99.9600,1.0,10.00,99.9560,mm
1,13:13:16,买,99.9400,1.0,9.99,99.9528,mm
1,13:13:43,卖,99.9750,1.0,10.00,99.9679,mm
1,13:13:55,买,99.9600,1.0,10.00,99.9628,mm
1,13:14:09,卖,99.9550,1.0,10.00,99.9420,mm
1,13:14:10,卖,99.9550,1.0,10.00,99.9470,mm
1,13:14:16,卖,99.9650,1.0,10.00,99.9591,mm
1,13:14:18,买,99.9600,1.0,10.00,99.9658,mm
1,13:14:20,买,99.9550,1.0,10.00,99.9612,mm
1,13:14:39,卖,99.9600,1.0,10.00,99.9538,mm
1,13:14:43,买,99.9500,1.0,10.00,99.9557,mm
1,13:14:50,买,99.9450,1.0,9.99,99.9473,mm
1,13:14:54,卖,99.9500,1.0,10.00,99.9438,mm
1,13:14:55,买,99.9300,1.0,9.99,99.9317,mm
1,13:15:05,卖,99.9200,1.0,9.99,99.9131,mm
1,13:15:05,卖,99.9250,1.0,9.99,99.9201,mm
1,13:15:26,买,99.9550,1.0,10.00,99.9593,mm
1,13:15:38,买,99.9350,1.0,9.99,99.9408,mm
1,13:15:54,卖,99.9600,1.0,10.00,99.9586,mm
1,13:16:10,买,99.9400,1.0,9.99,99.9461,mm
1,13:16:36,卖,99.9300,1.0,9.99,99.9289,mm
1,13:16:38,卖,99.9400,1.0,9.99,99.9300,mm
1,13:16:40,买,99.9150,1.0,9.99,99.9163,mm
1,13:16:42,卖,99.9250,1.0,9.99,99.9211,mm
1,13:16:47,买,99.9050,1.0,9.99,99.9039,mm
1,13:16:59,买,99.8700,1.0,9.99,99.8747,mm
1,13:17:01,卖,99.8850,1.0,9.99,99.8899,mm
1,13:17:23,卖,99.8800,1.0,9.99,99.8708,mm
1,13:17:48,买,99.8800,1.0,9.99,99.8792,mm
1,13:18:01,买,99.8800,1.0,9.99,99.8849,mm
1,13:18:32,卖,99.8800,1.0,9.99,99.8787,mm
1,13:18:38,卖,99.8950,1.0,9.99,99.8970,mm
1,13:18:39,买,99.8900,1.0,9.99,99.8864,mm
1,13:19:16,买,99.8750,1.0,9.99,99.8738,mm
1,13:19:28,卖,99.8650,1.0,9.99,99.8698,mm
1,13:19:29,买,99.8550,1.0,9.99,99.8601,mm
1,13:20:03,卖,99.8500,1.0,9.99,99.8421,mm
1,13:20:09,买,99.8050,1.0,9.98,99.8002,mm
1,13:20:36,卖,99.8050,1.0,9.98,99.7956,mm
1,13:20:52,买,99.8050,1.0,9.98,99.8132,mm
1,13:20:55,买,99.8000,1.0,9.98,99.8153,mm
1,13:20:57,卖,99.8250,1.0,9.98,99.8224,mm
1,13:21:30,卖,99.8000,1.0,9.98,99.7967,mm
1,13:21:32,卖,99.8050,1.0,9.98,99.7988,mm
1,13:21:34,买,99.7800,1.0,9.98,99.7814,mm
1,13:22:03,买,99.7750,1.0,9.98,99.7899,mm
1,13:22:04,买,99.7750,1.0,9.98,99.7897,mm
1,13:22:12,卖,99.7900,1.0,9.98,99.7828,mm
1,13:22:17,卖,99.8050,1.0,9.98,99.8076,mm
1,13:22:20,买,99.8000,1.0,9.98,99.8033,mm
1,13:22:25,卖,99.8150,1.0,9.98,99.8134,mm
1,13:22:30,卖,99.8300,1.0,9.98,99.8264,mm
1,13:22:43,买,99.8250,1.0,9.98,99.8267,mm
1,13:22:50,买,99.8250,1.0,9.98,99.8341,mm
1,13:22:55,卖,99.8400,1.0,9.98,99.8266,mm
1,13:23:33,买,99.7950,1.0,9.98,99.7994,mm
1,13:23:36,卖,99.7900,1.0,9.98,99.7905,mm
1,13:23:45,买,99.7800,1.0,9.98,99.7850,mm
1,13:23:55,买,99.7650,1.0,9.98,99.7708,mm
1,13:23:56,卖,99.7800,1.0,9.98,99.7801,mm
1,13:23:57,卖,99.7850,1.0,9.98,99.7808,mm
1,13:24:00,卖,99.7950,1.0,9.98,99.7915,mm
1,13:24:02,买,99.7800,1.0,9.98,99.7794,mm
1,13:24:23,卖,99.8000,1.0,9.98,99.7977,mm
1,13:24:32,买,99.8000,1.0,9.98,99.8043,mm
1,13:24:36,卖,99.8100,1.0,9.98,99.8042,mm
1,13:24:54,买,99.8150,1.0,9.98,99.8148,mm
1,13:25:01,买,99.8100,1.0,9.98,99.8095,mm
1,13:25:20,卖,99.8050,1.0,9.98,99.8040,mm
1,13:25:28,卖,99.8250,1.0,9.98,99.8158,mm
1,13:25:47,买,99.8350,1.0,9.98,99.8446,mm
1,13:25:50,买,99.8350,1.0,9.98,99.8496,mm
1,13:25:52,卖,99.8600,1.0,9.99,99.8571,mm
1,13:25:53,买,99.8350,1.0,9.98,99.8545,mm
1,13:26:00,买,99.8350,1.0,9.98,99.8522,mm
1,13:26:03,买,99.8250,1.0,9.98,99.8408,mm
1,13:26:06,卖,99.8550,1.0,9.99,99.8598,mm
1,13:26:09,买,99.8400,1.0,9.98,99.8457,mm
1,13:26:15,卖,99.8600,1.0,9.99,99.8532,mm
1,13:26:32,卖,99.8350,1.0,9.98,99.8332,mm
1,13:26:36,卖,99.8500,1.0,9.99,99.8525,mm
1,13:26:37,卖,99.8700,1.0,9.99,99.8595,mm
1,13:26:41,卖,99.8800,1.0,9.99,99.8723,mm
1,13:26:42,买,99.8650,1.0,9.99,99.8643,mm
1,13:26:47,卖,99.8850,1.0,9.99,99.8792,mm
1,13:26:49,买,99.8700,1.0,9.99,99.8743,mm
1,13:26:51,买,99.8650,1.0,9.99,99.8644,mm
1,13:26:51,卖,99.8800,1.0,9.99,99.8739,mm
1,13:26:53,买,99.8650,1.0,9.99,99.8672,mm
1,13:26:53,卖,99.8800,1.0,9.99,99.8670,mm
1,13:26:56,买,99.8600,1.0,9.99,99.8662,mm
1,13:26:58,买,99.8600,1.0,9.99,99.8631,mm
1,13:27:00,卖,99.8650,1.0,9.99,99.8719,mm
1,13:27:09,买,99.8350,1.0,9.98,99.8366,mm
1,13:27:26,买,99.8300,1.0,9.98,99.8355,mm
1,13:27:28,卖,99.8550,1.0,9.99,99.8500,mm
1,13:27:34,卖,99.8600,1.0,9.99,99.8647,mm
1,13:27:38,卖,99.8800,1.0,9.99,99.8786,mm
1,13:27:52,买,99.9050,1.0,9.99,99.9089,mm
1,13:27:59,卖,99.9250,1.0,9.99,99.9131,mm
1,13:28:07,买,99.8850,1.0,9.99,99.8902,mm
1,13:28:20,卖,99.9050,1.0,9.99,99.9029,mm
1,13:28:36,买,99.8950,1.0,9.99,99.8978,mm
1,13:28:40,卖,99.9000,1.0,9.99,99.8893,mm
1,13:28:42,买,99.8800,1.0,9.99,99.8868,mm
1,13:29:46,卖,99.8350,1.0,9.98,99.8242,mm
1,13:29:58,买,99.8550,1.0,9.99,99.8610,mm
1,13:30:17,买,99.8400,1.0,9.98,99.8425,mm
1,13:30:18,卖,99.8550,1.0,9.99,99.8581,mm
1,13:30:28,卖,99.8450,1.0,9.98,99.8393,mm
1,13:30:29,买,99.8200,1.0,9.98,99.8250,mm
1,13:30:35,买,99.8200,1.0,9.98,99.8217,mm
1,13:30:41,买,99.8100,1.0,9.98,99.8116,mm
1,13:30:54,卖,99.8150,1.0,9.98,99.8119,mm
1,13:31:17,卖,99.8500,1.0,9.99,99.8459,mm
1,13:31:52,买,99.8250,1.0,9.98,99.8285,mm
1,13:32:12,卖,99.8350,1.0,9.98,99.8325,mm
1,13:32:16,买,99.8300,1.0,9.98,99.8334,mm
1,13:32:28,买,99.8450,1.0,9.98,99.8480,mm
1,13:32:50,卖,99.8200,1.0,9.98,99.8140,mm
1,13:33:20,卖,99.8350,1.0,9.98,99.8262,mm
1,13:33:21,买,99.8150,1.0,9.98,99.8178,mm
1,13:33:25,卖,99.8150,1.0,9.98,99.8127,mm
1,13:33:27,卖,99.8200,1.0,9.98,99.8157,mm
1,13:33:29,买,99.7950,1.0,9.98,99.7938,mm
1,13:33:36,卖,99.8000,1.0,9.98,99.7922,mm
1,13:33:44,买,99.7800,1.0,9.98,99.7858,mm
1,13:33:49,买,99.7950,1.0,9.98,99.7995,mm
1,13:33:51,卖,99.8000,1.0,9.98,99.7992,mm
1,13:34:02,买,99.7950,1.0,9.98,99.8012,mm
1,13:34:10,卖,99.8100,1.0,9.98,99.8049,mm
1,13:34:31,卖,99.8250,1.0,9.98,99.8224,mm
1,13:34:32,买,99.8100,1.0,9.98,99.8133,mm
1,13:34:44,买,99.8000,1.0,9.98,99.8057,mm
1,13:34:50,买,99.7950,1.0,9.98,99.7997,mm
1,13:34:51,卖,99.8100,1.0,9.98,99.8065,mm
1,13:34:56,卖,99.8000,1.0,9.98,99.7984,mm
1,13:35:04,卖,99.7850,1.0,9.98,99.7742,mm
1,13:35:33,卖,99.8750,1.0,9.99,99.8678,mm
1,13:35:52,买,99.8600,1.0,9.99,99.8651,mm
1,13:36:03,买,99.8400,1.0,9.98,99.8428,mm
1,13:36:22,买,99.7850,1.0,9.98,99.7852,mm
1,13:36:24,卖,99.7850,1.0,9.98,99.7791,mm
1,13:36:43,买,99.7700,1.0,9.98,99.7758,mm
1,13:36:48,卖,99.7850,1.0,9.98,99.7880,mm
1,13:37:02,卖,99.8100,1.0,9.98,99.8136,mm
1,13:37:05,买,99.7900,1.0,9.98,99.7961,mm
1,13:37:08,卖,99.8150,1.0,9.98,99.8098,mm
1,13:37:10,买,99.8050,1.0,9.98,99.8105,mm
1,13:37:19,卖,99.8450,1.0,9.98,99.8375,mm
1,13:37:31,买,99.8150,1.0,9.98,99.8196,mm
1,13:37:37,卖,99.8350,1.0,9.98,99.8374,mm
1,13:37:39,买,99.8250,1.0,9.98,99.8312,mm
1,13:37:46,买,99.7950,1.0,9.98,99.7951,mm
1,13:37:46,卖,99.8050,1.0,9.98,99.8095,mm
1,13:37:59,卖,99.8150,1.0,9.98,99.8044,mm
1,13:38:02,卖,99.8350,1.0,9.98,99.8389,mm
1,13:38:03,买,99.8300,1.0,9.98,99.8346,mm
1,13:38:05,买,99.8250,1.0,9.98,99.8231,mm
1,13:38:12,卖,99.8450,1.0,9.98,99.8490,mm
1,13:38:13,卖,99.8650,1.0,9.99,99.8538,mm
1,13:38:27,买,99.8550,1.0,9.99,99.8600,mm
1,13:38:54,买,99.8500,1.0,9.99,99.8554,mm
1,13:38:59,卖,99.8750,1.0,9.99,99.8717,mm
1,13:39:00,卖,99.8850,1.0,9.99,99.8853,mm
1,13:39:02,买,99.8750,1.0,9.99,99.8787,mm
1,13:39:03,卖,99.8950,1.0,9.99,99.8788,mm
1,13:39:05,买,99.8650,1.0,9.99,99.8671,mm
1,13:39:15,买,99.8500,1.0,9.99,99.8558,mm
1,13:39:17,买,99.8400,1.0,9.98,99.8398,mm
1,13:39:21,卖,99.8600,1.0,9.99,99.8519,mm
1,13:40:00,买,99.9000,1.0,9.99,99.9052,mm
1,13:40:03,卖,99.9300,1.0,9.99,99.9349,mm
1,13:40:25,买,99.9300,1.0,9.99,99.9322,mm
1,13:40:30,买,99.9200,1.0,9.99,99.9250,mm
1,13:40:38,卖,99.9450,1.0,9.99,99.9435,mm
1,13:40:57,卖,99.9100,1.0,9.99,99.9063,mm
1,13:40:59,买,99.8900,1.0,9.99,99.8913,mm
1,13:41:04,卖,99.8900,1.0,9.99,99.8827,mm
1,13:41:05,卖,99.8950,1.0,9.99,99.8928,mm
1,13:41:13,买,99.8800,1.0,9.99,99.8807,mm
1,13:41:31,买,99.8800,1.0,9.99,99.8862,mm
1,13:41:32,卖,99.9000,1.0,9.99,99.8899,mm
1,13:41:34,买,99.8750,1.0,9.99,99.8773,mm
1,13:41:45,卖,99.8850,1.0,9.99,99.8813,mm
1,13:41:49,买,99.8750,1.0,9.99,99.8737,mm
1,13:41:57,卖,99.8850,1.0,9.99,99.8902,mm
1,13:42:03,买,99.8900,1.0,9.99,99.8946,mm
1,13:42:07,卖,99.8950,1.0,9.99,99.8890,mm
1,13:42:09,买,99.8850,1.0,9.99,99.8894,mm
1,13:42:12,卖,99.8900,1.0,9.99,99.8857,mm
1,13:42:26,买,99.8650,1.0,9.99,99.8692,mm
1,13:42:32,卖,99.8800,1.0,9.99,99.8763,mm
1,13:42:33,卖,99.8850,1.0,9.99,99.8832,mm
1,13:42:35,买,99.8800,1.0,9.99,99.8846,mm
1,13:42:37,买,99.8850,1.0,9.99,99.8860,mm
1,13:43:00,卖,99.9150,1.0,9.99,99.9113,mm
1,13:43:06,买,99.9050,1.0,9.99,99.9104,mm
1,13:43:08,卖,99.9250,1.0,9.99,99.9172,mm
1,13:43:12,买,99.9000,1.0,9.99,99.9049,mm
1,13:43:32,卖,99.9000,1.0,9.99,99.8997,mm
1,13:43:36,买,99.8800,1.0,9.99,99.8859,mm
1,13:44:16,买,99.8700,1.0,9.99,99.8740,mm
1,13:44:32,卖,99.8700,1.0,9.99,99.8556,mm
1,13:44:58,买,99.8350,1.0,9.98,99.8402,mm
1,13:45:10,买,99.8150,1.0,9.98,99.8275,mm
1,13:45:17,卖,99.8150,1.0,9.98,99.8101,mm
1,13:45:18,卖,99.8150,1.0,9.98,99.8124,mm
1,13:45:22,买,99.7900,1.0,9.98,99.7925,mm
1,13:45:29,卖,99.7850,1.0,9.98,99.7873,mm
1,13:45:34,卖,99.7950,1.0,9.98,99.7897,mm
1,13:45:40,买,99.8000,1.0,9.98,99.8059,mm
1,13:45:45,买,99.7850,1.0,9.98,99.7823,mm
1,13:45:48,卖,99.7950,1.0,9.98,99.7942,mm
1,13:46:00,卖,99.8250,1.0,9.98,99.8196,mm
1,13:46:01,卖,99.8350,1.0,9.98,99.8241,mm
1,13:46:21,买,99.8400,1.0,9.98,99.8452,mm
1,13:46:37,卖,99.8850,1.0,9.99,99.8791,mm
1,13:46:49,买,99.8800,1.0,9.99,99.8861,mm
1,13:47:02,买,99.8850,1.0,9.99,99.8911,mm
1,13:47:06,卖,99.8900,1.0,9.99,99.8877,mm
1,13:47:07,卖,99.9000,1.0,9.99,99.8947,mm
1,13:47:12,买,99.8850,1.0,9.99,99.8833,mm
1,13:47:13,买,99.8700,1.0,9.99,99.8728,mm
1,13:47:24,卖,99.8800,1.0,9.99,99.8731,mm
1,13:47:55,买,99.8500,1.0,9.99,99.8501,mm
1,13:48:04,卖,99.8550,1.0,9.99,99.8499,mm
1,13:48:06,买,99.8450,1.0,9.98,99.8441,mm
1,13:48:16,卖,99.8450,1.0,9.98,99.8403,mm
1,13:48:17,买,99.8350,1.0,9.98,99.8390,mm
1,13:48:28,卖,99.8250,1.0,9.98,99.8197,mm
1,13:48:37,买,99.8050,1.0,9.98,99.8152,mm
1,13:48:38,买,99.8000,1.0,9.98,99.8044,mm
1,13:48:42,卖,99.8000,1.0,9.98,99.7945,mm
1,13:48:51,卖,99.7950,1.0,9.98,99.7969,mm
1,13:49:14,卖,99.8650,1.0,9.99,99.8535,mm
1,13:49:15,买,99.8400,1.0,9.98,99.8443,mm
1,13:49:27,卖,99.8300,1.0,9.98,99.8233,mm
1,13:49:33,买,99.8050,1.0,9.98,99.8088,mm
1,13:49:42,买,99.7950,1.0,9.98,99.8007,mm
1,13:49:48,买,99.7850,1.0,9.98,99.7883,mm
1,13:50:06,卖,99.8000,1.0,9.98,99.7970,mm
1,13:50:14,卖,99.8100,1.0,9.98,99.8131,mm
1,13:50:22,买,99.8050,1.0,9.98,99.8108,mm
1,13:50:27,卖,99.8400,1.0,9.98,99.8324,mm
1,13:50:29,买,99.8250,1.0,9.98,99.8308,mm
1,13:51:06,买,99.8150,1.0,9.98,99.8118,mm
1,13:51:17,买,99.7700,1.0,9.98,99.7735,mm
1,13:51:23,卖,99.7600,1.0,9.98,99.7479,mm
1,13:51:34,卖,99.7600,1.0,9.98,99.7577,mm
1,13:51:39,买,99.7450,1.0,9.97,99.7497,mm
1,13:51:42,卖,99.7650,1.0,9.98,99.7588,mm
1,13:51:50,卖,99.7950,1.0,9.98,99.7862,mm
1,13:52:01,卖,99.7750,1.0,9.98,99.7725,mm
1,13:52:04,卖,99.7950,1.0,9.98,99.7871,mm
1,13:52:05,买,99.7800,1.0,9.98,99.7862,mm
1,13:52:06,买,99.7750,1.0,9.98,99.7798,mm
1,13:52:09,买,99.7650,1.0,9.98,99.7706,mm
1,13:52:43,卖,99.7400,1.0,9.97,99.7339,mm
1,13:52:57,买,99.7400,1.0,9.97,99.7484,mm
1,13:52:58,买,99.7350,1.0,9.97,99.7374,mm
1,13:53:03,卖,99.7450,1.0,9.97,99.7458,mm
1,13:53:04,卖,99.7600,1.0,9.98,99.7565,mm
1,13:53:27,买,99.7000,1.0,9.97,99.7012,mm
1,13:53:49,买,99.6350,1.0,9.96,99.6376,mm
1,13:53:52,卖,99.6450,1.0,9.96,99.6412,mm
1,13:54:02,卖,99.6350,1.0,9.96,99.6293,mm
1,13:54:44,卖,99.6700,1.0,9.97,99.6641,mm
1,13:54:52,买,99.6400,1.0,9.96,99.6418,mm
1,13:54:53,卖,99.6550,1.0,9.97,99.6495,mm
1,13:54:56,买,99.6350,1.0,9.96,99.6387,mm
1,13:55:04,买,99.6250,1.0,9.96,99.6279,mm
1,13:55:18,买,99.6250,1.0,9.96,99.6300,mm
1,13:55:23,卖,99.6350,1.0,9.96,99.6364,mm
1,13:55:25,买,99.6200,1.0,9.96,99.6253,mm
1,13:55:33,卖,99.6100,1.0,9.96,99.6057,mm
1,13:56:08,卖,99.5550,1.0,9.96,99.5496,mm
1,13:56:10,买,99.5400,1.0,9.95,99.5462,mm
1,13:56:12,买,99.5350,1.0,9.95,99.5398,mm
1,13:56:18,卖,99.5450,1.0,9.95,99.5378,mm
1,13:56:25,卖,99.5450,1.0,9.95,99.5398,mm
1,13:56:31,卖,99.5550,1.0,9.96,99.5515,mm
1,13:56:33,卖,99.5650,1.0,9.96,99.5441,mm
1,13:56:38,买,99.5150,1.0,9.95,99.5211,mm
1,13:56:40,买,99.5100,1.0,9.95,99.5124,mm
1,13:56:43,买,99.5000,1.0,9.95,99.5048,mm
1,13:56:49,卖,99.5150,1.0,9.95,99.5171,mm
1,13:57:00,买,99.5000,1.0,9.95,99.5029,mm
1,13:57:01,卖,99.5150,1.0,9.95,99.5013,mm
1,13:57:06,卖,99.5250,1.0,9.95,99.5280,mm
1,13:57:21,买,99.5150,1.0,9.95,99.5194,mm
1,13:57:27,买,99.5150,1.0,9.95,99.5199,mm
1,13:57:31,卖,99.5150,1.0,9.95,99.5109,mm
1,13:57:58,买,99.5050,1.0,9.95,99.5079,mm
1,13:58:04,买,99.5050,1.0,9.95,99.5087,mm
1,13:58:05,卖,99.5200,1.0,9.95,99.5164,mm
1,13:58:13,买,99.5000,1.0,9.95,99.5058,mm
1,13:58:15,卖,99.5200,1.0,9.95,99.5143,mm
1,13:58:18,买,99.4900,1.0,9.95,99.4958,mm
1,13:58:23,卖,99.5150,1.0,9.95,99.5096,mm
1,13:58:32,卖,99.5450,1.0,9.95,99.5388,mm
1,13:58:44,卖,99.5600,1.0,9.96,99.5564,mm
1,13:58:53,买,99.5300,1.0,9.95,99.5359,mm
1,13:58:58,卖,99.5400,1.0,9.95,99.5343,mm
1,13:59:04,买,99.5250,1.0,9.95,99.5300,mm
1,13:59:14,卖,99.5450,1.0,9.95,99.5410,mm
1,13:59:21,买,99.5350,1.0,9.95,99.5346,mm
1,13:59:24,买,99.5300,1.0,9.95,99.5335,mm
1,13:59:26,卖,99.5450,1.0,9.95,99.5474,mm
1,13:59:31,卖,99.5650,1.0,9.96,99.5544,mm
1,13:59:37,买,99.5600,1.0,9.96,99.5653,mm
1,13:59:45,买,99.5450,1.0,9.95,99.5495,mm
1,14:00:02,买,99.5400,1.0,9.95,99.5457,mm
1,14:00:06,卖,99.5450,1.0,9.95,99.5435,mm
1,14:00:12,买,99.5450,1.0,9.95,99.5433,mm
1,14:00:16,卖,99.5550,1.0,9.96,99.5503,mm
1,14:00:20,买,99.5450,1.0,9.95,99.5504,mm
1,14:00:29,卖,99.5500,1.0,9.96,99.5464,mm
1,14:00:31,买,99.5300,1.0,9.95,99.5353,mm
1,14:00:33,卖,99.5400,1.0,9.95,99.5331,mm
1,14:00:48,卖,99.5250,1.0,9.95,99.5268,mm
1,14:00:49,买,99.5150,1.0,9.95,99.5205,mm
1,14:00:50,卖,99.5300,1.0,9.95,99.5342,mm
1,14:01:00,卖,99.5600,1.0,9.96,99.5543,mm
1,14:01:04,买,99.5500,1.0,9.96,99.5542,mm
1,14:01:06,卖,99.5700,1.0,9.96,99.5647,mm
1,14:01:10,买,99.5400,1.0,9.95,99.5452,mm
1,14:01:13,卖,99.5550,1.0,9.96,99.5459,mm
1,14:01:15,买,99.5300,1.0,9.95,99.5352,mm
1,14:01:18,买,99.5200,1.0,9.95,99.5247,mm
1,14:01:36,卖,99.5250,1.0,9.95,99.5146,mm
1,14:01:46,买,99.5100,1.0,9.95,99.5155,mm
1,14:01:47,卖,99.5250,1.0,9.95,99.5231,mm
1,14:01:49,买,99.4950,1.0,9.95,99.4930,mm
1,14:01:53,卖,99.5050,1.0,9.95,99.5022,mm
1,14:02:15,卖,99.5500,1.0,9.96,99.5478,mm
1,14:02:18,买,99.5350,1.0,9.95,99.5391,mm
1,14:02:28,卖,99.5500,1.0,9.96,99.5427,mm
1,14:02:34,买,99.5400,1.0,9.95,99.5382,mm
1,14:02:42,买,99.5250,1.0,9.95,99.5254,mm
1,14:02:47,卖,99.5400,1.0,9.95,99.5346,mm
1,14:02:53,买,99.5100,1.0,9.95,99.5129,mm
1,14:03:09,买,99.5050,1.0,9.95,99.5197,mm
1,14:03:10,买,99.5050,1.0,9.95,99.5163,mm
1,14:03:20,卖,99.5350,1.0,9.95,99.5340,mm
1,14:03:21,卖,99.5450,1.0,9.95,99.5455,mm
1,14:03:27,卖,99.5450,1.0,9.95,99.5394,mm
1,14:03:33,买,99.5450,1.0,9.95,99.5457,mm
1,14:03:35,买,99.5350,1.0,9.95,99.5289,mm
1,14:03:37,卖,99.5350,1.0,9.95,99.5303,mm
1,14:03:57,卖,99.5450,1.0,9.95,99.5416,mm
1,14:03:58,买,99.5300,1.0,9.95,99.5313,mm
1,14:04:02,卖,99.5400,1.0,9.95,99.5307,mm
1,14:04:06,买,99.5050,1.0,9.95,99.5023,mm
1,14:04:12,卖,99.5200,1.0,9.95,99.5173,mm
1,14:04:26,卖,99.5400,1.0,9.95,99.5418,mm
1,14:04:28,买,99.5400,1.0,9.95,99.5421,mm
1,14:04:43,卖,99.5550,1.0,9.96,99.5500,mm
1,14:04:47,买,99.5450,1.0,9.95,99.5500,mm
1,14:05:24,买,99.5300,1.0,9.95,99.5352,mm
1,14:05:43,买,99.5150,1.0,9.95,99.5157,mm
1,14:05:53,卖,99.5200,1.0,9.95,99.5181,mm
1,14:06:01,买,99.4900,1.0,9.95,99.4952,mm
1,14:06:09,卖,99.5300,1.0,9.95,99.5244,mm
1,14:06:23,卖,99.5350,1.0,9.95,99.5240,mm
1,14:06:24,卖,99.5350,1.0,9.95,99.5234,mm
1,14:06:26,卖,99.5400,1.0,9.95,99.5350,mm
1,14:06:54,买,99.5200,1.0,9.95,99.5310,mm
1,14:07:10,卖,99.6050,1.0,9.96,99.6010,mm
1,14:07:25,卖,99.6350,1.0,9.96,99.6266,mm
1,14:07:26,买,99.6200,1.0,9.96,99.6232,mm
1,14:07:28,买,99.6150,1.0,9.96,99.6170,mm
1,14:07:29,买,99.6150,1.0,9.96,99.6186,mm
1,14:07:38,卖,99.6500,1.0,9.97,99.6359,mm
1,14:07:38,卖,99.6500,1.0,9.97,99.6358,mm
1,14:07:40,买,99.6150,1.0,9.96,99.6190,mm
1,14:07:48,买,99.6100,1.0,9.96,99.6125,mm
1,14:07:51,买,99.5900,1.0,9.96,99.5937,mm
1,14:07:53,卖,99.6050,1.0,9.96,99.6009,mm
1,14:08:05,买,99.5900,1.0,9.96,99.5897,mm
1,14:08:06,卖,99.6000,1.0,9.96,99.5890,mm
1,14:08:11,卖,99.6100,1.0,9.96,99.6049,mm
1,14:08:13,买,99.5900,1.0,9.96,99.5820,mm
1,14:08:14,买,99.5700,1.0,9.96,99.5736,mm
1,14:08:23,卖,99.5900,1.0,9.96,99.5867,mm
1,14:08:24,卖,99.6000,1.0,9.96,99.5889,mm
1,14:08:26,买,99.5750,1.0,9.96,99.5809,mm
1,14:08:29,买,99.5750,1.0,9.96,99.5757,mm
1,14:08:48,买,99.5400,1.0,9.95,99.5451,mm
1,14:08:49,买,99.5300,1.0,9.95,99.5361,mm
1,14:08:52,卖,99.5450,1.0,9.95,99.5402,mm
1,14:08:54,卖,99.5450,1.0,9.95,99.5397,mm
1,14:09:03,卖,99.5550,1.0,9.96,99.5529,mm
1,14:09:07,买,99.5550,1.0,9.96,99.5615,mm
1,14:09:19,买,99.5550,1.0,9.96,99.5610,mm
1,14:09:27,卖,99.5750,1.0,9.96,99.5713,mm
1,14:09:30,卖,99.5800,1.0,9.96,99.5786,mm
1,14:09:36,卖,99.5800,1.0,9.96,99.5799,mm
1,14:09:47,买,99.5750,1.0,9.96,99.5789,mm
1,14:09:48,卖,99.5900,1.0,9.96,99.5869,mm
1,14:09:59,买,99.6050,1.0,9.96,99.6111,mm
1,14:10:08,买,99.5800,1.0,9.96,99.5856,mm
1,14:10:18,卖,99.5800,1.0,9.96,99.5780,mm
1,14:10:22,卖,99.5750,1.0,9.96,99.5739,mm
1,14:10:24,卖,99.5900,1.0,9.96,99.5822,mm
1,14:10:30,卖,99.6050,1.0,9.96,99.5989,mm
1,14:10:32,买,99.5950,1.0,9.96,99.5958,mm
1,14:10:40,买,99.5650,1.0,9.96,99.5686,mm
1,14:10:55,买,99.5450,1.0,9.95,99.5498,mm
1,14:11:05,卖,99.5350,1.0,9.95,99.5266,mm
1,14:11:08,买,99.5250,1.0,9.95,99.5283,mm
1,14:11:27,买,99.5400,1.0,9.95,99.5431,mm
1,14:11:38,卖,99.5500,1.0,9.96,99.5460,mm
1,14:11:43,卖,99.5650,1.0,9.96,99.5628,mm
1,14:11:54,买,99.5700,1.0,9.96,99.5762,mm
1,14:11:59,卖,99.6050,1.0,9.96,99.5993,mm
1,14:12:06,买,99.5700,1.0,9.96,99.5740,mm
1,14:12:13,买,99.5750,1.0,9.96,99.5850,mm
1,14:12:16,卖,99.6050,1.0,9.96,99.6017,mm
1,14:12:39,卖,99.5900,1.0,9.96,99.5811,mm
1,14:12:46,买,99.5300,1.0,9.95,99.5284,mm
1,14:12:49,买,99.5050,1.0,9.95,99.5089,mm
1,14:12:52,买,99.4950,1.0,9.95,99.4977,mm
1,14:13:01,卖,99.5150,1.0,9.95,99.5115,mm
1,14:13:02,买,99.5000,1.0,9.95,99.5096,mm
1,14:13:14,卖,99.4850,1.0,9.95,99.4815,mm
1,14:13:27,买,99.4650,1.0,9.95,99.4682,mm
1,14:13:55,卖,99.4400,1.0,9.94,99.4409,mm
1,14:13:58,卖,99.4450,1.0,9.94,99.4429,mm
1,14:14:01,买,99.4300,1.0,9.94,99.4258,mm
1,14:14:02,买,99.4150,1.0,9.94,99.4125,mm
1,14:14:08,卖,99.4250,1.0,9.94,99.4119,mm
1,14:14:15,卖,99.4400,1.0,9.94,99.4357,mm
1,14:14:25,卖,99.4650,1.0,9.95,99.4690,mm
1,14:14:35,买,99.4750,1.0,9.95,99.4753,mm
1,14:14:56,买,99.4700,1.0,9.95,99.4756,mm
1,14:14:58,卖,99.4900,1.0,9.95,99.4845,mm
1,14:15:05,买,99.4750,1.0,9.95,99.4747,mm
1,14:15:29,买,99.4850,1.0,9.95,99.4895,mm
1,14:15:33,卖,99.5000,1.0,9.95,99.4963,mm
1,14:15:36,卖,99.5100,1.0,9.95,99.5012,mm
1,14:15:49,买,99.4800,1.0,9.95,99.4818,mm
1,14:15:52,卖,99.5000,1.0,9.95,99.4939,mm
1,14:16:13,买,99.4800,1.0,9.95,99.4846,mm
1,14:16:24,买,99.4800,1.0,9.95,99.4798,mm
1,14:16:24,买,99.4650,1.0,9.95,99.4691,mm
1,14:16:38,卖,99.4850,1.0,9.95,99.4861,mm
1,14:16:51,卖,99.5100,1.0,9.95,99.5085,mm
1,14:17:06,买,99.5100,1.0,9.95,99.5140,mm
1,14:17:12,卖,99.5450,1.0,9.95,99.5402,mm
1,14:17:18,买,99.5150,1.0,9.95,99.5124,mm
1,14:17:25,卖,99.5200,1.0,9.95,99.5184,mm
1,14:17:27,卖,99.5300,1.0,9.95,99.5267,mm
1,14:17:32,卖,99.5400,1.0,9.95,99.5367,mm
1,14:17:43,买,99.5100,1.0,9.95,99.5142,mm
1,14:17:46,买,99.4900,1.0,9.95,99.4914,mm
1,14:17:51,买,99.4550,1.0,9.95,99.4593,mm
1,14:18:09,卖,99.4500,1.0,9.95,99.4547,mm
1,14:18:12,卖,99.4650,1.0,9.95,99.4611,mm
1,14:18:13,卖,99.4750,1.0,9.95,99.4690,mm
1,14:18:14,卖,99.4850,1.0,9.95,99.4806,mm
1,14:18:28,买,99.4850,1.0,9.95,99.4898,mm
1,14:18:36,卖,99.5050,1.0,9.95,99.4991,mm
1,14:18:41,买,99.5000,1.0,9.95,99.5012,mm
1,14:18:53,卖,99.5250,1.0,9.95,99.5253,mm
1,14:18:56,卖,99.5450,1.0,9.95,99.5398,mm
1,14:18:57,卖,99.5550,1.0,9.96,99.5494,mm
1,14:18:58,买,99.5400,1.0,9.95,99.5411,mm
1,14:19:04,卖,99.5750,1.0,9.96,99.5717,mm
1,14:19:06,买,99.5600,1.0,9.96,99.5597,mm
1,14:19:08,买,99.5450,1.0,9.95,99.5444,mm
1,14:19:10,买,99.5400,1.0,9.95,99.5402,mm
1,14:19:14,买,99.5300,1.0,9.95,99.5346,mm
1,14:19:15,买,99.5200,1.0,9.95,99.5260,mm
1,14:19:17,卖,99.5300,1.0,9.95,99.5239,mm
1,14:19:28,买,99.4800,1.0,9.95,99.4831,mm
1,14:19:58,买,99.4400,1.0,9.94,99.4433,mm
1,14:20:02,卖,99.4600,1.0,9.95,99.4568,mm
1,14:20:05,卖,99.4800,1.0,9.95,99.4763,mm
1,14:20:34,卖,99.4750,1.0,9.95,99.4734,mm
1,14:20:40,买,99.4600,1.0,9.95,99.4627,mm
1,14:20:43,买,99.4450,1.0,9.94,99.4468,mm
1,14:20:44,卖,99.4650,1.0,9.95,99.4621,mm
1,14:20:51,买,99.4500,1.0,9.95,99.4560,mm
1,14:20:59,卖,99.4650,1.0,9.95,99.4776,mm
1,14:21:05,卖,99.4850,1.0,9.95,99.4813,mm
1,14:21:22,买,99.4700,1.0,9.95,99.4705,mm
1,14:21:24,买,99.4600,1.0,9.95,99.4597,mm
1,14:21:32,卖,99.4800,1.0,9.95,99.4787,mm
1,14:21:35,买,99.4700,1.0,9.95,99.4759,mm
1,14:21:49,买,99.4250,1.0,9.94,99.4302,mm
1,14:22:03,卖,99.4150,1.0,9.94,99.4070,mm
1,14:22:21,卖,99.4050,1.0,9.94,99.4026,mm
1,14:22:22,卖,99.4150,1.0,9.94,99.4094,mm
1,14:22:36,卖,99.4200,1.0,9.94,99.4196,mm
1,14:22:39,买,99.4000,1.0,9.94,99.4050,mm
1,14:22:49,卖,99.4100,1.0,9.94,99.3927,mm
1,14:22:49,卖,99.4100,1.0,9.94,99.3925,mm
1,14:22:52,买,99.3750,1.0,9.94,99.3778,mm
1,14:23:14,买,99.3900,1.0,9.94,99.3809,mm
1,14:23:27,买,99.3900,1.0,9.94,99.3956,mm
1,14:23:32,买,99.3900,1.0,9.94,99.3857,mm
1,14:23:39,卖,99.3600,1.0,9.94,99.3638,mm
1,14:23:40,买,99.3500,1.0,9.94,99.3547,mm
1,14:23:44,买,99.3300,1.0,9.93,99.3325,mm
1,14:23:52,买,99.3150,1.0,9.93,99.3182,mm
1,14:24:00,卖,99.3250,1.0,9.93,99.3193,mm
1,14:24:05,卖,99.2900,1.0,9.93,99.2910,mm
1,14:24:09,卖,99.3150,1.0,9.93,99.3117,mm
1,14:24:16,买,99.3200,1.0,9.93,99.3170,mm
1,14:24:29,卖,99.3600,1.0,9.94,99.3578,mm
1,14:24:33,卖,99.3750,1.0,9.94,99.3698,mm
1,14:24:37,买,99.3550,1.0,9.94,99.3599,mm
1,14:24:38,买,99.3450,1.0,9.93,99.3459,mm
1,14:24:49,卖,99.3350,1.0,9.93,99.3254,mm
1,14:25:05,买,99.2800,1.0,9.93,99.2819,mm
1,14:25:08,买,99.2700,1.0,9.93,99.2739,mm
1,14:25:18,买,99.2350,1.0,9.92,99.2344,mm
1,14:25:37,卖,99.2200,1.0,9.92,99.2158,mm
1,14:25:38,卖,99.2350,1.0,9.92,99.2302,mm
1,14:25:40,卖,99.2400,1.0,9.92,99.2441,mm
1,14:25:40,买,99.2300,1.0,9.92,99.2345,mm
1,14:25:43,买,99.2200,1.0,9.92,99.2253,mm
1,14:25:58,卖,99.2800,1.0,9.93,99.2765,mm
1,14:26:31,卖,99.2400,1.0,9.92,99.2339,mm
1,14:26:36,买,99.2200,1.0,9.92,99.2256,mm
1,14:26:41,卖,99.2300,1.0,9.92,99.2249,mm
1,14:27:03,卖,99.2450,1.0,9.92,99.2392,mm
1,14:27:15,买,99.2400,1.0,9.92,99.2404,mm
1,14:27:19,买,99.2400,1.0,9.92,99.2419,mm
1,14:27:48,卖,99.2900,1.0,9.93,99.2778,mm
1,14:27:48,卖,99.2900,1.0,9.93,99.2836,mm
1,14:28:02,买,99.2900,1.0,9.93,99.2922,mm
1,14:28:07,买,99.3000,1.0,9.93,99.3034,mm
1,14:28:09,卖,99.3100,1.0,9.93,99.3038,mm
1,14:28:14,买,99.3250,1.0,9.93,99.3299,mm
1,14:28:18,卖,99.3400,1.0,9.93,99.3314,mm
1,14:28:47,卖,99.3500,1.0,9.94,99.3465,mm
1,14:29:02,买,99.3050,1.0,9.93,99.3053,mm
1,14:29:13,卖,99.3350,1.0,9.93,99.3365,mm
1,14:29:15,买,99.3200,1.0,9.93,99.3243,mm
1,14:29:23,卖,99.3400,1.0,9.93,99.3375,mm
1,14:29:24,买,99.3250,1.0,9.93,99.3269,mm
1,14:29:31,买,99.3100,1.0,9.93,99.3147,mm
1,14:29:37,买,99.2850,1.0,9.93,99.2911,mm
1,14:29:40,卖,99.3050,1.0,9.93,99.2961,mm
1,14:29:41,买,99.2800,1.0,9.93,99.2794,mm
1,14:29:45,卖,99.3000,1.0,9.93,99.2985,mm
1,14:29:49,卖,99.3200,1.0,9.93,99.3119,mm
1,14:29:53,买,99.2800,1.0,9.93,99.2858,mm
1,14:29:54,卖,99.3000,1.0,9.93,99.2938,mm
1,14:29:55,买,99.2800,1.0,9.93,99.2849,mm
1,14:30:04,买,99.2550,1.0,9.93,99.2581,mm
1,14:30:23,买,99.2700,1.0,9.93,99.2739,mm
1,14:30:25,卖,99.2850,1.0,9.93,99.2837,mm
1,14:30:29,卖,99.2950,1.0,9.93,99.2922,mm
1,14:30:38,卖,99.2650,1.0,9.93,99.2635,mm
1,14:30:42,买,99.2500,1.0,9.93,99.2538,mm
1,14:30:56,卖,99.3050,1.0,9.93,99.3004,mm
1,14:30:59,卖,99.3150,1.0,9.93,99.3134,mm
1,14:31:04,买,99.3100,1.0,9.93,99.3131,mm
1,14:31:09,卖,99.3300,1.0,9.93,99.3350,mm
1,14:31:10,卖,99.3500,1.0,9.94,99.3462,mm
1,14:31:13,买,99.3400,1.0,9.93,99.3461,mm
1,14:31:15,买,99.3400,1.0,9.93,99.3529,mm
1,14:31:16,买,99.3400,1.0,9.93,99.3464,mm
1,14:31:22,卖,99.3600,1.0,9.94,99.3625,mm
1,14:31:27,买,99.3550,1.0,9.94,99.3573,mm
1,14:31:38,卖,99.3750,1.0,9.94,99.3735,mm
1,14:31:46,卖,99.4000,1.0,9.94,99.3945,mm
1,14:31:55,卖,99.4500,1.0,9.95,99.4400,mm
1,14:32:00,买,99.4200,1.0,9.94,99.4261,mm
1,14:32:06,买,99.4000,1.0,9.94,99.4053,mm
1,14:32:35,买,99.4550,1.0,9.95,99.4599,mm
1,14:32:58,买,99.4950,1.0,9.95,99.5076,mm
1,14:33:02,卖,99.5200,1.0,9.95,99.5163,mm
1,14:33:14,买,99.4650,1.0,9.95,99.4697,mm
1,14:33:19,买,99.4450,1.0,9.94,99.4505,mm
1,14:33:21,买,99.4350,1.0,9.94,99.4374,mm
1,14:33:24,卖,99.4450,1.0,9.94,99.4399,mm
1,14:33:26,卖,99.4550,1.0,9.95,99.4580,mm
1,14:33:29,卖,99.4750,1.0,9.95,99.4757,mm
1,14:33:33,买,99.4550,1.0,9.95,99.4601,mm
1,14:33:37,卖,99.4500,1.0,9.95,99.4431,mm
1,14:33:41,买,99.4250,1.0,9.94,99.4261,mm
1,14:33:45,卖,99.4400,1.0,9.94,99.4304,mm
1,14:33:46,卖,99.4400,1.0,9.94,99.4335,mm
1,14:33:47,买,99.4200,1.0,9.94,99.4102,mm
1,14:33:49,卖,99.4300,1.0,9.94,99.4210,mm
1,14:33:53,卖,99.4400,1.0,9.94,99.4374,mm
1,14:33:56,买,99.4250,1.0,9.94,99.4273,mm
1,14:34:03,卖,99.4450,1.0,9.94,99.4465,mm
1,14:34:17,买,99.4550,1.0,9.95,99.4578,mm
1,14:34:21,买,99.4400,1.0,9.94,99.4452,mm
1,14:34:24,卖,99.4600,1.0,9.95,99.4544,mm
1,14:34:38,买,99.4750,1.0,9.95,99.4810,mm
1,14:34:50,卖,99.4950,1.0,9.95,99.4917,mm
1,14:34:52,买,99.4800,1.0,9.95,99.4775,mm
1,14:34:56,卖,99.5050,1.0,9.95,99.5038,mm
1,14:35:09,买,99.4850,1.0,9.95,99.4884,mm
1,14:35:11,买,99.4700,1.0,9.95,99.4759,mm
1,14:35:11,卖,99.4850,1.0,9.95,99.4893,mm
1,14:35:16,卖,99.5000,1.0,9.95,99.4970,mm
1,14:35:25,卖,99.5500,1.0,9.96,99.5478,mm
1,14:35:34,买,99.5450,1.0,9.95,99.5477,mm
1,14:35:34,买,99.5350,1.0,9.95,99.5408,mm
1,14:35:38,买,99.5150,1.0,9.95,99.5211,mm
1,14:35:41,卖,99.5250,1.0,9.95,99.5203,mm
1,14:35:53,卖,99.5300,1.0,9.95,99.5283,mm
1,14:36:19,卖,99.5300,1.0,9.95,99.5270,mm
1,14:36:41,卖,99.5350,1.0,9.95,99.5333,mm
1,14:36:42,买,99.5200,1.0,9.95,99.5261,mm
1,14:36:48,卖,99.5350,1.0,9.95,99.5333,mm
1,14:37:08,买,99.5350,1.0,9.95,99.5410,mm
1,14:37:15,买,99.5400,1.0,9.95,99.5417,mm
1,14:37:21,买,99.5150,1.0,9.95,99.5204,mm
1,14:37:23,买,99.5050,1.0,9.95,99.5091,mm
1,14:37:37,卖,99.5000,1.0,9.95,99.4957,mm
1,14:37:39,买,99.4850,1.0,9.95,99.4894,mm
1,14:37:46,买,99.4750,1.0,9.95,99.4757,mm
1,14:37:54,卖,99.4650,1.0,9.95,99.4601,mm
1,14:37:58,卖,99.4750,1.0,9.95,99.4716,mm
1,14:38:09,买,99.4550,1.0,9.95,99.4581,mm
1,14:38:18,卖,99.4550,1.0,9.95,99.4516,mm
1,14:38:26,买,99.4250,1.0,9.94,99.4296,mm
1,14:38:30,买,99.4100,1.0,9.94,99.4139,mm
1,14:38:44,卖,99.4250,1.0,9.94,99.4171,mm
1,14:38:48,卖,99.4450,1.0,9.94,99.4435,mm
1,14:38:49,买,99.4300,1.0,9.94,99.4340,mm
1,14:39:02,卖,99.4300,1.0,9.94,99.4244,mm
1,14:39:07,买,99.4150,1.0,9.94,99.4207,mm
1,14:39:33,卖,99.4500,1.0,9.95,99.4466,mm
1,14:39:41,卖,99.4600,1.0,9.95,99.4574,mm
1,14:39:42,卖,99.4800,1.0,9.95,99.4827,mm
1,14:39:49,买,99.4750,1.0,9.95,99.4790,mm
1,14:39:50,买,99.4650,1.0,9.95,99.4708,mm
1,14:39:57,卖,99.5050,1.0,9.95,99.5037,mm
1,14:40:14,买,99.4750,1.0,9.95,99.4807,mm
1,14:40:19,买,99.4650,1.0,9.95,99.4680,mm
1,14:40:20,卖,99.4800,1.0,9.95,99.4746,mm
1,14:40:46,卖,99.5250,1.0,9.95,99.5210,mm
1,14:40:53,卖,99.5200,1.0,9.95,99.5186,mm
1,14:40:55,买,99.5000,1.0,9.95,99.5085,mm
1,14:41:03,卖,99.5300,1.0,9.95,99.5281,mm
1,14:41:17,卖,99.5650,1.0,9.96,99.5553,mm
1,14:41:22,买,99.5350,1.0,9.95,99.5402,mm
1,14:41:23,买,99.5300,1.0,9.95,99.5359,mm
1,14:41:30,卖,99.5350,1.0,9.95,99.5294,mm
1,14:41:34,买,99.5000,1.0,9.95,99.5026,mm
1,14:41:57,卖,99.5100,1.0,9.95,99.5061,mm
1,14:42:05,买,99.4750,1.0,9.95,99.4775,mm
1,14:42:08,买,99.4550,1.0,9.95,99.4592,mm
1,14:42:10,卖,99.4700,1.0,9.95,99.4572,mm
1,14:42:10,卖,99.4700,1.0,9.95,99.4629,mm
1,14:42:16,买,99.4350,1.0,9.94,99.4380,mm
1,14:42:25,卖,99.4400,1.0,9.94,99.4304,mm
1,14:42:29,卖,99.4350,1.0,9.94,99.4296,mm
1,14:42:33,买,99.4250,1.0,9.94,99.4310,mm
1,14:42:40,买,99.4400,1.0,9.94,99.4461,mm
1,14:42:48,买,99.4150,1.0,9.94,99.4147,mm
1,14:42:50,卖,99.4300,1.0,9.94,99.4285,mm
1,14:43:02,卖,99.4400,1.0,9.94,99.4362,mm
1,14:43:03,卖,99.4500,1.0,9.95,99.4463,mm
1,14:43:08,卖,99.4650,1.0,9.95,99.4598,mm
1,14:43:15,买,99.4550,1.0,9.95,99.4611,mm
1,14:43:25,买,99.4500,1.0,9.95,99.4540,mm
1,14:43:26,买,99.4400,1.0,9.94,99.4430,mm
1,14:43:27,买,99.4300,1.0,9.94,99.4343,mm
1,14:43:30,买,99.4200,1.0,9.94,99.4248,mm
1,14:44:00,买,99.4000,1.0,9.94,99.4042,mm
1,14:44:22,卖,99.4350,1.0,9.94,99.4365,mm
1,14:44:25,买,99.4200,1.0,9.94,99.4261,mm
1,14:44:31,卖,99.4350,1.0,9.94,99.4336,mm
1,14:45:00,卖,99.4350,1.0,9.94,99.4292,mm
1,14:45:07,卖,99.4400,1.0,9.94,99.4291,mm
1,14:45:11,卖,99.4400,1.0,9.94,99.4337,mm
1,14:45:20,买,99.4400,1.0,9.94,99.4429,mm
1,14:45:25,买,99.4300,1.0,9.94,99.4320,mm
1,14:45:39,买,99.4000,1.0,9.94,99.4018,mm
1,14:45:45,买,99.3800,1.0,9.94,99.3856,mm
1,14:45:51,卖,99.3850,1.0,9.94,99.3739,mm
1,14:45:56,卖,99.3900,1.0,9.94,99.3872,mm
1,14:46:23,买,99.3300,1.0,9.93,99.3352,mm
1,14:46:23,买,99.3200,1.0,9.93,99.3254,mm
1,14:46:35,买,99.2900,1.0,9.93,99.3037,mm
1,14:46:37,卖,99.3150,1.0,9.93,99.3157,mm
1,14:47:02,卖,99.3250,1.0,9.93,99.3210,mm
1,14:47:07,卖,99.3300,1.0,9.93,99.3278,mm
1,14:47:18,卖,99.3650,1.0,9.94,99.3645,mm
1,14:47:32,卖,99.4100,1.0,9.94,99.4048,mm
1,14:47:48,买,99.4450,1.0,9.94,99.4469,mm
1,14:47:54,买,99.4500,1.0,9.95,99.4539,mm
1,14:47:54,卖,99.4700,1.0,9.95,99.4747,mm
1,14:48:00,卖,99.4950,1.0,9.95,99.5049,mm
1,14:48:07,卖,99.5200,1.0,9.95,99.5125,mm
1,14:48:08,买,99.5000,1.0,9.95,99.5028,mm
1,14:48:23,买,99.4900,1.0,9.95,99.4943,mm
1,14:48:27,卖,99.5100,1.0,9.95,99.5048,mm
1,14:48:39,买,99.5000,1.0,9.95,99.5024,mm
1,14:48:42,卖,99.5200,1.0,9.95,99.5196,mm
1,14:48:49,买,99.5250,1.0,9.95,99.5246,mm
1,14:49:01,买,99.5150,1.0,9.95,99.5210,mm
1,14:49:25,买,99.5500,1.0,9.96,99.5612,mm
1,14:49:26,卖,99.5750,1.0,9.96,99.5688,mm
1,14:49:43,卖,99.5700,1.0,9.96,99.5644,mm
1,14:49:48,买,99.5200,1.0,9.95,99.5203,mm
1,14:49:52,买,99.5000,1.0,9.95,99.5032,mm
1,14:49:57,卖,99.5000,1.0,9.95,99.4994,mm
1,14:50:19,买,99.4700,1.0,9.95,99.4736,mm
1,14:50:21,买,99.4550,1.0,9.95,99.4603,mm
1,14:50:24,买,99.4550,1.0,9.95,99.4702,mm
1,14:50:28,买,99.4600,1.0,9.95,99.4670,mm
1,14:50:33,卖,99.4800,1.0,9.95,99.4760,mm
1,14:50:38,卖,99.4950,1.0,9.95,99.4905,mm
1,14:50:49,卖,99.4950,1.0,9.95,99.4902,mm
1,14:50:51,卖,99.5000,1.0,9.95,99.4957,mm
1,14:50:53,卖,99.5150,1.0,9.95,99.5094,mm
1,14:50:56,卖,99.5250,1.0,9.95,99.5207,mm
1,14:51:11,卖,99.5200,1.0,9.95,99.5160,mm
1,14:51:16,买,99.5300,1.0,9.95,99.5320,mm
1,14:51:16,买,99.5200,1.0,9.95,99.5259,mm
1,14:51:22,卖,99.5500,1.0,9.96,99.5443,mm
1,14:51:23,买,99.5200,1.0,9.95,99.5178,mm
1,14:51:36,买,99.4950,1.0,9.95,99.4945,mm
1,14:51:37,买,99.4800,1.0,9.95,99.4843,mm
1,14:51:38,买,99.4700,1.0,9.95,99.4737,mm
1,14:51:39,买,99.4600,1.0,9.95,99.4629,mm
1,14:51:40,买,99.4500,1.0,9.95,99.4538,mm
1,14:51:41,卖,99.4700,1.0,9.95,99.4646,mm
1,14:51:42,卖,99.4750,1.0,9.95,99.4654,mm
1,14:51:43,买,99.4500,1.0,9.95,99.4671,mm
1,14:51:43,卖,99.4750,1.0,9.95,99.4671,mm
1,14:52:10,卖,99.5100,1.0,9.95,99.5070,mm
1,14:52:26,卖,99.5000,1.0,9.95,99.4890,mm
1,14:52:28,卖,99.4950,1.0,9.95,99.4889,mm
1,14:52:31,卖,99.5050,1.0,9.95,99.5009,mm
1,14:52:38,买,99.4800,1.0,9.95,99.4846,mm
1,14:52:44,卖,99.4850,1.0,9.95,99.4804,mm
1,14:52:54,买,99.4650,1.0,9.95,99.4657,mm
1,14:52:57,买,99.4600,1.0,9.95,99.4649,mm
1,14:52:58,买,99.4550,1.0,9.95,99.4563,mm
1,14:53:01,卖,99.4750,1.0,9.95,99.4717,mm
1,14:53:06,卖,99.4750,1.0,9.95,99.4690,mm
1,14:53:12,买,99.4400,1.0,9.94,99.4375,mm
1,14:53:15,卖,99.4450,1.0,9.94,99.4335,mm
1,14:53:50,买,99.4350,1.0,9.94,99.4359,mm
1,14:53:54,卖,99.4450,1.0,9.94,99.4400,mm
1,14:54:04,买,99.4100,1.0,9.94,99.4148,mm
1,14:54:09,卖,99.4650,1.0,9.95,99.4610,mm
1,14:54:23,买,99.4650,1.0,9.95,99.4667,mm
1,14:54:25,买,99.4500,1.0,9.95,99.4494,mm
1,14:54:29,卖,99.4600,1.0,9.95,99.4557,mm
1,14:54:55,卖,99.4750,1.0,9.95,99.4693,mm
1,14:55:07,卖,99.5250,1.0,9.95,99.5204,mm
1,14:55:21,买,99.5400,1.0,9.95,99.5445,mm
1,14:55:48,卖,99.5800,1.0,9.96,99.5784,mm
1,14:55:51,买,99.5600,1.0,9.96,99.5650,mm
1,14:55:59,买,99.5700,1.0,9.96,99.5738,mm
1,14:56:01,买,99.5550,1.0,9.96,99.5602,mm
1,14:56:04,卖,99.5750,1.0,9.96,99.5689,mm
1,14:56:06,卖,99.5800,1.0,9.96,99.5721,mm
1,14:56:13,买,99.5450,1.0,9.95,99.5457,mm
1,14:56:18,卖,99.5600,1.0,9.96,99.5549,mm
1,14:56:33,买,99.5000,1.0,9.95,99.5057,mm
1,14:56:33,买,99.4900,1.0,9.95,99.4962,mm
1,14:56:38,买,99.4850,1.0,9.95,99.4884,mm
1,14:56:43,买,99.4700,1.0,9.95,99.4692,mm
1,14:56:44,卖,99.4800,1.0,9.95,99.4749,mm
1,14:56:54,买,99.4550,1.0,9.95,99.4602,mm
1,14:56:58,买,99.4550,1.0,9.95,99.4559,mm
1,14:57:05,卖,99.4700,1.0,9.95,99.4680,mm
1,14:57:17,卖,99.4650,1.0,9.95,99.4589,mm
1,14:57:20,卖,99.4600,1.0,9.95,99.4489,mm
1,14:57:29,卖,99.4700,1.0,9.95,99.4657,mm
1,14:57:38,买,99.4900,1.0,9.95,99.4894,mm
1,14:57:45,卖,99.5150,1.0,9.95,99.5119,mm
1,14:57:51,买,99.4950,1.0,9.95,99.4980,mm
1,14:58:03,卖,99.4750,1.0,9.95,99.4636,mm
1,14:58:04,卖,99.4750,1.0,9.95,99.4729,mm
1,14:58:16,卖,99.4850,1.0,9.95,99.4822,mm
1,14:58:20,卖,99.4950,1.0,9.95,99.4946,mm
1,14:58:21,买,99.4800,1.0,9.95,99.4851,mm
1,14:58:25,买,99.4600,1.0,9.95,99.4642,mm
1,14:58:26,卖,99.4750,1.0,9.95,99.4622,mm
1,14:58:44,卖,99.5300,1.0,9.95,99.5241,mm
1,14:58:48,买,99.5000,1.0,9.95,99.5058,mm
1,14:58:58,卖,99.5450,1.0,9.95,99.5390,mm
1,14:59:02,买,99.5400,1.0,9.95,99.5448,mm
1,14:59:02,卖,99.5600,1.0,9.96,99.5524,mm
1,14:59:09,买,99.5350,1.0,9.95,99.5373,mm
1,14:59:13,卖,99.5550,1.0,9.96,99.5473,mm
1,14:59:20,卖,99.5850,1.0,9.96,99.5797,mm
1,14:59:29,买,99.5850,1.0,9.96,99.5899,mm
1,14:59:32,卖,99.6000,1.0,9.96,99.5851,mm
1,14:59:33,卖,99.6000,1.0,9.96,99.5882,mm
1,14:59:35,卖,99.5950,1.0,9.96,99.5933,mm
1,14:59:36,买,99.5850,1.0,9.96,99.5902,mm
1,14:59:37,买,99.5800,1.0,9.96,99.5857,mm
1,14:59:47,买,99.5900,1.0,9.96,99.5917,mm
1,14:59:52,卖,99.6050,1.0,9.96,99.5980,mm
1,15:00:01,买,99.5900,1.0,9.96,99.5880,mm
1,15:00:01,买,99.5850,1.0,9.96,99.5853,mm
1,15:00:02,买,99.5800,1.0,9.96,99.5794,mm
2,09:15:03,买,99.0150,1.0,9.90,99.0153,mm
2,09:15:08,卖,99.0200,1.0,9.90,99.0029,mm
2,09:15:11,买,98.9900,1.0,9.90,98.9960,mm
2,09:15:14,买,98.9800,1.0,9.90,98.9844,mm
2,09:15:18,卖,98.9900,1.0,9.90,98.9898,mm
2,09:15:24,买,98.9700,1.0,9.90,98.9743,mm
2,09:15:46,买,98.9700,1.0,9.90,98.9813,mm
2,09:15:49,买,98.9600,1.0,9.90,98.9656,mm
2,09:16:02,卖,98.9650,1.0,9.90,98.9614,mm
2,09:16:06,卖,98.9700,1.0,9.90,98.9657,mm
2,09:16:15,卖,98.9700,1.0,9.90,98.9642,mm
2,09:16:36,卖,99.0150,1.0,9.90,99.0092,mm
2,09:16:44,卖,99.0350,1.0,9.90,99.0245,mm
2,09:16:46,买,99.0050,1.0,9.90,99.0054,mm
2,09:16:51,买,98.9800,1.0,9.90,98.9823,mm
2,09:16:57,卖,98.9750,1.0,9.90,98.9692,mm
2,09:16:59,买,98.9650,1.0,9.90,98.9661,mm
2,09:17:28,卖,98.9450,1.0,9.89,98.9434,mm
2,09:17:47,买,98.9700,1.0,9.90,98.9689,mm
2,09:17:50,卖,98.9700,1.0,9.90,98.9675,mm
2,09:17:57,卖,98.9700,1.0,9.90,98.9664,mm
2,09:18:13,买,98.9850,1.0,9.90,98.9911,mm
2,09:18:18,买,98.9750,1.0,9.90,98.9783,mm
2,09:18:22,卖,99.0000,1.0,9.90,98.9980,mm
2,09:18:33,买,98.9700,1.0,9.90,98.9749,mm
2,09:18:52,卖,98.9700,1.0,9.90,98.9659,mm
2,09:19:00,卖,98.9800,1.0,9.90,98.9775,mm
2,09:19:02,买,98.9600,1.0,9.90,98.9622,mm
2,09:19:08,买,98.9500,1.0,9.90,98.9560,mm
2,09:19:09,卖,98.9650,1.0,9.90,98.9620,mm
2,09:19:21,卖,98.9650,1.0,9.90,98.9609,mm
2,09:19:25,买,98.9600,1.0,9.90,98.9648,mm
2,09:19:30,卖,98.9750,1.0,9.90,98.9704,mm
2,09:19:34,卖,98.9550,1.0,9.90,98.9413,mm
2,09:19:37,买,98.9350,1.0,9.89,98.9287,mm
2,09:19:56,买,98.8850,1.0,9.89,98.8890,mm
2,09:20:07,买,98.8600,1.0,9.89,98.8650,mm
2,09:20:11,买,98.8550,1.0,9.89,98.8719,mm
2,09:20:12,卖,98.8800,1.0,9.89,98.8773,mm
2,09:20:12,买,98.8600,1.0,9.89,98.8684,mm
2,09:20:36,买,98.8850,1.0,9.89,98.9069,mm
2,09:20:37,卖,98.9100,1.0,9.89,98.9105,mm
2,09:20:47,卖,98.9100,1.0,9.89,98.9074,mm
2,09:20:53,卖,98.9250,1.0,9.89,98.9263,mm
2,09:20:55,买,98.9150,1.0,9.89,98.9195,mm
2,09:20:55,卖,98.9300,1.0,9.89,98.9347,mm
2,09:20:59,买,98.9100,1.0,9.89,98.9160,mm
2,09:21:03,卖,98.9200,1.0,9.89,98.9149,mm
2,09:21:09,卖,98.9400,1.0,9.89,98.9335,mm
2,09:21:25,买,98.9100,1.0,9.89,98.9138,mm
2,09:21:37,买,98.9250,1.0,9.89,98.9295,mm
2,09:21:44,卖,98.9400,1.0,9.89,98.9330,mm
2,09:21:49,买,98.9150,1.0,9.89,98.9069,mm
2,09:22:16,卖,98.8650,1.0,9.89,98.8639,mm
2,09:22:22,卖,98.8800,1.0,9.89,98.8779,mm
2,09:22:30,买,98.8700,1.0,9.89,98.8717,mm
2,09:22:33,买,98.8400,1.0,9.88,98.8461,mm
2,09:22:44,卖,98.8650,1.0,9.89,98.8590,mm
2,09:22:49,买,98.8350,1.0,9.88,98.8361,mm
2,09:22:55,卖,98.8250,1.0,9.88,98.8300,mm
2,09:23:02,卖,98.8450,1.0,9.88,98.8394,mm
2,09:23:09,买,98.8550,1.0,9.89,98.8548,mm
2,09:23:14,卖,98.8850,1.0,9.89,98.8777,mm
2,09:23:22,买,98.8650,1.0,9.89,98.8700,mm
2,09:23:35,买,98.8800,1.0,9.89,98.8862,mm
2,09:23:40,卖,98.8900,1.0,9.89,98.8891,mm
2,09:24:18,买,98.9150,1.0,9.89,98.9180,mm
2,09:24:18,卖,98.9300,1.0,9.89,98.9275,mm
2,09:24:27,买,98.9250,1.0,9.89,98.9296,mm
2,09:24:34,卖,98.9300,1.0,9.89,98.9313,mm
2,09:25:03,卖,98.9500,1.0,9.90,98.9472,mm
2,09:25:09,买,98.9300,1.0,9.89,98.9303,mm
2,09:25:28,卖,98.9400,1.0,9.89,98.9354,mm
2,09:25:31,买,98.9200,1.0,9.89,98.9206,mm
2,09:25:34,卖,98.9400,1.0,9.89,98.9339,mm
2,09:25:40,买,98.9150,1.0,9.89,98.9237,mm
2,09:25:56,买,98.9050,1.0,9.89,98.9091,mm
2,09:26:12,卖,98.9100,1.0,9.89,98.9049,mm
2,09:26:20,买,98.8850,1.0,9.89,98.8891,mm
2,09:26:45,卖,98.9100,1.0,9.89,98.9030,mm
2,09:27:06,买,98.8700,1.0,9.89,98.8746,mm
2,09:27:08,卖,98.8850,1.0,9.89,98.8848,mm
2,09:27:47,买,98.8600,1.0,9.89,98.8606,mm
2,09:27:56,卖,98.8750,1.0,9.89,98.8774,mm
2,09:28:38,卖,98.9050,1.0,9.89,98.9078,mm
2,09:28:39,买,98.9000,1.0,9.89,98.9048,mm
2,09:28:43,卖,98.9300,1.0,9.89,98.9201,mm
2,09:28:50,买,98.9100,1.0,9.89,98.9054,mm
2,09:28:55,买,98.8900,1.0,9.89,98.8947,mm
2,09:29:01,卖,98.9150,1.0,9.89,98.9105,mm
2,09:29:09,买,98.9000,1.0,9.89,98.9034,mm
2,09:29:16,卖,98.9150,1.0,9.89,98.9100,mm
2,09:29:26,卖,98.9200,1.0,9.89,98.9151,mm
2,09:29:35,买,98.9100,1.0,9.89,98.9143,mm
2,09:29:39,买,98.9100,1.0,9.89,98.9084,mm
2,09:29:43,买,98.8850,1.0,9.89,98.8831,mm
2,09:29:52,卖,98.8750,1.0,9.89,98.8779,mm
2,09:29:57,卖,98.8950,1.0,9.89,98.8784,mm
2,09:30:30,买,98.8100,1.0,9.88,98.8134,mm
2,09:30:40,卖,98.7850,1.0,9.88,98.7777,mm
2,09:30:50,卖,98.7850,1.0,9.88,98.7804,mm
2,09:31:00,买,98.7900,1.0,9.88,98.7926,mm
2,09:31:06,卖,98.8000,1.0,9.88,98.7938,mm
2,09:31:39,买,98.8000,1.0,9.88,98.8047,mm
2,09:31:48,买,98.7700,1.0,9.88,98.7751,mm
2,09:32:03,卖,98.8000,1.0,9.88,98.7977,mm
2,09:32:41,买,98.8250,1.0,9.88,98.8279,mm
2,09:32:54,卖,98.8500,1.0,9.89,98.8445,mm
2,09:33:12,卖,98.8450,1.0,9.88,98.8389,mm
2,09:33:13,买,98.8250,1.0,9.88,98.8243,mm
2,09:33:18,买,98.8250,1.0,9.88,98.8303,mm
2,09:33:31,卖,98.8550,1.0,9.89,98.8511,mm
2,09:33:50,卖,98.8800,1.0,9.89,98.8762,mm
2,09:33:51,买,98.8650,1.0,9.89,98.8701,mm
2,09:34:32,买,98.8850,1.0,9.89,98.8861,mm
2,09:35:00,卖,98.8900,1.0,9.89,98.8842,mm
2,09:35:24,卖,98.9200,1.0,9.89,98.9151,mm
2,09:35:25,买,98.9000,1.0,9.89,98.9030,mm
2,09:35:38,卖,98.9200,1.0,9.89,98.9177,mm
2,09:35:48,买,98.9000,1.0,9.89,98.9034,mm
2,09:36:09,卖,98.9550,1.0,9.90,98.9523,mm
2,09:36:15,买,98.9300,1.0,9.89,98.9326,mm
2,09:36:27,买,98.9100,1.0,9.89,98.9087,mm
2,09:36:32,卖,98.9150,1.0,9.89,98.9090,mm
2,09:36:39,卖,98.9250,1.0,9.89,98.9222,mm
2,09:36:42,买,98.9150,1.0,9.89,98.9207,mm
2,09:37:05,卖,98.9600,1.0,9.90,98.9538,mm
2,09:37:07,买,98.9400,1.0,9.89,98.9431,mm
2,09:37:10,买,98.9250,1.0,9.89,98.9280,mm
2,09:37:28,卖,98.9200,1.0,9.89,98.9151,mm
2,09:38:00,卖,98.8700,1.0,9.89,98.8572,mm
2,09:38:03,买,98.8450,1.0,9.88,98.8501,mm
2,09:38:06,卖,98.8650,1.0,9.89,98.8575,mm
2,09:38:07,买,98.8450,1.0,9.88,98.8524,mm
2,09:38:18,买,98.8300,1.0,9.88,98.8362,mm
2,09:38:21,卖,98.8500,1.0,9.89,98.8452,mm
2,09:38:27,买,98.8200,1.0,9.88,98.8259,mm
2,09:38:34,卖,98.8250,1.0,9.88,98.8236,mm
2,09:39:02,卖,98.8200,1.0,9.88,98.8171,mm
2,09:39:05,买,98.8000,1.0,9.88,98.8045,mm
2,09:39:12,卖,98.8500,1.0,9.89,98.8478,mm
2,09:39:12,买,98.8400,1.0,9.88,98.8408,mm
2,09:39:27,买,98.8500,1.0,9.89,98.8440,mm
2,09:39:38,卖,98.8400,1.0,9.88,98.8387,mm
2,09:39:43,买,98.8100,1.0,9.88,98.8152,mm
2,09:40:00,买,98.8100,1.0,9.88,98.8157,mm
2,09:40:10,卖,98.8300,1.0,9.88,98.8342,mm
2,09:40:21,买,98.8050,1.0,9.88,98.8103,mm
2,09:40:24,卖,98.8200,1.0,9.88,98.8238,mm
2,09:40:32,卖,98.8250,1.0,9.88,98.8244,mm
2,09:40:42,卖,98.8350,1.0,9.88,98.8318,mm
2,09:40:45,买,98.8350,1.0,9.88,98.8395,mm
2,09:40:51,买,98.8350,1.0,9.88,98.8378,mm
2,09:40:52,卖,98.8500,1.0,9.89,98.8531,mm
2,09:41:01,买,98.8450,1.0,9.88,98.8514,mm
2,09:41:13,卖,98.8700,1.0,9.89,98.8595,mm
2,09:41:15,买,98.8500,1.0,9.89,98.8506,mm
2,09:41:21,卖,98.8850,1.0,9.89,98.8833,mm
2,09:41:25,卖,98.8900,1.0,9.89,98.8851,mm
2,09:41:31,买,98.8900,1.0,9.89,98.8959,mm
2,09:41:42,卖,98.9650,1.0,9.90,98.9592,mm
2,09:41:43,买,98.9500,1.0,9.90,98.9528,mm
2,09:41:47,买,98.9450,1.0,9.89,98.9495,mm
2,09:41:51,卖,98.9650,1.0,9.90,98.9707,mm
2,09:42:49,卖,98.9850,1.0,9.90,98.9762,mm
2,09:42:51,买,98.9650,1.0,9.90,98.9709,mm
2,09:42:56,买,98.9700,1.0,9.90,98.9779,mm
2,09:43:10,卖,98.9550,1.0,9.90,98.9514,mm
2,09:43:55,卖,99.0000,1.0,9.90,99.0058,mm
2,09:44:02,买,99.0150,1.0,9.90,99.0183,mm
2,09:44:13,买,99.0200,1.0,9.90,99.0262,mm
2,09:44:37,卖,99.0250,1.0,9.90,99.0228,mm
2,09:44:37,买,99.0100,1.0,9.90,99.0110,mm
2,09:44:39,卖,99.0250,1.0,9.90,99.0296,mm
2,09:44:45,卖,99.0550,1.0,9.91,99.0521,mm
2,09:44:50,卖,99.0950,1.0,9.91,99.0817,mm
2,09:44:51,买,99.0800,1.0,9.91,99.0786,mm
2,09:44:58,买,99.0900,1.0,9.91,99.0913,mm
2,09:45:08,买,99.1000,1.0,9.91,99.1034,mm
2,09:45:18,卖,99.0800,1.0,9.91,99.0715,mm
2,09:45:20,卖,99.0850,1.0,9.91,99.0690,mm
2,09:45:24,买,99.0750,1.0,9.91,99.0801,mm
2,09:45:47,买,99.0900,1.0,9.91,99.0954,mm
2,09:45:54,卖,99.1000,1.0,9.91,99.0983,mm
2,09:46:03,卖,99.1250,1.0,9.91,99.1207,mm
2,09:46:14,买,99.1500,1.0,9.92,99.1513,mm
2,09:47:01,买,99.1550,1.0,9.92,99.1611,mm
2,09:47:04,卖,99.1600,1.0,9.92,99.1552,mm
2,09:47:10,卖,99.1600,1.0,9.92,99.1565,mm
2,09:47:12,买,99.1500,1.0,9.92,99.1583,mm
2,09:47:28,卖,99.1900,1.0,9.92,99.1791,mm
2,09:47:33,卖,99.2000,1.0,9.92,99.1938,mm
2,09:47:36,买,99.2100,1.0,9.92,99.2101,mm
2,09:47:40,买,99.2050,1.0,9.92,99.2082,mm
2,09:47:44,卖,99.2100,1.0,9.92,99.2040,mm
2,09:47:47,买,99.2050,1.0,9.92,99.2070,mm
2,09:47:53,卖,99.2300,1.0,9.92,99.2266,mm
2,09:48:17,买,99.2250,1.0,9.92,99.2233,mm
2,09:48:46,买,99.2050,1.0,9.92,99.2078,mm
2,09:48:50,卖,99.1900,1.0,9.92,99.1733,mm
2,09:48:50,卖,99.1900,1.0,9.92,99.1768,mm
2,09:49:08,买,99.1600,1.0,9.92,99.1658,mm
2,09:49:32,买,99.2450,1.0,9.92,99.2507,mm
2,09:49:37,卖,99.2650,1.0,9.93,99.2615,mm
2,09:49:40,卖,99.2850,1.0,9.93,99.2799,mm
2,09:49:43,买,99.2750,1.0,9.93,99.2775,mm
2,09:50:44,卖,99.4050,1.0,9.94,99.4036,mm
2,09:50:50,买,99.3900,1.0,9.94,99.3933,mm
2,09:50:52,卖,99.4100,1.0,9.94,99.4077,mm
2,09:51:05,买,99.4200,1.0,9.94,99.4241,mm
2,09:51:17,卖,99.4500,1.0,9.95,99.4439,mm
2,09:51:28,买,99.4600,1.0,9.95,99.4599,mm
2,09:51:36,买,99.4400,1.0,9.94,99.4461,mm
2,09:51:38,卖,99.4550,1.0,9.95,99.4537,mm
2,09:51:41,卖,99.4700,1.0,9.95,99.4564,mm
2,09:51:52,买,99.4600,1.0,9.95,99.4617,mm
2,09:52:08,卖,99.5050,1.0,9.95,99.4962,mm
2,09:52:09,买,99.4850,1.0,9.95,99.4854,mm
2,09:52:14,买,99.4850,1.0,9.95,99.4902,mm
2,09:52:19,卖,99.4850,1.0,9.95,99.4888,mm
2,09:52:20,买,99.4700,1.0,9.95,99.4733,mm
2,09:52:23,卖,99.4750,1.0,9.95,99.4694,mm
2,09:52:34,卖,99.4400,1.0,9.94,99.4256,mm
2,09:52:38,买,99.4100,1.0,9.94,99.4111,mm
2,09:53:04,卖,99.3700,1.0,9.94,99.3630,mm
2,09:53:07,买,99.3550,1.0,9.94,99.3576,mm
2,09:53:23,买,99.3450,1.0,9.93,99.3512,mm
2,09:53:45,卖,99.3550,1.0,9.94,99.3513,mm
2,09:54:16,买,99.3050,1.0,9.93,99.3109,mm
2,09:54:23,卖,99.3100,1.0,9.93,99.3129,mm
2,09:54:45,买,99.2850,1.0,9.93,99.2850,mm
2,09:54:46,卖,99.2950,1.0,9.93,99.3001,mm
2,09:54:52,买,99.2750,1.0,9.93,99.2774,mm
2,09:54:59,卖,99.2950,1.0,9.93,99.2920,mm
2,09:55:20,卖,99.3300,1.0,9.93,99.3442,mm
2,09:55:22,买,99.3300,1.0,9.93,99.3323,mm
2,09:55:40,卖,99.3250,1.0,9.93,99.3207,mm
2,09:55:45,买,99.3150,1.0,9.93,99.3186,mm
2,09:56:15,买,99.2900,1.0,9.93,99.2901,mm
2,09:56:16,卖,99.2950,1.0,9.93,99.3003,mm
2,09:56:42,卖,99.3450,1.0,9.93,99.3297,mm
2,09:56:47,买,99.3150,1.0,9.93,99.3197,mm
2,09:57:33,卖,99.3400,1.0,9.93,99.3343,mm
2,09:57:33,买,99.3250,1.0,9.93,99.3312,mm
2,09:57:56,买,99.2900,1.0,9.93,99.2909,mm
2,09:57:58,卖,99.3000,1.0,9.93,99.2983,mm
2,09:58:36,卖,99.3250,1.0,9.93,99.3222,mm
2,09:58:41,买,99.3150,1.0,9.93,99.3184,mm
2,09:59:17,卖,99.3650,1.0,9.94,99.3620,mm
2,09:59:18,买,99.3500,1.0,9.94,99.3562,mm
2,09:59:33,卖,99.3800,1.0,9.94,99.3660,mm
2,09:59:36,卖,99.3850,1.0,9.94,99.3831,mm
2,09:59:39,买,99.3750,1.0,9.94,99.3756,mm
2,09:59:45,买,99.3700,1.0,9.94,99.3733,mm
2,10:00:14,卖,99.3650,1.0,9.94,99.3624,mm
2,10:00:29,买,99.3700,1.0,9.94,99.3663,mm
2,10:00:46,买,99.3250,1.0,9.93,99.3306,mm
2,10:00:51,卖,99.3350,1.0,9.93,99.3315,mm
2,10:00:54,卖,99.3650,1.0,9.94,99.3627,mm
2,10:00:57,买,99.3600,1.0,9.94,99.3638,mm
2,10:01:01,卖,99.3950,1.0,9.94,99.3941,mm
2,10:01:09,买,99.4050,1.0,9.94,99.4087,mm
2,10:01:35,买,99.4400,1.0,9.94,99.4513,mm
2,10:01:50,卖,99.4600,1.0,9.95,99.4582,mm
2,10:02:03,卖,99.4750,1.0,9.95,99.4680,mm
2,10:02:24,买,99.4600,1.0,9.95,99.4612,mm
2,10:02:39,买,99.4700,1.0,9.95,99.4760,mm
2,10:02:45,卖,99.4900,1.0,9.95,99.4852,mm
2,10:03:15,买,99.4350,1.0,9.94,99.4370,mm
2,10:03:18,卖,99.4550,1.0,9.95,99.4555,mm
2,10:03:52,买,99.5000,1.0,9.95,99.4961,mm
2,10:03:53,卖,99.5050,1.0,9.95,99.5032,mm
2,10:03:56,买,99.4950,1.0,9.95,99.4968,mm
2,10:04:00,卖,99.5050,1.0,9.95,99.5024,mm
2,10:04:24,卖,99.5200,1.0,9.95,99.5140,mm
2,10:04:33,买,99.4950,1.0,9.95,99.4963,mm
2,10:04:36,买,99.4850,1.0,9.95,99.4945,mm
2,10:04:56,卖,99.4750,1.0,9.95,99.4763,mm
2,10:05:02,买,99.4700,1.0,9.95,99.4748,mm
2,10:05:16,卖,99.5000,1.0,9.95,99.4981,mm
2,10:05:35,卖,99.4950,1.0,9.95,99.4968,mm
2,10:05:39,买,99.4850,1.0,9.95,99.4893,mm
2,10:05:40,买,99.4700,1.0,9.95,99.4664,mm
2,10:05:47,卖,99.4850,1.0,9.95,99.4888,mm
2,10:06:13,卖,99.4950,1.0,9.95,99.4941,mm
2,10:06:28,买,99.4700,1.0,9.95,99.4715,mm
2,10:06:55,卖,99.4650,1.0,9.95,99.4626,mm
2,10:06:56,买,99.4500,1.0,9.95,99.4390,mm
2,10:07:32,买,99.4150,1.0,9.94,99.4209,mm
2,10:07:52,卖,99.4700,1.0,9.95,99.4652,mm
2,10:07:59,卖,99.4950,1.0,9.95,99.4925,mm
2,10:08:05,卖,99.5300,1.0,9.95,99.5234,mm
2,10:08:07,买,99.5300,1.0,9.95,99.5290,mm
2,10:08:11,买,99.5350,1.0,9.95,99.5410,mm
2,10:08:17,卖,99.5850,1.0,9.96,99.5906,mm
2,10:08:32,买,99.6400,1.0,9.96,99.6478,mm
2,10:08:34,卖,99.6700,1.0,9.97,99.6716,mm
2,10:08:43,买,99.6500,1.0,9.97,99.6542,mm
2,10:09:09,卖,99.6000,1.0,9.96,99.5954,mm
2,10:09:20,买,99.6150,1.0,9.96,99.6202,mm
2,10:09:31,买,99.6250,1.0,9.96,99.6306,mm
2,10:09:45,卖,99.6200,1.0,9.96,99.6166,mm
2,10:10:04,买,99.6150,1.0,9.96,99.6209,mm
2,10:10:21,卖,99.6250,1.0,9.96,99.6197,mm
2,10:10:25,买,99.6000,1.0,9.96,99.6036,mm
2,10:10:27,卖,99.6150,1.0,9.96,99.6203,mm
2,10:10:32,买,99.6000,1.0,9.96,99.6028,mm
2,10:10:45,卖,99.5750,1.0,9.96,99.5678,mm
2,10:10:46,卖,99.5800,1.0,9.96,99.5768,mm
2,10:10:53,买,99.5650,1.0,9.96,99.5703,mm
2,10:10:59,卖,99.5750,1.0,9.96,99.5690,mm
2,10:11:19,买,99.5600,1.0,9.96,99.5704,mm
2,10:11:21,卖,99.5750,1.0,9.96,99.5656,mm
2,10:11:23,卖,99.6000,1.0,9.96,99.5874,mm
2,10:11:27,买,99.5700,1.0,9.96,99.5709,mm
2,10:11:35,买,99.5800,1.0,9.96,99.5828,mm
2,10:11:40,买,99.5500,1.0,9.96,99.5562,mm
2,10:11:45,卖,99.5650,1.0,9.96,99.5629,mm
2,10:12:08,卖,99.6450,1.0,9.96,99.6379,mm
2,10:12:26,买,99.6400,1.0,9.96,99.6454,mm
2,10:12:39,买,99.6550,1.0,9.97,99.6605,mm
2,10:12:49,卖,99.6550,1.0,9.97,99.6491,mm
2,10:13:30,买,99.6750,1.0,9.97,99.6803,mm
2,10:13:37,卖,99.6900,1.0,9.97,99.6843,mm
2,10:13:53,卖,99.7100,1.0,9.97,99.7058,mm
2,10:13:54,买,99.6950,1.0,9.97,99.7038,mm
2,10:14:11,卖,99.7250,1.0,9.97,99.7172,mm
2,10:14:14,买,99.7100,1.0,9.97,99.7144,mm
2,10:14:45,卖,99.7350,1.0,9.97,99.7252,mm
2,10:14:56,买,99.7150,1.0,9.97,99.7134,mm
2,10:15:05,卖,99.7200,1.0,9.97,99.7107,mm
2,10:15:08,买,99.7000,1.0,9.97,99.7053,mm
2,10:15:29,买,99.7150,1.0,9.97,99.7199,mm
2,10:15:41,卖,99.7300,1.0,9.97,99.7270,mm
2,10:16:00,卖,99.7100,1.0,9.97,99.7071,mm
2,10:16:05,买,99.7000,1.0,9.97,99.7076,mm
2,10:16:14,买,99.7000,1.0,9.97,99.7059,mm
2,10:16:42,卖,99.7150,1.0,9.97,99.7125,mm
2,10:16:48,卖,99.7400,1.0,9.97,99.7445,mm
2,10:16:56,买,99.7300,1.0,9.97,99.7327,mm
2,10:17:06,卖,99.7500,1.0,9.98,99.7399,mm
2,10:17:10,卖,99.7650,1.0,9.98,99.7540,mm
2,10:17:18,买,99.7700,1.0,9.98,99.7581,mm
2,10:17:35,买,99.7800,1.0,9.98,99.7886,mm
2,10:17:40,买,99.7700,1.0,9.98,99.7745,mm
2,10:17:42,卖,99.7850,1.0,9.98,99.7818,mm
2,10:18:00,卖,99.8250,1.0,9.98,99.8176,mm
2,10:18:05,卖,99.8250,1.0,9.98,99.8159,mm
2,10:18:09,买,99.8050,1.0,9.98,99.8063,mm
2,10:18:10,买,99.7950,1.0,9.98,99.7979,mm
2,10:18:11,卖,99.8100,1.0,9.98,99.8020,mm
2,10:18:26,买,99.8200,1.0,9.98,99.8253,mm
2,10:18:50,买,99.7700,1.0,9.98,99.7759,mm
2,10:19:12,卖,99.7600,1.0,9.98,99.7582,mm
2,10:19:20,买,99.7600,1.0,9.98,99.7644,mm
2,10:20:20,卖,99.7600,1.0,9.98,99.7548,mm
2,10:20:26,卖,99.7800,1.0,9.98,99.7640,mm
2,10:20:33,买,99.7550,1.0,9.98,99.7634,mm
2,10:20:38,买,99.7550,1.0,9.98,99.7719,mm
2,10:20:39,买,99.7550,1.0,9.98,99.7604,mm
2,10:20:43,卖,99.7800,1.0,9.98,99.7844,mm
2,10:20:55,卖,99.7800,1.0,9.98,99.7776,mm
2,10:21:06,买,99.7850,1.0,9.98,99.7970,mm
2,10:21:08,卖,99.8250,1.0,9.98,99.8269,mm
2,10:21:14,买,99.8450,1.0,9.98,99.8476,mm
2,10:22:05,卖,99.7700,1.0,9.98,99.7662,mm
2,10:22:12,卖,99.7650,1.0,9.98,99.7609,mm
2,10:22:21,买,99.7800,1.0,9.98,99.7860,mm
2,10:22:24,卖,99.7900,1.0,9.98,99.7903,mm
2,10:22:26,买,99.7900,1.0,9.98,99.7932,mm
2,10:22:29,买,99.7700,1.0,9.98,99.7712,mm
2,10:22:32,卖,99.7800,1.0,9.98,99.7826,mm
2,10:22:57,买,99.7750,1.0,9.98,99.7804,mm
2,10:23:38,卖,99.7700,1.0,9.98,99.7630,mm
2,10:23:50,卖,99.7800,1.0,9.98,99.7693,mm
2,10:24:02,买,99.7450,1.0,9.97,99.7438,mm
2,10:24:24,买,99.7250,1.0,9.97,99.7292,mm
2,10:24:28,卖,99.7250,1.0,9.97,99.7189,mm
2,10:24:46,买,99.7250,1.0,9.97,99.7258,mm
2,10:24:48,卖,99.7400,1.0,9.97,99.7346,mm
2,10:25:03,卖,99.7200,1.0,9.97,99.7168,mm
2,10:25:05,买,99.7150,1.0,9.97,99.7187,mm
2,10:25:12,买,99.7050,1.0,9.97,99.7083,mm
2,10:25:32,卖,99.6900,1.0,9.97,99.6854,mm
2,10:25:49,买,99.6750,1.0,9.97,99.6880,mm
2,10:25:52,卖,99.7050,1.0,9.97,99.7024,mm
2,10:26:17,买,99.6700,1.0,9.97,99.6759,mm
2,10:26:22,卖,99.6700,1.0,9.97,99.6701,mm
2,10:26:44,卖,99.6300,1.0,9.96,99.6320,mm
2,10:26:51,买,99.6200,1.0,9.96,99.6238,mm
2,10:26:54,买,99.6150,1.0,9.96,99.6198,mm
2,10:27:07,卖,99.6250,1.0,9.96,99.6212,mm
2,10:27:14,买,99.6100,1.0,9.96,99.6157,mm
2,10:27:16,卖,99.6300,1.0,9.96,99.6256,mm
2,10:27:27,买,99.6200,1.0,9.96,99.6303,mm
2,10:27:43,卖,99.6750,1.0,9.97,99.6701,mm
2,10:27:56,买,99.6500,1.0,9.97,99.6538,mm
2,10:28:04,卖,99.6300,1.0,9.96,99.6291,mm
2,10:28:11,买,99.6250,1.0,9.96,99.6300,mm
2,10:28:14,卖,99.6300,1.0,9.96,99.6257,mm
2,10:28:51,卖,99.6250,1.0,9.96,99.6201,mm
2,10:29:10,买,99.6400,1.0,9.96,99.6489,mm
2,10:29:33,卖,99.6850,1.0,9.97,99.6787,mm
2,10:29:41,买,99.7000,1.0,9.97,99.7040,mm
2,10:29:57,卖,99.7200,1.0,9.97,99.7082,mm
2,10:29:59,买,99.7000,1.0,9.97,99.6984,mm
2,10:30:13,卖,99.7000,1.0,9.97,99.6966,mm
2,10:30:26,买,99.7000,1.0,9.97,99.7045,mm
2,10:30:29,买,99.6850,1.0,9.97,99.6856,mm
2,10:30:40,卖,99.7050,1.0,9.97,99.7024,mm
2,10:31:08,卖,99.7550,1.0,9.98,99.7546,mm
2,10:31:11,买,99.7550,1.0,9.98,99.7572,mm
2,10:31:22,买,99.7750,1.0,9.98,99.7808,mm
2,10:31:37,卖,99.7650,1.0,9.98,99.7643,mm
2,10:31:43,卖,99.8000,1.0,9.98,99.8020,mm
2,10:31:45,买,99.7950,1.0,9.98,99.7992,mm
2,10:32:12,卖,99.8450,1.0,9.98,99.8404,mm
2,10:32:15,卖,99.8600,1.0,9.99,99.8632,mm
2,10:32:17,买,99.8550,1.0,9.99,99.8530,mm
2,10:32:18,买,99.8450,1.0,9.98,99.8506,mm
2,10:32:23,买,99.8500,1.0,9.99,99.8561,mm
2,10:32:24,卖,99.8700,1.0,9.99,99.8714,mm
2,10:32:25,卖,99.8900,1.0,9.99,99.8852,mm
2,10:32:28,买,99.8750,1.0,9.99,99.8793,mm
2,10:32:35,买,99.8650,1.0,9.99,99.8654,mm
2,10:33:05,买,99.7500,1.0,9.98,99.7528,mm
2,10:33:06,卖,99.7550,1.0,9.98,99.7577,mm
2,10:33:11,卖,99.7850,1.0,9.98,99.7824,mm
2,10:33:28,卖,99.7950,1.0,9.98,99.7933,mm
2,10:33:32,买,99.7750,1.0,9.98,99.7809,mm
2,10:33:41,买,99.7850,1.0,9.98,99.7834,mm
2,10:33:46,卖,99.7950,1.0,9.98,99.7959,mm
2,10:34:01,买,99.7850,1.0,9.98,99.7904,mm
2,10:34:15,卖,99.7800,1.0,9.98,99.7739,mm
2,10:34:35,卖,99.8000,1.0,9.98,99.7911,mm
2,10:34:47,买,99.7650,1.0,9.98,99.7627,mm
2,10:34:50,卖,99.7900,1.0,9.98,99.7872,mm
2,10:34:52,买,99.7800,1.0,9.98,99.7847,mm
2,10:34:55,卖,99.8000,1.0,9.98,99.7927,mm
2,10:34:59,买,99.8100,1.0,9.98,99.8077,mm
2,10:35:23,卖,99.8400,1.0,9.98,99.8365,mm
2,10:35:32,买,99.8350,1.0,9.98,99.8379,mm
2,10:35:36,卖,99.8450,1.0,9.98,99.8339,mm
2,10:35:37,买,99.8200,1.0,9.98,99.8189,mm
2,10:35:43,买,99.8300,1.0,9.98,99.8347,mm
2,10:35:46,卖,99.8250,1.0,9.98,99.8202,mm
2,10:36:15,卖,99.8300,1.0,9.98,99.8220,mm
2,10:36:15,买,99.8100,1.0,9.98,99.8144,mm
2,10:36:50,卖,99.8400,1.0,9.98,99.8403,mm
2,10:36:51,买,99.8400,1.0,9.98,99.8450,mm
2,10:37:11,卖,99.9100,1.0,9.99,99.9039,mm
2,10:37:13,买,99.8900,1.0,9.99,99.8961,mm
2,10:37:22,买,99.9250,1.0,9.99,99.9272,mm
2,10:37:24,卖,99.9300,1.0,9.99,99.9341,mm
2,10:37:25,卖,99.9500,1.0,10.00,99.9440,mm
2,10:37:30,买,99.9600,1.0,10.00,99.9612,mm
2,10:37:39,卖,99.9650,1.0,10.00,99.9639,mm
2,10:37:41,买,99.9600,1.0,10.00,99.9618,mm
2,10:38:00,买,99.9350,1.0,9.99,99.9392,mm
2,10:38:20,卖,99.9650,1.0,10.00,99.9587,mm
2,10:38:20,买,99.9450,1.0,9.99,99.9458,mm
2,10:38:29,买,99.9250,1.0,9.99,99.9288,mm
2,10:38:30,卖,99.9350,1.0,9.99,99.9290,mm
2,10:38:31,卖,99.9200,1.0,9.99,99.9140,mm
2,10:38:38,买,99.8950,1.0,9.99,99.9009,mm
2,10:38:47,卖,99.8500,1.0,9.99,99.8445,mm
2,10:38:48,买,99.8300,1.0,9.98,99.8326,mm
2,10:38:49,卖,99.8350,1.0,9.98,99.8327,mm
2,10:39:03,买,99.8100,1.0,9.98,99.8116,mm
2,10:39:04,卖,99.8250,1.0,9.98,99.8227,mm
2,10:39:05,卖,99.8400,1.0,9.98,99.8342,mm
2,10:39:08,买,99.8150,1.0,9.98,99.8210,mm
2,10:39:09,卖,99.8350,1.0,9.98,99.8325,mm
2,10:39:12,买,99.8200,1.0,9.98,99.8229,mm
2,10:39:13,买,99.8050,1.0,9.98,99.8077,mm
2,10:39:23,卖,99.8400,1.0,9.98,99.8367,mm
2,10:39:32,卖,99.8800,1.0,9.99,99.8760,mm
2,10:39:34,买,99.8500,1.0,9.99,99.8528,mm
2,10:39:49,卖,99.8750,1.0,9.99,99.8737,mm
2,10:40:03,买,99.8700,1.0,9.99,99.8744,mm
2,10:40:25,买,99.8100,1.0,9.98,99.8157,mm
2,10:40:28,卖,99.8150,1.0,9.98,99.8123,mm
2,10:40:45,买,99.8200,1.0,9.98,99.8255,mm
2,10:41:00,卖,99.8000,1.0,9.98,99.7957,mm
2,10:41:10,卖,99.8300,1.0,9.98,99.8329,mm
2,10:41:13,买,99.8350,1.0,9.98,99.8412,mm
2,10:42:10,卖,99.8550,1.0,9.99,99.8506,mm
2,10:42:11,买,99.8350,1.0,9.98,99.8367,mm
2,10:42:14,卖,99.8400,1.0,9.98,99.8296,mm
2,10:42:28,买,99.8250,1.0,9.98,99.8274,mm
2,10:42:30,卖,99.8550,1.0,9.99,99.8576,mm
2,10:42:31,买,99.8500,1.0,9.99,99.8480,mm
2,10:43:05,买,99.8250,1.0,9.98,99.8303,mm
2,10:43:09,卖,99.8250,1.0,9.98,99.8294,mm
2,10:43:11,买,99.8150,1.0,9.98,99.8191,mm
2,10:43:20,买,99.8050,1.0,9.98,99.8099,mm
2,10:43:24,卖,99.8050,1.0,9.98,99.8037,mm
2,10:43:26,卖,99.8150,1.0,9.98,99.8107,mm
2,10:43:51,卖,99.8400,1.0,9.98,99.8420,mm
2,10:43:52,买,99.8300,1.0,9.98,99.8359,mm
2,10:43:59,买,99.8300,1.0,9.98,99.8351,mm
2,10:44:04,卖,99.8450,1.0,9.98,99.8401,mm
2,10:44:09,买,99.8350,1.0,9.98,99.8388,mm
2,10:44:11,卖,99.8550,1.0,9.99,99.8563,mm
2,10:44:13,买,99.8550,1.0,9.99,99.8592,mm
2,10:44:21,卖,99.8600,1.0,9.99,99.8548,mm
2,10:44:34,买,99.8500,1.0,9.99,99.8544,mm
2,10:44:43,卖,99.8850,1.0,9.99,99.8770,mm
2,10:44:47,卖,99.8850,1.0,9.99,99.8777,mm
2,10:44:57,买,99.8850,1.0,9.99,99.8905,mm
2,10:45:03,卖,99.9150,1.0,9.99,99.9133,mm
2,10:45:08,买,99.9050,1.0,9.99,99.9067,mm
2,10:45:11,卖,99.9250,1.0,9.99,99.9196,mm
2,10:45:11,买,99.9100,1.0,9.99,99.9104,mm
2,10:45:34,卖,99.9550,1.0,10.00,99.9520,mm
2,10:45:40,买,99.9300,1.0,9.99,99.9329,mm
2,10:45:54,卖,99.9350,1.0,9.99,99.9292,mm
2,10:46:15,买,99.9000,1.0,9.99,99.9033,mm
2,10:46:35,卖,99.9100,1.0,9.99,99.9007,mm
2,10:46:38,买,99.8900,1.0,9.99,99.8951,mm
2,10:46:41,买,99.8800,1.0,9.99,99.8841,mm
2,10:46:49,买,99.8400,1.0,9.98,99.8436,mm
2,10:46:56,卖,99.8150,1.0,9.98,99.8191,mm
2,10:46:59,卖,99.8200,1.0,9.98,99.8186,mm
2,10:47:24,卖,99.8250,1.0,9.98,99.8205,mm
2,10:47:43,买,99.8250,1.0,9.98,99.8310,mm
2,10:47:55,买,99.8500,1.0,9.99,99.8559,mm
2,10:48:04,卖,99.8500,1.0,9.99,99.8509,mm
2,10:48:05,买,99.8500,1.0,9.99,99.8554,mm
2,10:48:08,买,99.8100,1.0,9.98,99.8145,mm
2,10:48:10,卖,99.8150,1.0,9.98,99.8115,mm
2,10:48:13,卖,99.8250,1.0,9.98,99.8194,mm
2,10:48:27,卖,99.7900,1.0,9.98,99.7847,mm
2,10:48:28,买,99.7750,1.0,9.98,99.7767,mm
2,10:48:36,买,99.7750,1.0,9.98,99.7765,mm
2,10:48:37,卖,99.7850,1.0,9.98,99.7817,mm
2,10:49:23,卖,99.7350,1.0,9.97,99.7290,mm
2,10:49:29,买,99.7100,1.0,9.97,99.7157,mm
2,10:49:45,卖,99.7350,1.0,9.97,99.7308,mm
2,10:49:47,买,99.7200,1.0,9.97,99.7240,mm
2,10:49:51,买,99.7150,1.0,9.97,99.7257,mm
2,10:49:59,卖,99.7500,1.0,9.98,99.7458,mm
2,10:50:15,买,99.7400,1.0,9.97,99.7445,mm
2,10:50:16,卖,99.7550,1.0,9.98,99.7519,mm
2,10:50:36,买,99.7650,1.0,9.98,99.7697,mm
2,10:50:38,卖,99.7850,1.0,9.98,99.7821,mm
2,10:51:07,卖,99.7700,1.0,9.98,99.7685,mm
2,10:51:17,买,99.7700,1.0,9.98,99.7732,mm
2,10:51:30,卖,99.7900,1.0,9.98,99.7876,mm
2,10:51:39,买,99.7700,1.0,9.98,99.7732,mm
2,10:51:44,卖,99.8050,1.0,9.98,99.8105,mm
2,10:51:47,买,99.8000,1.0,9.98,99.8043,mm
2,10:51:49,卖,99.8100,1.0,9.98,99.8039,mm
2,10:51:58,买,99.8200,1.0,9.98,99.8252,mm
2,10:52:05,买,99.8050,1.0,9.98,99.8106,mm
2,10:52:29,卖,99.7900,1.0,9.98,99.7885,mm
2,10:52:30,买,99.7650,1.0,9.98,99.7668,mm
2,10:52:36,买,99.7550,1.0,9.98,99.7602,mm
2,10:52:47,卖,99.7650,1.0,9.98,99.7683,mm
2,10:52:49,卖,99.7850,1.0,9.98,99.7788,mm
2,10:52:57,卖,99.7950,1.0,9.98,99.7903,mm
2,10:53:00,卖,99.8000,1.0,9.98,99.7973,mm
2,10:53:04,买,99.8000,1.0,9.98,99.7960,mm
2,10:53:08,买,99.7750,1.0,9.98,99.7763,mm
2,10:53:14,卖,99.7650,1.0,9.98,99.7577,mm
2,10:53:20,买,99.7500,1.0,9.98,99.7530,mm
2,10:53:41,买,99.7300,1.0,9.97,99.7339,mm
2,10:53:44,卖,99.7350,1.0,9.97,99.7263,mm
2,10:53:45,卖,99.7400,1.0,9.97,99.7247,mm
2,10:53:46,买,99.7100,1.0,9.97,99.7105,mm
2,10:53:58,买,99.7200,1.0,9.97,99.7208,mm
2,10:54:15,卖,99.7000,1.0,9.97,99.6892,mm
2,10:54:18,买,99.6800,1.0,9.97,99.6893,mm
2,10:54:19,卖,99.7000,1.0,9.97,99.6941,mm
2,10:54:21,买,99.6800,1.0,9.97,99.6859,mm
2,10:54:22,买,99.6650,1.0,9.97,99.6707,mm
2,10:55:01,卖,99.6500,1.0,9.97,99.6459,mm
2,10:55:17,卖,99.6500,1.0,9.97,99.6471,mm
2,10:55:21,买,99.6350,1.0,9.96,99.6364,mm
2,10:55:25,卖,99.6350,1.0,9.96,99.6288,mm
2,10:55:32,卖,99.6500,1.0,9.97,99.6433,mm
2,10:55:37,买,99.6450,1.0,9.96,99.6497,mm
2,10:55:40,买,99.6250,1.0,9.96,99.6248,mm
2,10:55:45,卖,99.6400,1.0,9.96,99.6366,mm
2,10:56:00,卖,99.6450,1.0,9.96,99.6411,mm
2,10:56:08,卖,99.6700,1.0,9.97,99.6566,mm
2,10:56:32,买,99.6650,1.0,9.97,99.6653,mm
2,10:56:35,买,99.6600,1.0,9.97,99.6618,mm
2,10:56:45,买,99.6750,1.0,9.97,99.6810,mm
2,10:57:03,卖,99.6750,1.0,9.97,99.6726,mm
2,10:57:09,买,99.6500,1.0,9.97,99.6556,mm
2,10:57:10,卖,99.6650,1.0,9.97,99.6592,mm
2,10:57:50,买,99.6700,1.0,9.97,99.6697,mm
2,10:57:55,卖,99.6700,1.0,9.97,99.6716,mm
2,10:58:01,买,99.6500,1.0,9.97,99.6477,mm
2,10:58:03,卖,99.6600,1.0,9.97,99.6540,mm
2,10:58:23,卖,99.6600,1.0,9.97,99.6564,mm
2,10:58:26,买,99.6500,1.0,9.97,99.6580,mm
2,10:58:30,买,99.6500,1.0,9.97,99.6514,mm
2,10:58:34,买,99.6200,1.0,9.96,99.6246,mm
2,10:58:39,卖,99.6450,1.0,9.96,99.6464,mm
2,10:58:46,卖,99.6400,1.0,9.96,99.6350,mm
2,10:58:47,卖,99.6500,1.0,9.97,99.6459,mm
2,10:58:50,买,99.6350,1.0,9.96,99.6395,mm
2,10:59:14,买,99.6500,1.0,9.97,99.6541,mm
2,10:59:23,卖,99.6750,1.0,9.97,99.6711,mm
2,10:59:30,买,99.6650,1.0,9.97,99.6711,mm
2,10:59:58,卖,99.6800,1.0,9.97,99.6758,mm
2,11:00:00,买,99.6650,1.0,9.97,99.6708,mm
2,11:00:09,卖,99.6900,1.0,9.97,99.6934,mm
2,11:00:20,卖,99.6850,1.0,9.97,99.6761,mm
2,11:00:25,买,99.6850,1.0,9.97,99.6841,mm
2,11:00:27,卖,99.7050,1.0,9.97,99.6943,mm
2,11:00:35,买,99.6750,1.0,9.97,99.6704,mm
2,11:00:36,卖,99.6850,1.0,9.97,99.6614,mm
2,11:00:47,买,99.6850,1.0,9.97,99.6914,mm
2,11:00:51,买,99.6700,1.0,9.97,99.6721,mm
2,11:01:12,卖,99.6350,1.0,9.96,99.6240,mm
2,11:01:21,买,99.6350,1.0,9.96,99.6405,mm
2,11:01:22,卖,99.6500,1.0,9.97,99.6496,mm
2,11:01:35,买,99.6450,1.0,9.96,99.6476,mm
2,11:01:35,卖,99.6600,1.0,9.97,99.6581,mm
2,11:01:54,买,99.6750,1.0,9.97,99.6771,mm
2,11:02:05,买,99.6750,1.0,9.97,99.6730,mm
2,11:02:13,卖,99.6800,1.0,9.97,99.6769,mm
2,11:02:16,买,99.6650,1.0,9.97,99.6646,mm
2,11:02:33,卖,99.6950,1.0,9.97,99.6916,mm
2,11:02:56,卖,99.6350,1.0,9.96,99.6335,mm
2,11:03:24,卖,99.6600,1.0,9.97,99.6549,mm
2,11:03:30,买,99.6450,1.0,9.96,99.6510,mm
2,11:03:49,卖,99.6600,1.0,9.97,99.6502,mm
2,11:04:00,卖,99.6650,1.0,9.97,99.6571,mm
2,11:04:06,买,99.6450,1.0,9.96,99.6457,mm
2,11:04:14,买,99.6150,1.0,9.96,99.6173,mm
2,11:04:20,买,99.6100,1.0,9.96,99.6147,mm
2,11:04:40,卖,99.6200,1.0,9.96,99.6194,mm
2,11:04:42,买,99.6050,1.0,9.96,99.6161,mm
2,11:04:43,卖,99.6250,1.0,9.96,99.6172,mm
2,11:04:45,买,99.6250,1.0,9.96,99.6367,mm
2,11:04:48,卖,99.6500,1.0,9.97,99.6473,mm
2,11:05:05,卖,99.6550,1.0,9.97,99.6451,mm
2,11:05:07,买,99.6250,1.0,9.96,99.6302,mm
2,11:05:17,买,99.6350,1.0,9.96,99.6380,mm
2,11:05:19,卖,99.6550,1.0,9.97,99.6513,mm
2,11:05:38,买,99.6450,1.0,9.96,99.6473,mm
2,11:05:39,卖,99.6550,1.0,9.97,99.6515,mm
2,11:05:53,买,99.6350,1.0,9.96,99.6385,mm
2,11:05:58,卖,99.6600,1.0,9.97,99.6626,mm
2,11:06:16,买,99.6700,1.0,9.97,99.6741,mm
2,11:06:30,卖,99.7250,1.0,9.97,99.7282,mm
2,11:06:31,卖,99.7400,1.0,9.97,99.7267,mm
2,11:06:41,买,99.7550,1.0,9.98,99.7608,mm
2,11:06:48,买,99.7500,1.0,9.98,99.7559,mm
2,11:06:57,卖,99.7500,1.0,9.98,99.7466,mm
2,11:07:04,卖,99.7650,1.0,9.98,99.7619,mm
2,11:07:19,买,99.7700,1.0,9.98,99.7782,mm
2,11:07:37,买,99.7900,1.0,9.98,99.7909,mm
2,11:07:45,卖,99.8000,1.0,9.98,99.7949,mm
2,11:07:50,卖,99.8150,1.0,9.98,99.8088,mm
2,11:07:57,买,99.7750,1.0,9.98,99.7749,mm
2,11:07:59,卖,99.7900,1.0,9.98,99.7866,mm
2,11:08:03,买,99.7750,1.0,9.98,99.7765,mm
2,11:08:16,买,99.8050,1.0,9.98,99.8028,mm
2,11:08:20,卖,99.8100,1.0,9.98,99.8072,mm
2,11:08:23,买,99.7950,1.0,9.98,99.8006,mm
2,11:08:29,卖,99.8050,1.0,9.98,99.8029,mm
2,11:08:38,卖,99.8050,1.0,9.98,99.8030,mm
2,11:08:39,买,99.8000,1.0,9.98,99.8013,mm
2,11:08:40,买,99.7850,1.0,9.98,99.7906,mm
2,11:08:51,卖,99.7950,1.0,9.98,99.7988,mm
2,11:09:15,买,99.7800,1.0,9.98,99.7862,mm
2,11:09:44,卖,99.7750,1.0,9.98,99.7731,mm
2,11:09:45,买,99.7600,1.0,9.98,99.7615,mm
2,11:10:10,卖,99.7650,1.0,9.98,99.7623,mm
2,11:10:21,买,99.7450,1.0,9.97,99.7495,mm
2,11:10:38,卖,99.7500,1.0,9.98,99.7433,mm
2,11:10:41,卖,99.7500,1.0,9.98,99.7475,mm
2,11:10:56,买,99.7650,1.0,9.98,99.7698,mm
2,11:11:32,买,99.7850,1.0,9.98,99.7905,mm
2,11:11:43,卖,99.7900,1.0,9.98,99.7841,mm
2,11:11:48,卖,99.7950,1.0,9.98,99.8012,mm
2,11:11:53,卖,99.7950,1.0,9.98,99.7892,mm
2,11:11:59,卖,99.8100,1.0,9.98,99.8067,mm
2,11:12:06,买,99.8050,1.0,9.98,99.8065,mm
2,11:12:09,买,99.8000,1.0,9.98,99.7985,mm
2,11:12:11,卖,99.8100,1.0,9.98,99.7922,mm
2,11:12:12,卖,99.8100,1.0,9.98,99.8006,mm
2,11:12:21,买,99.7750,1.0,9.98,99.7757,mm
2,11:12:32,买,99.7800,1.0,9.98,99.7817,mm
2,11:12:41,买,99.7400,1.0,9.97,99.7460,mm
2,11:12:51,卖,99.7700,1.0,9.98,99.7602,mm
2,11:13:05,卖,99.7850,1.0,9.98,99.7739,mm
2,11:13:06,买,99.7650,1.0,9.98,99.7614,mm
2,11:13:08,买,99.7500,1.0,9.98,99.7528,mm
2,11:13:22,卖,99.7650,1.0,9.98,99.7602,mm
2,11:13:47,买,99.7900,1.0,9.98,99.7947,mm
2,11:13:50,买,99.7850,1.0,9.98,99.7865,mm
2,11:13:52,买,99.7800,1.0,9.98,99.7802,mm
2,11:13:58,卖,99.7950,1.0,9.98,99.7984,mm
2,11:14:01,卖,99.8100,1.0,9.98,99.8029,mm
2,11:14:17,买,99.7950,1.0,9.98,99.8001,mm
2,11:14:22,卖,99.8100,1.0,9.98,99.8047,mm
2,11:14:33,卖,99.7900,1.0,9.98,99.7885,mm
2,11:14:44,买,99.7750,1.0,9.98,99.7798,mm
2,11:14:50,买,99.7450,1.0,9.97,99.7493,mm
2,11:14:56,卖,99.7550,1.0,9.98,99.7473,mm
2,11:15:18,卖,99.7350,1.0,9.97,99.7311,mm
2,11:15:23,买,99.7450,1.0,9.97,99.7494,mm
2,11:15:30,卖,99.7700,1.0,9.98,99.7610,mm
2,11:15:32,买,99.7500,1.0,9.98,99.7501,mm
2,11:16:18,买,99.7950,1.0,9.98,99.7951,mm
2,11:16:37,卖,99.7350,1.0,9.97,99.7264,mm
2,11:16:40,买,99.7100,1.0,9.97,99.7095,mm
2,11:16:52,卖,99.6950,1.0,9.97,99.6956,mm
2,11:17:41,买,99.6600,1.0,9.97,99.6637,mm
2,11:17:48,卖,99.6700,1.0,9.97,99.6649,mm
2,11:17:52,卖,99.6850,1.0,9.97,99.6769,mm
2,11:17:53,买,99.6650,1.0,9.97,99.6698,mm
2,11:18:03,卖,99.6800,1.0,9.97,99.6744,mm
2,11:18:09,买,99.6650,1.0,9.97,99.6705,mm
2,11:18:15,买,99.6700,1.0,9.97,99.6762,mm
2,11:18:19,卖,99.6900,1.0,9.97,99.6842,mm
2,11:18:33,买,99.6900,1.0,9.97,99.6954,mm
2,11:18:39,卖,99.7250,1.0,9.97,99.7225,mm
2,11:18:41,卖,99.7350,1.0,9.97,99.7262,mm
2,11:18:42,卖,99.7450,1.0,9.97,99.7224,mm
2,11:19:05,买,99.7250,1.0,9.97,99.7291,mm
2,11:19:12,买,99.7150,1.0,9.97,99.7133,mm
2,11:19:34,买,99.6700,1.0,9.97,99.6747,mm
2,11:19:35,卖,99.6850,1.0,9.97,99.6794,mm
2,11:19:48,买,99.6750,1.0,9.97,99.6774,mm
2,11:20:27,卖,99.6600,1.0,9.97,99.6558,mm
2,11:20:28,买,99.6400,1.0,9.96,99.6510,mm
2,11:20:42,买,99.6300,1.0,9.96,99.6341,mm
2,11:20:49,卖,99.6650,1.0,9.97,99.6701,mm
2,11:20:56,买,99.6550,1.0,9.97,99.6606,mm
2,11:21:10,卖,99.6450,1.0,9.96,99.6416,mm
2,11:21:19,卖,99.6550,1.0,9.97,99.6488,mm
2,11:21:23,卖,99.6600,1.0,9.97,99.6570,mm
2,11:21:24,买,99.6350,1.0,9.96,99.6406,mm
2,11:21:36,卖,99.6850,1.0,9.97,99.6792,mm
2,11:21:44,买,99.6800,1.0,9.97,99.6859,mm
2,11:21:50,卖,99.6900,1.0,9.97,99.6859,mm
2,11:21:51,买,99.6750,1.0,9.97,99.6768,mm
2,11:22:02,卖,99.7150,1.0,9.97,99.7048,mm
2,11:22:04,买,99.7000,1.0,9.97,99.7079,mm
2,11:22:19,卖,99.7150,1.0,9.97,99.7042,mm
2,11:22:24,卖,99.7250,1.0,9.97,99.7206,mm
2,11:22:28,买,99.7100,1.0,9.97,99.7191,mm
2,11:22:28,买,99.7100,1.0,9.97,99.7215,mm
2,11:22:29,买,99.7100,1.0,9.97,99.7225,mm
2,11:22:36,卖,99.7200,1.0,9.97,99.7226,mm
2,11:22:49,买,99.7100,1.0,9.97,99.7158,mm
2,11:22:57,买,99.7000,1.0,9.97,99.7034,mm
2,11:23:08,卖,99.7000,1.0,9.97,99.6892,mm
2,11:23:09,卖,99.7000,1.0,9.97,99.6938,mm
2,11:23:20,卖,99.7150,1.0,9.97,99.7182,mm
2,11:23:27,卖,99.7600,1.0,9.98,99.7550,mm
2,11:23:29,买,99.7450,1.0,9.97,99.7498,mm
2,11:23:38,买,99.7300,1.0,9.97,99.7291,mm
2,11:23:41,买,99.7000,1.0,9.97,99.7001,mm
2,11:23:54,卖,99.7300,1.0,9.97,99.7325,mm
2,11:24:17,卖,99.7550,1.0,9.98,99.7507,mm
2,11:24:24,买,99.7450,1.0,9.97,99.7454,mm
2,11:24:33,买,99.7300,1.0,9.97,99.7331,mm
2,11:24:37,卖,99.7350,1.0,9.97,99.7249,mm
2,11:24:41,买,99.7200,1.0,9.97,99.7210,mm
2,11:24:44,卖,99.7250,1.0,9.97,99.7158,mm
2,11:24:51,卖,99.7400,1.0,9.97,99.7341,mm
2,11:25:01,买,99.7200,1.0,9.97,99.7331,mm
2,11:25:26,卖,99.7750,1.0,9.98,99.7644,mm
2,11:25:42,买,99.7600,1.0,9.98,99.7652,mm
2,11:25:44,买,99.7650,1.0,9.98,99.7629,mm
2,11:25:53,买,99.7550,1.0,9.98,99.7611,mm
2,11:26:12,卖,99.7400,1.0,9.97,99.7364,mm
2,11:26:26,卖,99.7500,1.0,9.98,99.7452,mm
2,11:26:28,卖,99.7550,1.0,9.98,99.7493,mm
2,11:26:31,买,99.7350,1.0,9.97,99.7366,mm
2,11:26:41,卖,99.7550,1.0,9.98,99.7489,mm
2,11:26:43,买,99.7450,1.0,9.97,99.7510,mm
2,11:27:01,买,99.7350,1.0,9.97,99.7389,mm
2,11:27:03,买,99.7250,1.0,9.97,99.7310,mm
2,11:27:06,卖,99.7400,1.0,9.97,99.7356,mm
2,11:27:42,买,99.6800,1.0,9.97,99.6854,mm
2,11:27:45,卖,99.7050,1.0,9.97,99.6991,mm
2,11:27:57,买,99.6950,1.0,9.97,99.7008,mm
2,11:28:00,卖,99.7150,1.0,9.97,99.7089,mm
2,11:28:14,卖,99.7200,1.0,9.97,99.7181,mm
2,11:28:20,买,99.7100,1.0,9.97,99.7148,mm
2,11:28:33,卖,99.7300,1.0,9.97,99.7269,mm
2,11:28:35,卖,99.7400,1.0,9.97,99.7292,mm
2,11:28:37,卖,99.7500,1.0,9.98,99.7464,mm
2,11:28:40,买,99.7350,1.0,9.97,99.7401,mm
2,11:29:01,买,99.7250,1.0,9.97,99.7208,mm
2,11:29:19,买,99.7100,1.0,9.97,99.7103,mm
2,11:29:21,卖,99.7300,1.0,9.97,99.7361,mm
2,11:29:30,卖,99.7600,1.0,9.98,99.7597,mm
2,11:29:31,买,99.7500,1.0,9.98,99.7562,mm
2,11:29:31,卖,99.7700,1.0,9.98,99.7582,mm
2,11:29:42,买,99.7400,1.0,9.97,99.7458,mm
2,11:29:51,买,99.7150,1.0,9.97,99.7159,mm
2,11:29:55,卖,99.7300,1.0,9.97,99.7257,mm
2,13:00:08,卖,99.7400,1.0,9.97,99.7275,mm
2,13:00:15,买,99.7250,1.0,9.97,99.7280,mm
2,13:00:16,卖,99.7400,1.0,9.97,99.7386,mm
2,13:00:20,卖,99.7500,1.0,9.98,99.7442,mm
2,13:00:30,买,99.7650,1.0,9.98,99.7699,mm
2,13:00:32,买,99.7600,1.0,9.98,99.7647,mm
2,13:00:36,卖,99.7750,1.0,9.98,99.7736,mm
2,13:00:38,买,99.7600,1.0,9.98,99.7569,mm
2,13:00:55,卖,99.7500,1.0,9.98,99.7393,mm
2,13:01:02,买,99.7350,1.0,9.97,99.7357,mm
2,13:01:06,买,99.7200,1.0,9.97,99.7260,mm
2,13:01:26,卖,99.7400,1.0,9.97,99.7411,mm
2,13:01:37,卖,99.7600,1.0,9.98,99.7503,mm
2,13:01:43,买,99.7400,1.0,9.97,99.7445,mm
2,13:01:44,买,99.7300,1.0,9.97,99.7355,mm
2,13:01:59,卖,99.7500,1.0,9.98,99.7449,mm
2,13:02:10,卖,99.7500,1.0,9.98,99.7389,mm
2,13:02:14,卖,99.7500,1.0,9.98,99.7445,mm
2,13:02:17,卖,99.7650,1.0,9.98,99.7597,mm
2,13:02:20,买,99.7550,1.0,9.98,99.7601,mm
2,13:02:25,买,99.7550,1.0,9.98,99.7639,mm
2,13:02:26,买,99.7550,1.0,9.98,99.7618,mm
2,13:02:27,卖,99.7750,1.0,9.98,99.7713,mm
2,13:02:29,买,99.7550,1.0,9.98,99.7551,mm
2,13:02:52,卖,99.7700,1.0,9.98,99.7620,mm
2,13:02:59,买,99.7300,1.0,9.97,99.7352,mm
2,13:03:13,卖,99.7300,1.0,9.97,99.7238,mm
2,13:03:15,卖,99.7250,1.0,9.97,99.7191,mm
2,13:03:20,买,99.7300,1.0,9.97,99.7360,mm
2,13:03:24,买,99.7300,1.0,9.97,99.7333,mm
2,13:03:28,卖,99.7400,1.0,9.97,99.7387,mm
2,13:03:47,买,99.7600,1.0,9.98,99.7645,mm
2,13:03:51,卖,99.7850,1.0,9.98,99.7808,mm
2,13:04:04,买,99.7650,1.0,9.98,99.7678,mm
2,13:04:13,卖,99.7950,1.0,9.98,99.7856,mm
2,13:04:17,卖,99.8000,1.0,9.98,99.7852,mm
2,13:04:34,买,99.8050,1.0,9.98,99.8085,mm
2,13:04:43,买,99.7950,1.0,9.98,99.8009,mm
2,13:04:46,卖,99.8200,1.0,9.98,99.8153,mm
2,13:04:47,卖,99.8350,1.0,9.98,99.8306,mm
2,13:04:49,卖,99.8600,1.0,9.99,99.8555,mm
2,13:04:55,买,99.8650,1.0,9.99,99.8653,mm
2,13:05:00,买,99.8750,1.0,9.99,99.8713,mm
2,13:05:05,买,99.8600,1.0,9.99,99.8643,mm
2,13:05:08,卖,99.8700,1.0,9.99,99.8662,mm
2,13:05:11,买,99.8600,1.0,9.99,99.8636,mm
2,13:05:17,买,99.8500,1.0,9.99,99.8499,mm
2,13:05:20,卖,99.8650,1.0,9.99,99.8556,mm
2,13:05:40,卖,99.8700,1.0,9.99,99.8649,mm
2,13:05:42,买,99.8500,1.0,9.99,99.8548,mm
2,13:05:43,卖,99.8650,1.0,9.99,99.8535,mm
2,13:05:44,买,99.8400,1.0,9.98,99.8426,mm
2,13:05:45,卖,99.8550,1.0,9.99,99.8434,mm
2,13:05:46,买,99.8300,1.0,9.98,99.8352,mm
2,13:05:54,卖,99.8700,1.0,9.99,99.8671,mm
2,13:05:56,卖,99.8900,1.0,9.99,99.8793,mm
2,13:06:16,买,99.9500,1.0,10.00,99.9543,mm
2,13:06:19,买,99.9400,1.0,9.99,99.9434,mm
2,13:06:20,买,99.9300,1.0,9.99,99.9355,mm
2,13:06:24,卖,99.9650,1.0,10.00,99.9596,mm
2,13:06:27,买,99.9350,1.0,9.99,99.9390,mm
2,13:06:41,卖,99.9400,1.0,9.99,99.9342,mm
2,13:07:08,卖,99.9600,1.0,10.00,99.9552,mm
2,13:07:11,买,99.9450,1.0,9.99,99.9509,mm
2,13:07:18,买,99.9300,1.0,9.99,99.9342,mm
2,13:07:33,卖,99.9450,1.0,9.99,99.9421,mm
2,13:07:42,买,99.9250,1.0,9.99,99.9426,mm
2,13:07:53,买,99.9400,1.0,9.99,99.9441,mm
2,13:07:54,卖,99.9500,1.0,10.00,99.9498,mm
2,13:08:09,卖,99.9600,1.0,10.00,99.9647,mm
2,13:08:25,卖,99.9900,1.0,10.00,99.9816,mm
2,13:08:33,买,99.9900,1.0,10.00,99.9945,mm
2,13:08:36,卖,100.0150,1.0,10.00,100.0120,mm
2,13:08:43,卖,100.0350,1.0,10.00,100.0249,mm
2,13:08:51,买,100.0150,1.0,10.00,100.0125,mm
2,13:09:01,卖,100.0400,1.0,10.00,100.0276,mm
2,13:09:03,买,100.0050,1.0,10.00,100.0074,mm
2,13:09:07,买,100.0200,1.0,10.00,100.0257,mm
2,13:09:19,买,99.9850,1.0,10.00,99.9796,mm
2,13:09:21,买,99.9550,1.0,10.00,99.9600,mm
2,13:09:25,卖,99.9700,1.0,10.00,99.9656,mm
2,13:09:28,买,99.9450,1.0,9.99,99.9481,mm
2,13:09:32,卖,99.9450,1.0,9.99,99.9431,mm
2,13:09:36,卖,99.9600,1.0,10.00,99.9566,mm
2,13:09:47,买,99.9700,1.0,10.00,99.9744,mm
2,13:09:59,卖,99.9700,1.0,10.00,99.9635,mm
2,13:10:53,买,100.0200,1.0,10.00,100.0233,mm
2,13:11:02,卖,100.0100,1.0,10.00,100.0060,mm
2,13:11:03,买,99.9850,1.0,10.00,99.9843,mm
2,13:11:09,买,99.9900,1.0,10.00,100.0081,mm
2,13:11:12,卖,100.0200,1.0,10.00,100.0148,mm
2,13:11:20,卖,100.0300,1.0,10.00,100.0245,mm
2,13:11:27,买,99.9800,1.0,10.00,99.9818,mm
2,13:11:50,买,99.9650,1.0,10.00,99.9684,mm
2,13:11:56,卖,99.9750,1.0,10.00,99.9663,mm
2,13:11:57,卖,99.9750,1.0,10.00,99.9668,mm
2,13:12:08,卖,100.0050,1.0,10.00,100.0009,mm
2,13:12:24,买,100.0000,1.0,10.00,100.0051,mm
2,13:12:33,卖,100.0400,1.0,10.00,100.0443,mm
2,13:12:38,买,100.0450,1.0,10.00,100.0490,mm
2,13:12:50,买,100.0800,1.0,10.01,100.0839,mm
2,13:13:00,买,100.0800,1.0,10.01,100.0834,mm
2,13:13:04,卖,100.0950,1.0,10.01,100.0859,mm
2,13:13:04,卖,100.0950,1.0,10.01,100.0817,mm
2,13:13:05,卖,100.0950,1.0,10.01,100.0825,mm
2,13:13:11,买,100.0750,1.0,10.01,100.0746,mm
2,13:13:20,买,100.0350,1.0,10.00,100.0338,mm
2,13:13:25,买,100.0150,1.0,10.00,100.0206,mm
2,13:13:34,卖,100.0400,1.0,10.00,100.0363,mm
2,13:13:55,卖,100.0250,1.0,10.00,100.0210,mm
2,13:14:22,买,100.0300,1.0,10.00,100.0331,mm
2,13:14:25,买,100.0200,1.0,10.00,100.0261,mm
2,13:14:35,卖,100.0100,1.0,10.00,100.0184,mm
2,13:14:46,卖,100.0100,1.0,10.00,100.0046,mm
2,13:14:49,买,99.9900,1.0,10.00,99.9961,mm
2,13:14:52,买,99.9700,1.0,10.00,99.9699,mm
2,13:15:09,卖,99.9850,1.0,10.00,99.9839,mm
2,13:15:17,卖,99.9900,1.0,10.00,99.9767,mm
2,13:15:18,卖,99.9900,1.0,10.00,99.9802,mm
2,13:15:26,卖,99.9800,1.0,10.00,99.9603,mm
2,13:15:26,买,99.9500,1.0,10.00,99.9540,mm
2,13:15:28,买,99.9450,1.0,9.99,99.9490,mm
2,13:15:38,卖,99.9600,1.0,10.00,99.9538,mm
2,13:15:45,买,99.9650,1.0,10.00,99.9680,mm
2,13:16:05,卖,99.9500,1.0,10.00,99.9408,mm
2,13:16:12,买,99.9300,1.0,9.99,99.9330,mm
2,13:16:17,卖,99.9450,1.0,9.99,99.9402,mm
2,13:16:25,买,99.9450,1.0,9.99,99.9512,mm
2,13:16:43,买,99.9250,1.0,9.99,99.9221,mm
2,13:16:48,卖,99.9450,1.0,9.99,99.9493,mm
2,13:17:25,买,99.9500,1.0,10.00,99.9522,mm
2,13:17:41,卖,99.9300,1.0,9.99,99.9248,mm
2,13:17:47,卖,99.9350,1.0,9.99,99.9317,mm
2,13:17:58,买,99.9400,1.0,9.99,99.9433,mm
2,13:18:00,卖,99.9550,1.0,10.00,99.9439,mm
2,13:18:28,买,99.9650,1.0,10.00,99.9694,mm
2,13:18:32,卖,99.9900,1.0,10.00,99.9792,mm
2,13:18:45,买,99.9700,1.0,10.00,99.9702,mm
2,13:18:50,买,99.9550,1.0,10.00,99.9562,mm
2,13:19:07,买,99.9450,1.0,9.99,99.9501,mm
2,13:19:11,卖,99.9550,1.0,10.00,99.9514,mm
2,13:19:16,买,99.9300,1.0,9.99,99.9359,mm
2,13:19:18,卖,99.9550,1.0,10.00,99.9513,mm
2,13:19:19,卖,99.9650,1.0,10.00,99.9644,mm
2,13:19:42,卖,99.9250,1.0,9.99,99.9289,mm
2,13:19:45,买,99.9250,1.0,9.99,99.9275,mm
2,13:19:50,买,99.9000,1.0,9.99,99.9054,mm
2,13:19:55,卖,99.9150,1.0,9.99,99.9133,mm
2,13:20:04,买,99.8850,1.0,9.99,99.8879,mm
2,13:20:06,卖,99.9000,1.0,9.99,99.8986,mm
2,13:20:09,买,99.8800,1.0,9.99,99.8835,mm
2,13:20:11,卖,99.8950,1.0,9.99,99.8918,mm
2,13:20:15,买,99.8800,1.0,9.99,99.8813,mm
2,13:20:17,买,99.8600,1.0,9.99,99.8633,mm
2,13:20:19,买,99.8500,1.0,9.99,99.8509,mm
2,13:20:36,卖,99.8650,1.0,9.99,99.8699,mm
2,13:20:38,卖,99.8750,1.0,9.99,99.8720,mm
2,13:20:55,卖,99.8950,1.0,9.99,99.8882,mm
2,13:20:59,卖,99.8900,1.0,9.99,99.8872,mm
2,13:21:09,卖,99.9100,1.0,9.99,99.9007,mm
2,13:21:13,买,99.8900,1.0,9.99,99.8951,mm
2,13:21:26,卖,99.9600,1.0,10.00,99.9448,mm
2,13:21:29,买,99.9350,1.0,9.99,99.9332,mm
2,13:21:30,买,99.9200,1.0,9.99,99.9254,mm
2,13:21:39,买,99.9050,1.0,9.99,99.9085,mm
2,13:21:44,卖,99.9150,1.0,9.99,99.9168,mm
2,13:21:54,卖,99.9400,1.0,9.99,99.9280,mm
2,13:21:57,买,99.9100,1.0,9.99,99.9109,mm
2,13:22:07,卖,99.9300,1.0,9.99,99.9274,mm
2,13:22:19,买,99.9350,1.0,9.99,99.9373,mm
2,13:22:28,卖,99.9750,1.0,10.00,99.9666,mm
2,13:22:31,卖,99.9800,1.0,10.00,99.9768,mm
2,13:22:39,买,99.9800,1.0,10.00,99.9857,mm
2,13:22:41,买,99.9800,1.0,10.00,99.9843,mm
2,13:22:44,买,99.9700,1.0,10.00,99.9758,mm
2,13:22:54,卖,99.9500,1.0,10.00,99.9458,mm
2,13:23:00,卖,99.9850,1.0,10.00,99.9816,mm
2,13:23:10,卖,99.9950,1.0,10.00,99.9902,mm
2,13:23:23,买,100.0050,1.0,10.00,100.0104,mm
2,13:23:25,买,100.0200,1.0,10.00,100.0235,mm
2,13:23:29,买,100.0050,1.0,10.00,100.0098,mm
2,13:23:46,卖,100.0600,1.0,10.01,100.0556,mm
2,13:24:21,卖,100.0700,1.0,10.01,100.0652,mm
2,13:24:34,买,100.0550,1.0,10.01,100.0565,mm
2,13:24:37,买,100.0400,1.0,10.00,100.0425,mm
2,13:24:46,卖,100.0350,1.0,10.00,100.0282,mm
2,13:24:53,卖,100.0450,1.0,10.00,100.0474,mm
2,13:24:57,买,100.0400,1.0,10.00,100.0440,mm
2,13:25:17,买,100.0600,1.0,10.01,100.0660,mm
2,13:25:22,买,100.0300,1.0,10.00,100.0281,mm
2,13:25:32,卖,100.0400,1.0,10.00,100.0355,mm
2,13:25:41,卖,100.0400,1.0,10.00,100.0407,mm
2,13:25:54,买,99.9950,1.0,10.00,99.9997,mm
2,13:26:02,卖,99.9850,1.0,10.00,99.9806,mm
2,13:26:12,买,99.9650,1.0,10.00,99.9706,mm
2,13:26:13,卖,99.9800,1.0,10.00,99.9759,mm
2,13:26:15,买,99.9700,1.0,10.00,99.9758,mm
2,13:26:32,卖,99.9850,1.0,10.00,99.9805,mm
2,13:26:33,买,99.9650,1.0,10.00,99.9654,mm
2,13:26:37,卖,100.0100,1.0,10.00,100.0070,mm
2,13:26:51,卖,100.0200,1.0,10.00,100.0145,mm
2,13:26:54,买,100.0150,1.0,10.00,100.0125,mm
2,13:27:01,买,100.0050,1.0,10.00,100.0082,mm
2,13:27:03,卖,100.0200,1.0,10.00,100.0146,mm
2,13:27:19,买,99.9750,1.0,10.00,99.9798,mm
2,13:27:30,卖,100.0000,1.0,10.00,99.9960,mm
2,13:27:35,卖,99.9900,1.0,10.00,99.9840,mm
2,13:27:56,买,99.9850,1.0,10.00,99.9904,mm
2,13:28:00,买,99.9800,1.0,10.00,99.9857,mm
2,13:28:13,卖,100.0300,1.0,10.00,100.0313,mm
2,13:28:14,买,100.0150,1.0,10.00,100.0165,mm
2,13:28:27,卖,100.0100,1.0,10.00,100.0052,mm
2,13:28:32,卖,100.0250,1.0,10.00,100.0189,mm
2,13:28:37,买,100.0100,1.0,10.00,100.0120,mm
2,13:28:52,买,100.0050,1.0,10.00,100.0035,mm
2,13:28:56,买,99.9800,1.0,10.00,99.9822,mm
2,13:28:59,卖,99.9950,1.0,10.00,99.9917,mm
2,13:29:06,买,99.9650,1.0,10.00,99.9658,mm
2,13:29:14,卖,99.9700,1.0,10.00,99.9644,mm
2,13:29:16,买,99.9450,1.0,9.99,99.9463,mm
2,13:29:18,卖,99.9500,1.0,10.00,99.9474,mm
2,13:29:23,卖,99.9400,1.0,9.99,99.9360,mm
2,13:29:24,卖,99.9500,1.0,10.00,99.9394,mm
2,13:29:28,卖,99.9500,1.0,10.00,99.9393,mm
2,13:29:30,卖,99.9600,1.0,10.00,99.9556,mm
2,13:29:43,买,99.9650,1.0,10.00,99.9692,mm
2,13:29:51,买,99.9750,1.0,10.00,99.9807,mm
2,13:29:52,买,99.9700,1.0,10.00,99.9749,mm
2,13:29:57,买,99.9700,1.0,10.00,99.9736,mm
2,13:30:12,买,99.9150,1.0,9.99,99.9193,mm
2,13:30:14,卖,99.9200,1.0,9.99,99.9216,mm
2,13:30:28,卖,99.9550,1.0,10.00,99.9608,mm
2,13:30:31,买,99.9350,1.0,9.99,99.9390,mm
2,13:30:58,卖,99.9350,1.0,9.99,99.9309,mm
2,13:31:03,卖,99.9400,1.0,9.99,99.9359,mm
2,13:31:06,买,99.9400,1.0,9.99,99.9394,mm
2,13:31:50,买,99.9300,1.0,9.99,99.9336,mm
2,13:31:53,卖,99.9500,1.0,10.00,99.9475,mm
2,13:32:05,买,99.9450,1.0,9.99,99.9499,mm
2,13:32:20,买,99.9250,1.0,9.99,99.9241,mm
2,13:32:23,卖,99.9150,1.0,9.99,99.9136,mm
2,13:32:35,买,99.8750,1.0,9.99,99.8804,mm
2,13:32:38,卖,99.8800,1.0,9.99,99.8725,mm
2,13:32:39,卖,99.8850,1.0,9.99,99.8813,mm
2,13:32:55,卖,99.8850,1.0,9.99,99.8739,mm
2,13:33:07,买,99.8700,1.0,9.99,99.8775,mm
2,13:33:24,买,99.9000,1.0,9.99,99.9113,mm
2,13:34:01,卖,99.9150,1.0,9.99,99.9110,mm
2,13:34:22,买,99.8850,1.0,9.99,99.8906,mm
2,13:34:26,卖,99.8950,1.0,9.99,99.8879,mm
2,13:34:55,卖,99.8900,1.0,9.99,99.8872,mm
2,13:34:57,买,99.9000,1.0,9.99,99.9010,mm
2,13:35:07,买,99.8900,1.0,9.99,99.8886,mm
2,13:35:15,卖,99.8950,1.0,9.99,99.8990,mm
2,13:35:17,卖,99.9150,1.0,9.99,99.9130,mm
2,13:35:24,买,99.9000,1.0,9.99,99.9060,mm
2,13:35:27,卖,99.9150,1.0,9.99,99.9064,mm
2,13:35:28,买,99.8950,1.0,9.99,99.9012,mm
2,13:35:51,买,99.9050,1.0,9.99,99.9064,mm
2,13:35:55,卖,99.9150,1.0,9.99,99.9235,mm
2,13:35:56,买,99.9100,1.0,9.99,99.9153,mm
2,13:35:56,卖,99.9250,1.0,9.99,99.9238,mm
2,13:35:57,卖,99.9350,1.0,9.99,99.9293,mm
2,13:36:12,买,99.9400,1.0,9.99,99.9433,mm
2,13:36:15,卖,99.9700,1.0,10.00,99.9669,mm
2,13:36:19,卖,99.9750,1.0,10.00,99.9619,mm
2,13:36:27,买,99.9600,1.0,10.00,99.9659,mm
2,13:36:33,买,99.9550,1.0,10.00,99.9595,mm
2,13:36:35,卖,99.9750,1.0,10.00,99.9662,mm
2,13:36:37,买,99.9550,1.0,10.00,99.9557,mm
2,13:36:41,卖,99.9750,1.0,10.00,99.9692,mm
2,13:36:47,卖,99.9950,1.0,10.00,99.9911,mm
2,13:36:48,买,99.9850,1.0,10.00,99.9893,mm
2,13:36:51,买,99.9850,1.0,10.00,99.9909,mm
2,13:37:00,买,99.9750,1.0,10.00,99.9781,mm
2,13:37:17,买,99.9700,1.0,10.00,99.9760,mm
2,13:37:18,买,99.9600,1.0,10.00,99.9626,mm
2,13:37:37,卖,99.8950,1.0,9.99,99.8997,mm
2,13:37:42,卖,99.9100,1.0,9.99,99.9116,mm
2,13:38:02,卖,99.9400,1.0,9.99,99.9357,mm
2,13:38:12,卖,99.9600,1.0,10.00,99.9590,mm
2,13:38:19,买,99.9450,1.0,9.99,99.9499,mm
2,13:38:19,卖,99.9650,1.0,10.00,99.9599,mm
2,13:38:21,买,99.9300,1.0,9.99,99.9218,mm
2,13:38:37,卖,99.9250,1.0,9.99,99.9163,mm
2,13:38:48,买,99.9200,1.0,9.99,99.9253,mm
2,13:38:52,卖,99.9450,1.0,9.99,99.9394,mm
2,13:39:06,买,99.9450,1.0,9.99,99.9457,mm
2,13:39:09,买,99.9300,1.0,9.99,99.9359,mm
2,13:39:12,卖,99.9400,1.0,9.99,99.9376,mm
2,13:39:14,买,99.9200,1.0,9.99,99.9242,mm
2,13:40:12,卖,99.8250,1.0,9.98,99.8219,mm
2,13:40:18,买,99.8350,1.0,9.98,99.8403,mm
2,13:40:21,卖,99.8500,1.0,9.99,99.8493,mm
2,13:40:35,卖,99.8700,1.0,9.99,99.8711,mm
2,13:40:43,卖,99.8850,1.0,9.99,99.8793,mm
2,13:40:51,买,99.9100,1.0,9.99,99.9133,mm
2,13:40:53,买,99.9100,1.0,9.99,99.9133,mm
2,13:40:59,买,99.8700,1.0,9.99,99.8683,mm
2,13:41:02,卖,99.8850,1.0,9.99,99.8747,mm
2,13:41:08,卖,99.8800,1.0,9.99,99.8778,mm
2,13:41:11,买,99.8600,1.0,9.99,99.8655,mm
2,13:41:14,卖,99.8850,1.0,9.99,99.8792,mm
2,13:41:19,卖,99.9000,1.0,9.99,99.8961,mm
2,13:41:22,买,99.8900,1.0,9.99,99.8968,mm
2,13:41:24,卖,99.9200,1.0,9.99,99.9107,mm
2,13:41:30,买,99.8950,1.0,9.99,99.8991,mm
2,13:41:40,买,99.9150,1.0,9.99,99.9185,mm
2,13:41:56,卖,99.9200,1.0,9.99,99.9147,mm
2,13:42:17,买,99.9600,1.0,10.00,99.9655,mm
2,13:42:19,买,99.9500,1.0,10.00,99.9530,mm
2,13:42:20,卖,99.9650,1.0,10.00,99.9670,mm
2,13:42:25,买,99.9450,1.0,9.99,99.9491,mm
2,13:42:28,买,99.9350,1.0,9.99,99.9402,mm
2,13:42:35,卖,99.9400,1.0,9.99,99.9386,mm
2,13:42:36,卖,99.9500,1.0,10.00,99.9499,mm
2,13:42:40,卖,99.9650,1.0,10.00,99.9626,mm
2,13:42:44,买,99.9400,1.0,9.99,99.9400,mm
2,13:43:06,买,99.9250,1.0,9.99,99.9257,mm
2,13:43:25,卖,99.9250,1.0,9.99,99.9213,mm
2,13:43:25,买,99.9100,1.0,9.99,99.9157,mm
2,13:43:32,卖,99.9300,1.0,9.99,99.9244,mm
2,13:43:53,卖,99.9450,1.0,9.99,99.9337,mm
2,13:44:03,卖,99.9750,1.0,10.00,99.9713,mm
2,13:44:13,买,99.9500,1.0,10.00,99.9584,mm
2,13:44:20,卖,99.9650,1.0,10.00,99.9625,mm
2,13:44:23,买,99.9600,1.0,10.00,99.9628,mm
2,13:44:28,卖,99.9800,1.0,10.00,99.9744,mm
2,13:44:39,买,99.9750,1.0,10.00,99.9781,mm
2,13:44:50,卖,100.0000,1.0,10.00,99.9976,mm
2,13:44:53,买,99.9950,1.0,10.00,99.9948,mm
2,13:45:01,买,99.9750,1.0,10.00,99.9799,mm
2,13:45:14,卖,100.0100,1.0,10.00,100.0064,mm
2,13:45:23,买,99.9750,1.0,10.00,99.9792,mm
2,13:45:38,买,100.0050,1.0,10.00,100.0097,mm
2,13:45:52,买,100.0000,1.0,10.00,100.0022,mm
2,13:45:54,卖,100.0100,1.0,10.00,100.0079,mm
2,13:46:18,卖,100.0650,1.0,10.01,100.0594,mm
2,13:46:30,买,100.0500,1.0,10.01,100.0519,mm
2,13:46:38,卖,100.0650,1.0,10.01,100.0590,mm
2,13:46:47,卖,100.0750,1.0,10.01,100.0741,mm
2,13:47:01,卖,100.1100,1.0,10.01,100.1040,mm
2,13:47:15,买,100.1350,1.0,10.01,100.1405,mm
2,13:47:23,买,100.1350,1.0,10.01,100.1379,mm
2,13:47:28,买,100.1150,1.0,10.01,100.1162,mm
2,13:47:41,卖,100.1150,1.0,10.01,100.1106,mm
2,13:47:46,卖,100.1200,1.0,10.01,100.1133,mm
2,13:47:48,卖,100.1250,1.0,10.01,100.1200,mm
2,13:47:50,买,100.1000,1.0,10.01,100.1008,mm
2,13:48:22,买,100.1400,1.0,10.01,100.1413,mm
2,13:48:35,买,100.0950,1.0,10.01,100.0983,mm
2,13:48:43,卖,100.1050,1.0,10.01,100.1034,mm
2,13:48:47,卖,100.1250,1.0,10.01,100.1193,mm
2,13:48:55,买,100.0950,1.0,10.01,100.0930,mm
2,13:49:34,买,100.1050,1.0,10.01,100.1099,mm
2,13:49:39,卖,100.1200,1.0,10.01,100.1164,mm
2,13:49:41,卖,100.1450,1.0,10.01,100.1389,mm
2,13:49:44,买,100.1200,1.0,10.01,100.1232,mm
2,13:49:55,卖,100.1700,1.0,10.02,100.1667,mm
2,13:49:59,买,100.1550,1.0,10.02,100.1581,mm
2,13:50:17,买,100.1250,1.0,10.01,100.1294,mm
2,13:50:25,卖,100.1400,1.0,10.01,100.1358,mm
2,13:50:33,买,100.1300,1.0,10.01,100.1341,mm
2,13:50:53,卖,100.1200,1.0,10.01,100.1179,mm
2,13:51:00,卖,100.1200,1.0,10.01,100.1149,mm
2,13:51:10,卖,100.1450,1.0,10.01,100.1385,mm
2,13:51:13,买,100.1150,1.0,10.01,100.1204,mm
2,13:51:14,买,100.1100,1.0,10.01,100.1135,mm
2,13:51:23,卖,100.1200,1.0,10.01,100.1107,mm
2,13:51:32,卖,100.1200,1.0,10.01,100.1138,mm
2,13:51:35,卖,100.1300,1.0,10.01,100.1262,mm
2,13:51:36,买,100.1200,1.0,10.01,100.1246,mm
2,13:51:40,买,100.1350,1.0,10.01,100.1407,mm
2,13:51:43,买,100.1200,1.0,10.01,100.1236,mm
2,13:52:17,卖,100.1200,1.0,10.01,100.1214,mm
2,13:52:25,买,100.1050,1.0,10.01,100.1063,mm
2,13:52:58,卖,100.1250,1.0,10.01,100.1124,mm
2,13:53:05,买,100.0850,1.0,10.01,100.0890,mm
2,13:53:08,买,100.0800,1.0,10.01,100.0777,mm
2,13:53:21,卖,100.1000,1.0,10.01,100.0956,mm
2,13:53:24,买,100.0750,1.0,10.01,100.0767,mm
2,13:53:30,卖,100.1050,1.0,10.01,100.0892,mm
2,13:53:30,卖,100.1050,1.0,10.01,100.0918,mm
2,13:53:31,卖,100.1050,1.0,10.01,100.0922,mm
2,13:53:40,卖,100.1150,1.0,10.01,100.1069,mm
2,13:53:48,买,100.1000,1.0,10.01,100.0996,mm
2,13:53:52,买,100.1000,1.0,10.01,100.1031,mm
2,13:53:59,买,100.0900,1.0,10.01,100.0935,mm
2,13:54:12,买,100.0800,1.0,10.01,100.0903,mm
2,13:54:20,卖,100.0850,1.0,10.01,100.0824,mm
2,13:54:40,买,100.0800,1.0,10.01,100.0814,mm
2,13:54:43,买,100.0550,1.0,10.01,100.0545,mm
2,13:54:49,卖,100.0700,1.0,10.01,100.0737,mm
2,13:54:50,卖,100.0850,1.0,10.01,100.0804,mm
2,13:55:03,买,100.0900,1.0,10.01,100.0940,mm
2,13:55:07,买,100.0800,1.0,10.01,100.0861,mm
2,13:55:09,卖,100.0900,1.0,10.01,100.0869,mm
2,13:55:13,卖,100.1050,1.0,10.01,100.1008,mm
2,13:55:15,买,100.0950,1.0,10.01,100.1004,mm
2,13:55:21,买,100.0750,1.0,10.01,100.0801,mm
2,13:55:37,卖,100.0650,1.0,10.01,100.0648,mm
2,13:55:43,卖,100.0900,1.0,10.01,100.0798,mm
2,13:55:48,买,100.0700,1.0,10.01,100.0813,mm
2,13:55:53,买,100.0700,1.0,10.01,100.0814,mm
2,13:56:01,卖,100.1100,1.0,10.01,100.1070,mm
2,13:56:02,卖,100.1200,1.0,10.01,100.1141,mm
2,13:56:06,卖,100.1300,1.0,10.01,100.1269,mm
2,13:56:14,买,100.1150,1.0,10.01,100.1212,mm
2,13:56:15,买,100.1000,1.0,10.01,100.0973,mm
2,13:56:22,卖,100.1000,1.0,10.01,100.0961,mm
2,13:56:35,卖,100.1050,1.0,10.01,100.0975,mm
2,13:56:49,买,100.0800,1.0,10.01,100.0807,mm
2,13:56:50,买,100.0650,1.0,10.01,100.0699,mm
2,13:57:48,卖,100.0750,1.0,10.01,100.0637,mm
2,13:57:49,卖,100.0750,1.0,10.01,100.0678,mm
2,13:58:05,卖,100.0750,1.0,10.01,100.0702,mm
2,13:58:10,买,100.0500,1.0,10.01,100.0556,mm
2,13:58:14,卖,100.0850,1.0,10.01,100.0788,mm
2,13:58:15,买,100.0700,1.0,10.01,100.0732,mm
2,13:58:23,买,100.0900,1.0,10.01,100.0943,mm
2,13:58:28,买,100.0650,1.0,10.01,100.0696,mm
2,13:58:48,买,100.0750,1.0,10.01,100.0800,mm
2,13:58:49,卖,100.0900,1.0,10.01,100.0883,mm
2,13:58:52,卖,100.0850,1.0,10.01,100.0775,mm
2,13:58:53,卖,100.0900,1.0,10.01,100.0859,mm
2,13:59:02,买,100.0850,1.0,10.01,100.0912,mm
2,13:59:04,买,100.0800,1.0,10.01,100.0854,mm
2,13:59:25,买,100.0500,1.0,10.01,100.0537,mm
2,13:59:46,卖,100.0250,1.0,10.00,100.0298,mm
2,13:59:48,卖,100.0450,1.0,10.00,100.0362,mm
2,14:00:08,卖,100.0450,1.0,10.00,100.0498,mm
2,14:00:11,买,100.0500,1.0,10.01,100.0511,mm
2,14:00:17,买,100.0200,1.0,10.00,100.0257,mm
2,14:00:36,卖,100.0450,1.0,10.00,100.0407,mm
2,14:00:39,卖,100.0400,1.0,10.00,100.0369,mm
2,14:00:52,买,100.0350,1.0,10.00,100.0397,mm
2,14:00:52,卖,100.0550,1.0,10.01,100.0363,mm
2,14:00:56,买,100.0050,1.0,10.00,100.0067,mm
2,14:01:30,卖,100.0650,1.0,10.01,100.0479,mm
2,14:01:31,卖,100.0650,1.0,10.01,100.0536,mm
2,14:01:32,买,100.0500,1.0,10.01,100.0484,mm
2,14:01:41,买,100.0350,1.0,10.00,100.0407,mm
2,14:01:47,卖,100.0350,1.0,10.00,100.0323,mm
2,14:02:05,买,100.0250,1.0,10.00,100.0287,mm
2,14:02:12,卖,100.0400,1.0,10.00,100.0373,mm
2,14:02:16,买,100.0250,1.0,10.00,100.0303,mm
2,14:02:25,卖,100.0200,1.0,10.00,100.0252,mm
2,14:02:41,买,100.0250,1.0,10.00,100.0308,mm
2,14:02:53,买,100.0300,1.0,10.00,100.0355,mm
2,14:02:58,卖,100.0350,1.0,10.00,100.0291,mm
2,14:03:11,买,100.0150,1.0,10.00,100.0131,mm
2,14:03:15,卖,100.0150,1.0,10.00,100.0119,mm
2,14:03:30,卖,100.0300,1.0,10.00,100.0241,mm
2,14:03:35,买,100.0100,1.0,10.00,100.0161,mm
2,14:03:45,买,100.0200,1.0,10.00,100.0261,mm
2,14:03:55,买,100.0200,1.0,10.00,100.0256,mm
2,14:04:00,卖,100.0600,1.0,10.01,100.0553,mm
2,14:04:08,卖,100.0600,1.0,10.01,100.0548,mm
2,14:04:09,买,100.0400,1.0,10.00,100.0455,mm
2,14:04:12,买,100.0350,1.0,10.00,100.0361,mm
2,14:04:39,买,100.0350,1.0,10.00,100.0349,mm
2,14:04:45,买,100.0150,1.0,10.00,100.0170,mm
2,14:04:47,卖,100.0150,1.0,10.00,100.0095,mm
2,14:04:53,卖,99.9950,1.0,10.00,99.9933,mm
2,14:05:08,卖,99.9750,1.0,10.00,99.9780,mm
2,14:05:10,卖,99.9950,1.0,10.00,99.9956,mm
2,14:05:20,卖,100.0300,1.0,10.00,100.0255,mm
2,14:05:31,买,100.0300,1.0,10.00,100.0353,mm
2,14:05:53,买,99.9750,1.0,10.00,99.9800,mm
2,14:06:19,卖,99.9950,1.0,10.00,99.9895,mm
2,14:06:22,卖,99.9900,1.0,10.00,99.9832,mm
2,14:06:41,买,100.0150,1.0,10.00,100.0210,mm
2,14:06:53,买,100.0000,1.0,10.00,100.0039,mm
2,14:06:58,买,100.0050,1.0,10.00,100.0092,mm
2,14:07:11,买,99.9350,1.0,9.99,99.9412,mm
2,14:07:14,卖,99.9500,1.0,10.00,99.9519,mm
2,14:07:17,买,99.9100,1.0,9.99,99.9134,mm
2,14:07:26,卖,99.9350,1.0,9.99,99.9302,mm
2,14:07:28,买,99.9200,1.0,9.99,99.9259,mm
2,14:07:32,卖,99.9300,1.0,9.99,99.9286,mm
2,14:07:38,卖,99.9350,1.0,9.99,99.9234,mm
2,14:07:38,卖,99.9350,1.0,9.99,99.9215,mm
2,14:07:39,卖,99.9350,1.0,9.99,99.9214,mm
2,14:07:43,买,99.9050,1.0,9.99,99.9088,mm
2,14:07:51,买,99.9100,1.0,9.99,99.9157,mm
2,14:08:07,买,99.9300,1.0,9.99,99.9344,mm
2,14:08:18,卖,99.9450,1.0,9.99,99.9408,mm
2,14:08:38,卖,99.9300,1.0,9.99,99.9319,mm
2,14:08:42,卖,99.9550,1.0,10.00,99.9519,mm
2,14:08:44,买,99.9400,1.0,9.99,99.9449,mm
2,14:08:49,卖,99.9700,1.0,10.00,99.9671,mm
2,14:09:02,卖,100.0100,1.0,10.00,100.0005,mm
2,14:09:03,买,99.9900,1.0,10.00,99.9879,mm
2,14:09:04,买,99.9750,1.0,10.00,99.9799,mm
2,14:09:05,卖,99.9950,1.0,10.00,99.9957,mm
2,14:09:09,买,99.9800,1.0,10.00,99.9849,mm
2,14:09:14,买,99.9800,1.0,10.00,99.9807,mm
2,14:09:23,买,99.9600,1.0,10.00,99.9629,mm
2,14:09:25,买,99.9500,1.0,10.00,99.9486,mm
2,14:09:42,卖,99.9550,1.0,10.00,99.9530,mm
2,14:09:55,卖,99.9350,1.0,9.99,99.9324,mm
2,14:09:58,买,99.9250,1.0,9.99,99.9304,mm
2,14:10:08,卖,99.9000,1.0,9.99,99.8933,mm
2,14:10:19,卖,99.9200,1.0,9.99,99.9168,mm
2,14:10:32,买,99.8950,1.0,9.99,99.8990,mm
2,14:10:33,买,99.8850,1.0,9.99,99.8869,mm
2,14:10:44,买,99.8550,1.0,9.99,99.8574,mm
2,14:10:50,卖,99.8600,1.0,9.99,99.8642,mm
2,14:11:03,卖,99.8750,1.0,9.99,99.8703,mm
2,14:11:08,卖,99.8950,1.0,9.99,99.8827,mm
2,14:11:15,卖,99.8800,1.0,9.99,99.8759,mm
2,14:11:19,买,99.8650,1.0,9.99,99.8660,mm
2,14:11:30,买,99.8300,1.0,9.98,99.8301,mm
2,14:11:35,买,99.8100,1.0,9.98,99.8128,mm
2,14:11:41,卖,99.8200,1.0,9.98,99.8093,mm
2,14:11:42,卖,99.8200,1.0,9.98,99.8130,mm
2,14:11:47,卖,99.8150,1.0,9.98,99.8190,mm
2,14:11:48,卖,99.8350,1.0,9.98,99.8267,mm
2,14:11:56,买,99.8300,1.0,9.98,99.8320,mm
2,14:11:58,买,99.8150,1.0,9.98,99.8194,mm
2,14:12:03,买,99.8150,1.0,9.98,99.8111,mm
2,14:12:07,卖,99.8200,1.0,9.98,99.8145,mm
2,14:12:13,卖,99.8500,1.0,9.99,99.8516,mm
2,14:12:21,买,99.8400,1.0,9.98,99.8450,mm
2,14:12:24,买,99.8350,1.0,9.98,99.8386,mm
2,14:12:33,买,99.8250,1.0,9.98,99.8311,mm
2,14:12:34,卖,99.8500,1.0,9.99,99.8441,mm
2,14:12:49,卖,99.8450,1.0,9.98,99.8493,mm
2,14:13:00,买,99.8250,1.0,9.98,99.8223,mm
2,14:13:03,买,99.8150,1.0,9.98,99.8206,mm
2,14:13:03,卖,99.8300,1.0,9.98,99.8268,mm
2,14:13:54,卖,99.8750,1.0,9.99,99.8688,mm
2,14:13:57,买,99.8400,1.0,9.98,99.8442,mm
2,14:14:07,卖,99.8600,1.0,9.99,99.8545,mm
2,14:14:14,买,99.8800,1.0,9.99,99.8850,mm
2,14:14:17,买,99.8950,1.0,9.99,99.8976,mm
2,14:14:33,卖,99.9000,1.0,9.99,99.8959,mm
2,14:14:49,买,99.8550,1.0,9.99,99.8594,mm
2,14:14:49,卖,99.8700,1.0,9.99,99.8663,mm
2,14:14:50,卖,99.8800,1.0,9.99,99.8738,mm
2,14:14:53,买,99.8550,1.0,9.99,99.8555,mm
2,14:15:00,买,99.8500,1.0,9.99,99.8555,mm
2,14:15:01,卖,99.8650,1.0,9.99,99.8603,mm
2,14:15:13,卖,99.8700,1.0,9.99,99.8715,mm
2,14:15:29,卖,99.9150,1.0,9.99,99.9127,mm
2,14:15:32,买,99.9000,1.0,9.99,99.9040,mm
2,14:15:36,买,99.8900,1.0,9.99,99.8939,mm
2,14:15:46,卖,99.9100,1.0,9.99,99.9021,mm
2,14:16:04,买,99.9150,1.0,9.99,99.9309,mm
2,14:16:04,卖,99.9550,1.0,10.00,99.9568,mm
2,14:16:07,买,99.9500,1.0,10.00,99.9529,mm
2,14:16:14,卖,99.9550,1.0,10.00,99.9497,mm
2,14:16:20,卖,99.9500,1.0,10.00,99.9414,mm
2,14:16:22,买,99.9300,1.0,9.99,99.9340,mm
2,14:16:25,卖,99.9550,1.0,10.00,99.9442,mm
2,14:16:50,买,99.9000,1.0,9.99,99.9058,mm
2,14:16:53,买,99.9000,1.0,9.99,99.9079,mm
2,14:17:04,买,99.9000,1.0,9.99,99.9014,mm
2,14:17:11,卖,99.9100,1.0,9.99,99.9040,mm
2,14:17:17,卖,99.9200,1.0,9.99,99.9131,mm
2,14:17:27,卖,99.9300,1.0,9.99,99.9183,mm
2,14:17:29,卖,99.9300,1.0,9.99,99.9242,mm
2,14:17:36,买,99.9100,1.0,9.99,99.9154,mm
2,14:17:37,卖,99.9300,1.0,9.99,99.9222,mm
2,14:17:38,卖,99.9400,1.0,9.99,99.9347,mm
2,14:17:47,买,99.9350,1.0,9.99,99.9396,mm
2,14:17:58,买,99.9450,1.0,9.99,99.9476,mm
2,14:17:59,卖,99.9600,1.0,10.00,99.9659,mm
2,14:18:11,买,99.9650,1.0,10.00,99.9706,mm
2,14:18:18,买,99.9700,1.0,10.00,99.9704,mm
2,14:18:26,买,99.9800,1.0,10.00,99.9819,mm
2,14:18:56,卖,99.9700,1.0,10.00,99.9687,mm
2,14:19:02,卖,99.9850,1.0,10.00,99.9760,mm
2,14:19:09,买,99.9650,1.0,10.00,99.9729,mm
2,14:19:16,买,99.9400,1.0,9.99,99.9444,mm
2,14:19:20,卖,99.9400,1.0,9.99,99.9306,mm
2,14:19:27,卖,99.9350,1.0,9.99,99.9289,mm
2,14:19:27,买,99.9150,1.0,9.99,99.9195,mm
2,14:19:36,买,99.9400,1.0,9.99,99.9470,mm
2,14:20:01,卖,99.9700,1.0,10.00,99.9598,mm
2,14:20:09,卖,99.9750,1.0,10.00,99.9764,mm
2,14:20:16,买,99.9550,1.0,10.00,99.9603,mm
2,14:20:20,卖,99.9550,1.0,10.00,99.9462,mm
2,14:20:27,买,99.9300,1.0,9.99,99.9303,mm
2,14:20:41,买,99.9650,1.0,10.00,99.9667,mm
2,14:20:42,买,99.9500,1.0,10.00,99.9532,mm
2,14:20:51,卖,99.9550,1.0,10.00,99.9499,mm
2,14:20:54,买,99.9300,1.0,9.99,99.9326,mm
2,14:21:02,卖,99.9450,1.0,9.99,99.9451,mm
2,14:21:04,卖,99.9500,1.0,10.00,99.9457,mm
2,14:21:13,买,99.9300,1.0,9.99,99.9333,mm
2,14:21:17,卖,99.9450,1.0,9.99,99.9394,mm
2,14:21:30,买,99.9100,1.0,9.99,99.9117,mm
2,14:21:32,卖,99.9250,1.0,9.99,99.9235,mm
2,14:21:34,买,99.9150,1.0,9.99,99.9165,mm
2,14:21:37,买,99.9150,1.0,9.99,99.9209,mm
2,14:21:39,卖,99.9300,1.0,9.99,99.9247,mm
2,14:21:42,卖,99.9350,1.0,9.99,99.9296,mm
2,14:21:45,买,99.9150,1.0,9.99,99.9195,mm
2,14:22:01,卖,99.9650,1.0,10.00,99.9621,mm
2,14:22:23,卖,99.9700,1.0,10.00,99.9614,mm
2,14:22:29,买,99.9700,1.0,10.00,99.9719,mm
2,14:22:31,卖,99.9900,1.0,10.00,99.9821,mm
2,14:22:35,买,99.9700,1.0,10.00,99.9755,mm
2,14:22:43,卖,99.9950,1.0,10.00,99.9897,mm
2,14:23:00,买,99.9800,1.0,10.00,99.9824,mm
2,14:23:01,卖,99.9950,1.0,10.00,99.9890,mm
2,14:23:19,买,99.9700,1.0,10.00,99.9680,mm
2,14:23:21,卖,99.9800,1.0,10.00,99.9772,mm
2,14:23:26,买,99.9600,1.0,10.00,99.9635,mm
2,14:23:33,卖,99.9800,1.0,10.00,99.9767,mm
2,14:23:35,卖,99.9900,1.0,10.00,99.9762,mm
2,14:23:36,卖,99.9900,1.0,10.00,99.9771,mm
2,14:23:46,卖,99.9850,1.0,10.00,99.9710,mm
2,14:23:52,买,99.9400,1.0,9.99,99.9454,mm
2,14:23:56,卖,99.9550,1.0,10.00,99.9504,mm
2,14:24:04,买,99.9550,1.0,10.00,99.9567,mm
2,14:24:06,买,99.9450,1.0,9.99,99.9493,mm
2,14:24:11,买,99.9450,1.0,9.99,99.9511,mm
2,14:24:19,买,99.9450,1.0,9.99,99.9482,mm
2,14:24:55,买,99.9000,1.0,9.99,99.9040,mm
2,14:25:07,买,99.9150,1.0,9.99,99.9159,mm
2,14:25:14,卖,99.9150,1.0,9.99,99.9090,mm
2,14:25:22,买,99.8850,1.0,9.99,99.8908,mm
2,14:25:30,卖,99.8750,1.0,9.99,99.8741,mm
2,14:25:38,买,99.8750,1.0,9.99,99.8672,mm
2,14:25:45,卖,99.8750,1.0,9.99,99.8702,mm
2,14:25:52,买,99.8500,1.0,9.99,99.8484,mm
2,14:25:54,卖,99.8600,1.0,9.99,99.8508,mm
2,14:25:59,卖,99.8600,1.0,9.99,99.8598,mm
2,14:26:00,卖,99.8750,1.0,9.99,99.8667,mm
2,14:26:12,卖,99.8950,1.0,9.99,99.8932,mm
2,14:26:18,买,99.8900,1.0,9.99,99.8962,mm
2,14:26:21,买,99.8850,1.0,9.99,99.8851,mm
2,14:26:23,卖,99.9050,1.0,9.99,99.8989,mm
2,14:26:25,买,99.8850,1.0,9.99,99.8903,mm
2,14:26:27,卖,99.9050,1.0,9.99,99.9008,mm
2,14:26:30,买,99.8900,1.0,9.99,99.8936,mm
2,14:26:37,卖,99.9000,1.0,9.99,99.8960,mm
2,14:26:39,买,99.8900,1.0,9.99,99.8961,mm
2,14:26:43,卖,99.9000,1.0,9.99,99.8905,mm
2,14:26:59,卖,99.8750,1.0,9.99,99.8716,mm
2,14:27:01,买,99.8650,1.0,9.99,99.8666,mm
2,14:27:05,买,99.8350,1.0,9.98,99.8410,mm
2,14:27:11,卖,99.8550,1.0,9.99,99.8594,mm
2,14:27:16,卖,99.8850,1.0,9.99,99.8798,mm
2,14:27:19,卖,99.9050,1.0,9.99,99.9097,mm
2,14:27:20,买,99.9000,1.0,9.99,99.9058,mm
2,14:27:26,买,99.8900,1.0,9.99,99.8953,mm
2,14:27:26,买,99.8850,1.0,9.99,99.8857,mm
2,14:27:35,买,99.8600,1.0,9.99,99.8643,mm
2,14:27:40,卖,99.8800,1.0,9.99,99.8805,mm
2,14:27:40,买,99.8650,1.0,9.99,99.8711,mm
2,14:27:42,买,99.8550,1.0,9.99,99.8599,mm
2,14:27:45,卖,99.8750,1.0,9.99,99.8732,mm
2,14:27:47,卖,99.8950,1.0,9.99,99.8898,mm
2,14:27:51,卖,99.9000,1.0,9.99,99.8987,mm
2,14:27:59,买,99.9000,1.0,9.99,99.9051,mm
2,14:28:06,卖,99.9250,1.0,9.99,99.9251,mm
2,14:28:08,买,99.9100,1.0,9.99,99.9130,mm
2,14:28:10,卖,99.9300,1.0,9.99,99.9250,mm
2,14:28:15,买,99.9100,1.0,9.99,99.9150,mm
2,14:28:21,卖,99.9250,1.0,9.99,99.9139,mm
2,14:28:27,买,99.9150,1.0,9.99,99.9201,mm
2,14:28:50,买,99.9300,1.0,9.99,99.9356,mm
2,14:28:59,卖,99.9250,1.0,9.99,99.9219,mm
2,14:29:10,卖,99.9050,1.0,9.99,99.9007,mm
2,14:29:14,买,99.8900,1.0,9.99,99.8961,mm
2,14:29:24,买,99.8650,1.0,9.99,99.8691,mm
2,14:29:26,卖,99.8800,1.0,9.99,99.8675,mm
2,14:29:27,卖,99.8800,1.0,9.99,99.8717,mm
2,14:29:29,买,99.8550,1.0,9.99,99.8568,mm
2,14:29:30,买,99.8450,1.0,9.98,99.8508,mm
2,14:29:32,卖,99.8600,1.0,9.99,99.8485,mm
2,14:29:33,卖,99.8600,1.0,9.99,99.8454,mm
2,14:29:33,卖,99.8600,1.0,9.99,99.8417,mm
2,14:29:42,买,99.8250,1.0,9.98,99.8306,mm
2,14:29:44,买,99.8250,1.0,9.98,99.8304,mm
2,14:29:57,卖,99.8550,1.0,9.99,99.8468,mm
2,14:30:05,买,99.8250,1.0,9.98,99.8280,mm
2,14:30:08,卖,99.8500,1.0,9.99,99.8429,mm
2,14:30:11,卖,99.8600,1.0,9.99,99.8541,mm
2,14:30:31,卖,99.8700,1.0,9.99,99.8637,mm
2,14:30:47,买,99.8850,1.0,9.99,99.8844,mm
2,14:30:52,买,99.8750,1.0,9.99,99.8806,mm
2,14:31:08,买,99.8800,1.0,9.99,99.8852,mm
2,14:31:08,买,99.8700,1.0,9.99,99.8670,mm
2,14:31:23,卖,99.8850,1.0,9.99,99.8819,mm
2,14:31:32,买,99.8650,1.0,9.99,99.8669,mm
2,14:31:34,卖,99.8800,1.0,9.99,99.8797,mm
2,14:31:38,买,99.8700,1.0,9.99,99.8717,mm
2,14:31:40,买,99.8550,1.0,9.99,99.8597,mm
2,14:31:55,买,99.8650,1.0,9.99,99.8822,mm
2,14:32:25,卖,99.8150,1.0,9.98,99.8113,mm
2,14:32:30,卖,99.8300,1.0,9.98,99.8341,mm
2,14:32:49,卖,99.8600,1.0,9.99,99.8577,mm
2,14:32:50,卖,99.8700,1.0,9.99,99.8611,mm
2,14:32:53,卖,99.8550,1.0,9.99,99.8526,mm
2,14:32:55,买,99.8450,1.0,9.98,99.8465,mm
2,14:32:59,买,99.8300,1.0,9.98,99.8360,mm
2,14:33:04,卖,99.8450,1.0,9.98,99.8399,mm
2,14:33:05,买,99.8300,1.0,9.98,99.8321,mm
2,14:33:26,买,99.8250,1.0,9.98,99.8296,mm
2,14:33:51,卖,99.8450,1.0,9.98,99.8354,mm
2,14:33:55,买,99.8050,1.0,9.98,99.8105,mm
2,14:34:27,卖,99.8100,1.0,9.98,99.8062,mm
2,14:34:39,卖,99.8350,1.0,9.98,99.8333,mm
2,14:34:46,买,99.8250,1.0,9.98,99.8282,mm
2,14:35:01,卖,99.8350,1.0,9.98,99.8297,mm
2,14:35:11,买,99.8400,1.0,9.98,99.8460,mm
2,14:35:18,卖,99.8650,1.0,9.99,99.8693,mm
2,14:35:21,买,99.8450,1.0,9.98,99.8450,mm
2,14:35:27,买,99.8350,1.0,9.98,99.8377,mm
2,14:35:51,卖,99.8300,1.0,9.98,99.8332,mm
2,14:35:53,卖,99.8450,1.0,9.98,99.8427,mm
2,14:35:54,卖,99.8550,1.0,9.99,99.8395,mm
2,14:35:55,卖,99.8550,1.0,9.99,99.8384,mm
2,14:35:55,买,99.8300,1.0,9.98,99.8350,mm
2,14:35:58,买,99.8100,1.0,9.98,99.8142,mm
2,14:36:17,卖,99.8300,1.0,9.98,99.8250,mm
2,14:36:18,买,99.8100,1.0,9.98,99.8156,mm
2,14:36:22,卖,99.8400,1.0,9.98,99.8426,mm
2,14:36:28,买,99.8500,1.0,9.99,99.8536,mm
2,14:36:33,买,99.8500,1.0,9.99,99.8528,mm
2,14:36:40,买,99.8350,1.0,9.98,99.8366,mm
2,14:36:41,卖,99.8500,1.0,9.99,99.8461,mm
2,14:36:44,买,99.8300,1.0,9.98,99.8347,mm
2,14:36:47,买,99.8250,1.0,9.98,99.8306,mm
2,14:36:54,买,99.8250,1.0,9.98,99.8301,mm
2,14:36:56,卖,99.8500,1.0,9.99,99.8465,mm
2,14:37:03,卖,99.8500,1.0,9.99,99.8441,mm
2,14:37:17,买,99.8150,1.0,9.98,99.8190,mm
2,14:37:48,卖,99.7950,1.0,9.98,99.7897,mm
2,14:37:59,买,99.7500,1.0,9.98,99.7507,mm
2,14:38:02,买,99.7500,1.0,9.98,99.7508,mm
2,14:38:04,卖,99.7650,1.0,9.98,99.7673,mm
2,14:38:07,买,99.7500,1.0,9.98,99.7537,mm
2,14:38:18,卖,99.7700,1.0,9.98,99.7699,mm
2,14:38:19,卖,99.7800,1.0,9.98,99.7775,mm
2,14:38:20,买,99.7600,1.0,9.98,99.7540,mm
2,14:38:22,卖,99.7600,1.0,9.98,99.7538,mm
2,14:38:24,卖,99.7600,1.0,9.98,99.7541,mm
2,14:38:25,卖,99.7650,1.0,9.98,99.7615,mm
2,14:38:30,卖,99.7650,1.0,9.98,99.7638,mm
2,14:38:36,买,99.7350,1.0,9.97,99.7372,mm
2,14:38:48,买,99.7450,1.0,9.97,99.7478,mm
2,14:38:52,买,99.7250,1.0,9.97,99.7302,mm
2,14:39:08,买,99.7350,1.0,9.97,99.7403,mm
2,14:39:09,卖,99.7500,1.0,9.98,99.7449,mm
2,14:39:22,卖,99.7300,1.0,9.97,99.7302,mm
2,14:39:25,买,99.7250,1.0,9.97,99.7278,mm
2,14:39:27,卖,99.7350,1.0,9.97,99.7394,mm
2,14:39:47,卖,99.7650,1.0,9.98,99.7589,mm
2,14:39:57,买,99.7650,1.0,9.98,99.7665,mm
2,14:40:10,卖,99.7850,1.0,9.98,99.7815,mm
2,14:40:21,买,99.7850,1.0,9.98,99.7883,mm
2,14:40:30,买,99.7500,1.0,9.98,99.7553,mm
2,14:40:34,卖,99.7900,1.0,9.98,99.7859,mm
2,14:40:38,卖,99.7950,1.0,9.98,99.7911,mm
2,14:40:53,买,99.7700,1.0,9.98,99.7722,mm
2,14:41:06,买,99.7700,1.0,9.98,99.7741,mm
2,14:41:09,卖,99.7750,1.0,9.98,99.7716,mm
2,14:41:22,买,99.7700,1.0,9.98,99.7813,mm
2,14:41:22,买,99.7700,1.0,9.98,99.7857,mm
2,14:41:36,卖,99.8050,1.0,9.98,99.8005,mm
2,14:41:51,卖,99.7850,1.0,9.98,99.7743,mm
2,14:41:51,卖,99.7850,1.0,9.98,99.7811,mm
2,14:42:00,卖,99.7900,1.0,9.98,99.7797,mm
2,14:42:03,买,99.7800,1.0,9.98,99.7860,mm
2,14:42:22,买,99.7900,1.0,9.98,99.7947,mm
2,14:42:26,买,99.7750,1.0,9.98,99.7812,mm
2,14:42:30,卖,99.8000,1.0,9.98,99.7938,mm
2,14:42:32,买,99.7950,1.0,9.98,99.7911,mm
2,14:42:39,买,99.8000,1.0,9.98,99.8042,mm
2,14:42:44,卖,99.8200,1.0,9.98,99.8142,mm
2,14:42:52,卖,99.8350,1.0,9.98,99.8241,mm
2,14:42:55,卖,99.8400,1.0,9.98,99.8386,mm
2,14:43:16,买,99.8400,1.0,9.98,99.8442,mm
2,14:43:26,买,99.8550,1.0,9.99,99.8555,mm
2,14:43:32,买,99.8550,1.0,9.99,99.8598,mm
2,14:43:38,买,99.8450,1.0,9.98,99.8468,mm
2,14:43:50,买,99.8500,1.0,9.99,99.8560,mm
2,14:43:50,卖,99.8650,1.0,9.99,99.8636,mm
2,14:43:54,卖,99.9000,1.0,9.99,99.8960,mm
2,14:43:57,买,99.9000,1.0,9.99,99.9047,mm
2,14:44:00,卖,99.9400,1.0,9.99,99.9356,mm
2,14:44:09,买,99.8950,1.0,9.99,99.9007,mm
2,14:44:16,卖,99.8900,1.0,9.99,99.8876,mm
2,14:44:19,卖,99.8900,1.0,9.99,99.8856,mm
2,14:44:22,卖,99.9100,1.0,9.99,99.9113,mm
2,14:44:28,卖,99.9100,1.0,9.99,99.9034,mm
2,14:44:41,买,99.8750,1.0,9.99,99.8769,mm
2,14:44:42,卖,99.8900,1.0,9.99,99.8881,mm
2,14:44:51,卖,99.9150,1.0,9.99,99.9167,mm
2,14:44:55,卖,99.9400,1.0,9.99,99.9397,mm
2,14:44:57,买,99.9300,1.0,9.99,99.9354,mm
2,14:45:01,卖,99.9400,1.0,9.99,99.9295,mm
2,14:45:10,买,99.9250,1.0,9.99,99.9349,mm
2,14:45:20,买,99.9150,1.0,9.99,99.9156,mm
2,14:45:28,买,99.9150,1.0,9.99,99.9207,mm
2,14:45:37,买,99.9200,1.0,9.99,99.9253,mm
2,14:45:43,卖,99.9450,1.0,9.99,99.9402,mm
2,14:45:55,卖,99.9500,1.0,10.00,99.9440,mm
2,14:46:01,买,99.9400,1.0,9.99,99.9457,mm
2,14:46:03,买,99.9250,1.0,9.99,99.9310,mm
2,14:46:07,买,99.9050,1.0,9.99,99.9054,mm
2,14:46:18,卖,99.9400,1.0,9.99,99.9385,mm
2,14:46:28,买,99.9200,1.0,9.99,99.9175,mm
2,14:46:29,买,99.9000,1.0,9.99,99.9005,mm
2,14:46:30,买,99.8800,1.0,9.99,99.8850,mm
2,14:46:33,卖,99.8900,1.0,9.99,99.8866,mm
2,14:46:36,买,99.8750,1.0,9.99,99.8798,mm
2,14:46:43,买,99.8800,1.0,9.99,99.8910,mm
2,14:46:55,卖,99.8800,1.0,9.99,99.8755,mm
2,14:46:58,卖,99.8850,1.0,9.99,99.8793,mm
2,14:47:01,卖,99.8950,1.0,9.99,99.8988,mm
2,14:47:14,卖,99.9250,1.0,9.99,99.9193,mm
2,14:47:17,卖,99.9350,1.0,9.99,99.9291,mm
2,14:47:27,买,99.9500,1.0,10.00,99.9539,mm
2,14:47:33,买,99.9500,1.0,10.00,99.9538,mm
2,14:47:39,买,99.9400,1.0,9.99,99.9450,mm
2,14:48:03,卖,99.9400,1.0,9.99,99.9385,mm
2,14:48:05,卖,99.9550,1.0,10.00,99.9533,mm
2,14:48:13,卖,99.9350,1.0,9.99,99.9366,mm
2,14:48:24,买,99.9200,1.0,9.99,99.9238,mm
2,14:48:31,买,99.8900,1.0,9.99,99.8917,mm
2,14:49:11,卖,99.8800,1.0,9.99,99.8743,mm
2,14:49:22,卖,99.8950,1.0,9.99,99.8904,mm
2,14:49:24,卖,99.9100,1.0,9.99,99.9000,mm
2,14:49:32,买,99.9000,1.0,9.99,99.9051,mm
2,14:49:34,卖,99.9150,1.0,9.99,99.9092,mm
2,14:49:46,买,99.9150,1.0,9.99,99.9173,mm
2,14:49:56,买,99.8750,1.0,9.99,99.8754,mm
2,14:50:00,买,99.8850,1.0,9.99,99.8912,mm
2,14:50:02,卖,99.8750,1.0,9.99,99.8735,mm
2,14:50:11,卖,99.8700,1.0,9.99,99.8669,mm
2,14:50:15,买,99.8300,1.0,9.98,99.8356,mm
2,14:50:23,买,99.8000,1.0,9.98,99.8049,mm
2,14:50:34,卖,99.8200,1.0,9.98,99.8197,mm
2,14:50:37,买,99.8000,1.0,9.98,99.8050,mm
2,14:50:44,卖,99.8100,1.0,9.98,99.8040,mm
2,14:50:44,卖,99.8150,1.0,9.98,99.8117,mm
2,14:50:52,买,99.7950,1.0,9.98,99.7972,mm
2,14:50:55,买,99.7900,1.0,9.98,99.7930,mm
2,14:51:19,卖,99.8100,1.0,9.98,99.8043,mm
2,14:51:33,买,99.7850,1.0,9.98,99.7899,mm
2,14:51:33,买,99.7750,1.0,9.98,99.7764,mm
2,14:51:38,买,99.7600,1.0,9.98,99.7660,mm
2,14:51:41,卖,99.7850,1.0,9.98,99.7750,mm
2,14:51:47,卖,99.7750,1.0,9.98,99.7671,mm
2,14:51:58,买,99.7600,1.0,9.98,99.7612,mm
2,14:51:59,卖,99.7700,1.0,9.98,99.7714,mm
2,14:52:17,买,99.7300,1.0,9.97,99.7354,mm
2,14:52:21,买,99.7300,1.0,9.97,99.7355,mm
2,14:52:22,买,99.7250,1.0,9.97,99.7289,mm
2,14:52:28,卖,99.7450,1.0,9.97,99.7418,mm
2,14:52:42,买,99.7050,1.0,9.97,99.7096,mm
2,14:52:47,卖,99.7100,1.0,9.97,99.7069,mm
2,14:52:53,买,99.6950,1.0,9.97,99.6985,mm
2,14:53:08,卖,99.6850,1.0,9.97,99.6795,mm
2,14:53:36,买,99.6700,1.0,9.97,99.6774,mm
2,14:53:46,卖,99.7150,1.0,9.97,99.7089,mm
2,14:53:54,卖,99.7300,1.0,9.97,99.7321,mm
2,14:54:00,卖,99.7600,1.0,9.98,99.7571,mm
2,14:54:04,卖,99.7600,1.0,9.98,99.7618,mm
2,14:54:08,卖,99.7750,1.0,9.98,99.7734,mm
2,14:54:10,买,99.7500,1.0,9.98,99.7531,mm
2,14:54:22,卖,99.7650,1.0,9.98,99.7620,mm
2,14:54:26,卖,99.7750,1.0,9.98,99.7795,mm
2,14:54:27,买,99.7650,1.0,9.98,99.7695,mm
2,14:54:36,卖,99.7900,1.0,9.98,99.7838,mm
2,14:54:48,卖,99.7950,1.0,9.98,99.7890,mm
2,14:55:04,卖,99.7850,1.0,9.98,99.7793,mm
2,14:55:16,卖,99.8050,1.0,9.98,99.8013,mm
2,14:55:21,卖,99.8200,1.0,9.98,99.8150,mm
2,14:55:22,买,99.8000,1.0,9.98,99.7999,mm
2,14:55:23,卖,99.8150,1.0,9.98,99.7995,mm
2,14:55:31,卖,99.8100,1.0,9.98,99.8054,mm
2,14:55:36,卖,99.8300,1.0,9.98,99.8247,mm
2,14:55:43,买,99.8400,1.0,9.98,99.8461,mm
2,14:55:46,买,99.8450,1.0,9.98,99.8484,mm
2,14:55:52,买,99.8350,1.0,9.98,99.8380,mm
2,14:55:54,买,99.8300,1.0,9.98,99.8353,mm
2,14:56:07,买,99.8050,1.0,9.98,99.8053,mm
2,14:56:09,买,99.7950,1.0,9.98,99.8003,mm
2,14:56:17,买,99.7950,1.0,9.98,99.7996,mm
2,14:56:22,买,99.7750,1.0,9.98,99.7810,mm
2,14:56:34,卖,99.7750,1.0,9.98,99.7670,mm
2,14:56:39,买,99.7550,1.0,9.98,99.7559,mm
2,14:56:43,买,99.7500,1.0,9.98,99.7514,mm
2,14:56:49,卖,99.7700,1.0,9.98,99.7643,mm
2,14:56:59,买,99.7600,1.0,9.98,99.7616,mm
2,14:57:22,卖,99.7850,1.0,9.98,99.7795,mm
2,14:57:28,卖,99.7950,1.0,9.98,99.7926,mm
2,14:57:29,卖,99.8000,1.0,9.98,99.7973,mm
2,14:57:35,买,99.7900,1.0,9.98,99.7957,mm
2,14:57:47,买,99.8100,1.0,9.98,99.8154,mm
2,14:57:50,卖,99.8150,1.0,9.98,99.8070,mm
2,14:57:51,卖,99.8200,1.0,9.98,99.8174,mm
2,14:58:00,卖,99.8350,1.0,9.98,99.8298,mm
2,14:58:07,卖,99.8600,1.0,9.99,99.8664,mm
2,14:58:12,卖,99.8650,1.0,9.99,99.8591,mm
2,14:58:12,买,99.8500,1.0,9.99,99.8559,mm
2,14:58:14,买,99.8450,1.0,9.98,99.8503,mm
2,14:58:20,买,99.8300,1.0,9.98,99.8318,mm
2,14:58:23,买,99.8250,1.0,9.98,99.8295,mm
2,14:58:46,卖,99.8500,1.0,9.99,99.8402,mm
2,14:58:58,买,99.8550,1.0,9.99,99.8608,mm
2,14:58:59,买,99.8500,1.0,9.99,99.8548,mm
2,14:59:05,卖,99.8850,1.0,9.99,99.8814,mm
2,14:59:20,卖,99.8800,1.0,9.99,99.8754,mm
2,14:59:31,卖,99.8700,1.0,9.99,99.8594,mm
2,14:59:38,买,99.8650,1.0,9.99,99.8697,mm
2,14:59:41,买,99.8600,1.0,9.99,99.8642,mm
2,14:59:57,卖,99.8450,1.0,9.98,99.8418,mm
2,15:00:02,买,99.8500,1.0,9.99,99.8479,mm
3,09:15:03,买,100.0400,1.0,10.00,100.0452,mm
3,09:15:03,卖,100.0550,1.0,10.01,100.0461,mm
3,09:15:16,卖,100.0650,1.0,10.01,100.0613,mm
3,09:15:21,买,100.0550,1.0,10.01,100.0604,mm
3,09:15:25,卖,100.0850,1.0,10.01,100.0853,mm
3,09:15:31,买,100.1000,1.0,10.01,100.1044,mm
3,09:15:33,买,100.0850,1.0,10.01,100.0911,mm
3,09:15:36,卖,100.0950,1.0,10.01,100.0902,mm
3,09:16:14,买,100.0600,1.0,10.01,100.0652,mm
3,09:16:15,卖,100.0750,1.0,10.01,100.0766,mm
3,09:16:26,卖,100.1000,1.0,10.01,100.0939,mm
3,09:16:27,卖,100.1100,1.0,10.01,100.1105,mm
3,09:16:32,买,100.1100,1.0,10.01,100.1126,mm
3,09:16:44,买,100.0850,1.0,10.01,100.0860,mm
3,09:16:45,买,100.0700,1.0,10.01,100.0733,mm
3,09:17:06,买,100.0400,1.0,10.00,100.0422,mm
3,09:17:06,卖,100.0500,1.0,10.01,100.0466,mm
3,09:17:25,卖,100.0850,1.0,10.01,100.0851,mm
3,09:17:26,买,100.0800,1.0,10.01,100.0793,mm
3,09:17:36,卖,100.1000,1.0,10.01,100.0956,mm
3,09:17:37,买,100.0750,1.0,10.01,100.0789,mm
3,09:17:49,卖,100.0800,1.0,10.01,100.0739,mm
3,09:17:56,买,100.0550,1.0,10.01,100.0504,mm
3,09:18:24,买,100.0450,1.0,10.00,100.0548,mm
3,09:18:43,卖,100.0350,1.0,10.00,100.0303,mm
3,09:18:47,卖,100.0500,1.0,10.01,100.0452,mm
3,09:19:06,买,100.0300,1.0,10.00,100.0351,mm
3,09:19:13,买,100.0050,1.0,10.00,100.0055,mm
3,09:19:17,卖,100.0050,1.0,10.00,100.0029,mm
3,09:19:28,卖,100.0300,1.0,10.00,100.0257,mm
3,09:19:54,卖,100.0250,1.0,10.00,100.0167,mm
3,09:19:57,买,100.0150,1.0,10.00,100.0210,mm
3,09:20:16,买,100.0350,1.0,10.00,100.0377,mm
3,09:20:23,卖,100.0550,1.0,10.01,100.0501,mm
3,09:20:26,买,100.0400,1.0,10.00,100.0446,mm
3,09:20:27,卖,100.0550,1.0,10.01,100.0564,mm
3,09:20:40,买,100.0500,1.0,10.01,100.0534,mm
3,09:20:49,卖,100.0650,1.0,10.01,100.0675,mm
3,09:21:03,卖,100.0850,1.0,10.01,100.0850,mm
3,09:21:05,买,100.0800,1.0,10.01,100.0845,mm
3,09:21:17,买,100.1050,1.0,10.01,100.1106,mm
3,09:21:36,卖,100.1200,1.0,10.01,100.1267,mm
3,09:21:52,卖,100.1250,1.0,10.01,100.1193,mm
3,09:21:54,买,100.1150,1.0,10.01,100.1189,mm
3,09:22:10,买,100.1050,1.0,10.01,100.1075,mm
3,09:22:11,卖,100.1200,1.0,10.01,100.1145,mm
3,09:22:23,卖,100.1750,1.0,10.02,100.1735,mm
3,09:22:25,卖,100.2100,1.0,10.02,100.2074,mm
3,09:22:28,买,100.1950,1.0,10.02,100.1932,mm
3,09:22:32,买,100.2000,1.0,10.02,100.2046,mm
3,09:22:52,卖,100.2150,1.0,10.02,100.2118,mm
3,09:23:09,买,100.2050,1.0,10.02,100.2109,mm
3,09:23:12,买,100.1800,1.0,10.02,100.1820,mm
3,09:23:26,卖,100.1950,1.0,10.02,100.2040,mm
3,09:23:34,买,100.1850,1.0,10.02,100.1904,mm
3,09:23:37,卖,100.1900,1.0,10.02,100.1882,mm
3,09:23:43,卖,100.1950,1.0,10.02,100.1904,mm
3,09:23:57,买,100.2000,1.0,10.02,100.1999,mm
3,09:24:15,卖,100.2200,1.0,10.02,100.2171,mm
3,09:24:17,卖,100.2350,1.0,10.02,100.2215,mm
3,09:24:30,买,100.2200,1.0,10.02,100.2210,mm
3,09:24:33,买,100.2150,1.0,10.02,100.2183,mm
3,09:25:15,卖,100.1700,1.0,10.02,100.1717,mm
3,09:25:21,买,100.1650,1.0,10.02,100.1642,mm
3,09:25:30,卖,100.1650,1.0,10.02,100.1619,mm
3,09:25:34,买,100.1600,1.0,10.02,100.1656,mm
3,09:25:51,卖,100.1900,1.0,10.02,100.1840,mm
3,09:26:01,买,100.1700,1.0,10.02,100.1691,mm
3,09:26:19,卖,100.1750,1.0,10.02,100.1727,mm
3,09:26:26,买,100.1650,1.0,10.02,100.1660,mm
3,09:26:29,买,100.1550,1.0,10.02,100.1589,mm
3,09:26:32,卖,100.1700,1.0,10.02,100.1638,mm
3,09:26:40,卖,100.2000,1.0,10.02,100.2003,mm
3,09:26:41,买,100.2000,1.0,10.02,100.2029,mm
3,09:26:48,卖,100.2000,1.0,10.02,100.1977,mm
3,09:26:52,买,100.1900,1.0,10.02,100.1962,mm
3,09:26:59,买,100.1650,1.0,10.02,100.1696,mm
3,09:27:19,卖,100.1350,1.0,10.01,100.1322,mm
3,09:27:28,卖,100.1500,1.0,10.02,100.1401,mm
3,09:27:32,买,100.1550,1.0,10.02,100.1561,mm
3,09:27:43,卖,100.1400,1.0,10.01,100.1346,mm
3,09:27:49,买,100.1300,1.0,10.01,100.1315,mm
3,09:28:25,买,100.1700,1.0,10.02,100.1680,mm
3,09:28:29,卖,100.1600,1.0,10.02,100.1542,mm
3,09:28:38,买,100.1450,1.0,10.01,100.1502,mm
3,09:28:45,卖,100.1500,1.0,10.02,100.1472,mm
3,09:29:06,买,100.1500,1.0,10.02,100.1541,mm
3,09:29:08,卖,100.1600,1.0,10.02,100.1592,mm
3,09:29:13,卖,100.1700,1.0,10.02,100.1655,mm
3,09:29:19,买,100.1550,1.0,10.02,100.1584,mm
3,09:29:26,卖,100.1850,1.0,10.02,100.1788,mm
3,09:29:28,买,100.1700,1.0,10.02,100.1743,mm
3,09:29:31,买,100.1550,1.0,10.02,100.1577,mm
3,09:29:40,卖,100.1650,1.0,10.02,100.1622,mm
3,09:30:01,买,100.1150,1.0,10.01,100.1124,mm
3,09:30:07,卖,100.1250,1.0,10.01,100.1304,mm
3,09:30:15,买,100.1150,1.0,10.01,100.1141,mm
3,09:30:19,卖,100.1100,1.0,10.01,100.1143,mm
3,09:30:23,卖,100.1400,1.0,10.01,100.1350,mm
3,09:30:24,买,100.1200,1.0,10.01,100.1224,mm
3,09:30:57,卖,100.1400,1.0,10.01,100.1357,mm
3,09:31:02,买,100.1250,1.0,10.01,100.1234,mm
3,09:32:02,卖,100.1650,1.0,10.02,100.1553,mm
3,09:32:04,买,100.1450,1.0,10.01,100.1498,mm
3,09:32:13,买,100.1450,1.0,10.01,100.1499,mm
3,09:32:17,卖,100.1650,1.0,10.02,100.1687,mm
3,09:32:44,卖,100.2100,1.0,10.02,100.2040,mm
3,09:32:59,买,100.1950,1.0,10.02,100.1988,mm
3,09:33:27,卖,100.2400,1.0,10.02,100.2416,mm
3,09:33:29,买,100.2300,1.0,10.02,100.2292,mm
3,09:33:39,卖,100.2600,1.0,10.03,100.2577,mm
3,09:33:57,买,100.2350,1.0,10.02,100.2398,mm
3,09:34:05,买,100.2450,1.0,10.02,100.2471,mm
3,09:34:08,卖,100.2700,1.0,10.03,100.2661,mm
3,09:34:11,买,100.2650,1.0,10.03,100.2695,mm
3,09:34:13,卖,100.2750,1.0,10.03,100.2657,mm
3,09:34:48,买,100.2850,1.0,10.03,100.2873,mm
3,09:34:55,买,100.2800,1.0,10.03,100.2842,mm
3,09:35:01,卖,100.2600,1.0,10.03,100.2620,mm
3,09:35:05,卖,100.2700,1.0,10.03,100.2594,mm
3,09:35:10,买,100.2550,1.0,10.03,100.2571,mm
3,09:35:28,卖,100.2700,1.0,10.03,100.2598,mm
3,09:35:31,卖,100.2750,1.0,10.03,100.2703,mm
3,09:35:32,买,100.2650,1.0,10.03,100.2677,mm
3,09:36:02,买,100.2400,1.0,10.02,100.2443,mm
3,09:36:07,卖,100.2850,1.0,10.03,100.2790,mm
3,09:37:15,卖,100.2700,1.0,10.03,100.2641,mm
3,09:37:16,买,100.2550,1.0,10.03,100.2575,mm
3,09:37:40,卖,100.2650,1.0,10.03,100.2597,mm
3,09:37:41,买,100.2500,1.0,10.03,100.2549,mm
3,09:38:00,买,100.2150,1.0,10.02,100.2203,mm
3,09:38:18,卖,100.1900,1.0,10.02,100.1865,mm
3,09:38:30,卖,100.1900,1.0,10.02,100.1842,mm
3,09:38:40,买,100.1600,1.0,10.02,100.1625,mm
3,09:38:52,卖,100.1650,1.0,10.02,100.1590,mm
3,09:39:11,卖,100.2100,1.0,10.02,100.1894,mm
3,09:39:16,买,100.1800,1.0,10.02,100.1791,mm
3,09:39:25,买,100.1800,1.0,10.02,100.1781,mm
3,09:39:30,买,100.1700,1.0,10.02,100.1747,mm
3,09:39:42,卖,100.1650,1.0,10.02,100.1615,mm
3,09:39:55,买,100.1550,1.0,10.02,100.1554,mm
3,09:40:14,卖,100.1600,1.0,10.02,100.1646,mm
3,09:40:20,买,100.1400,1.0,10.01,100.1449,mm
3,09:40:20,卖,100.1550,1.0,10.02,100.1573,mm
3,09:40:48,买,100.1300,1.0,10.01,100.1325,mm
3,09:40:55,卖,100.1500,1.0,10.02,100.1429,mm
3,09:41:08,卖,100.1700,1.0,10.02,100.1642,mm
3,09:41:09,买,100.1550,1.0,10.02,100.1574,mm
3,09:41:23,卖,100.1850,1.0,10.02,100.1820,mm
3,09:41:37,买,100.2000,1.0,10.02,100.2029,mm
3,09:41:57,买,100.1500,1.0,10.02,100.1540,mm
3,09:42:00,卖,100.1650,1.0,10.02,100.1628,mm
3,09:42:53,卖,100.1250,1.0,10.01,100.1133,mm
3,09:42:58,买,100.1100,1.0,10.01,100.1103,mm
3,09:43:05,买,100.0850,1.0,10.01,100.0893,mm
3,09:43:12,卖,100.0950,1.0,10.01,100.0926,mm
3,09:43:23,买,100.1100,1.0,10.01,100.1159,mm
3,09:43:29,买,100.0950,1.0,10.01,100.1004,mm
3,09:43:30,卖,100.1050,1.0,10.01,100.1106,mm
3,09:43:33,卖,100.1150,1.0,10.01,100.1088,mm
3,09:43:41,卖,100.1450,1.0,10.01,100.1400,mm
3,09:43:44,买,100.1250,1.0,10.01,100.1256,mm
3,09:45:38,买,100.0400,1.0,10.00,100.0422,mm
3,09:45:42,卖,100.0400,1.0,10.00,100.0317,mm
3,09:45:49,卖,100.0300,1.0,10.00,100.0194,mm
3,09:45:55,买,100.0200,1.0,10.00,100.0249,mm
3,09:46:17,卖,100.0500,1.0,10.01,100.0437,mm
3,09:46:19,买,100.0350,1.0,10.00,100.0409,mm
3,09:46:37,买,99.9950,1.0,10.00,99.9947,mm
3,09:46:40,卖,99.9950,1.0,10.00,99.9980,mm
3,09:47:08,卖,100.0300,1.0,10.00,100.0317,mm
3,09:47:12,买,100.0350,1.0,10.00,100.0406,mm
3,09:47:15,卖,100.0600,1.0,10.01,100.0459,mm
3,09:47:17,买,100.0300,1.0,10.00,100.0359,mm
3,09:47:24,卖,100.0300,1.0,10.00,100.0144,mm
3,09:47:32,买,100.0350,1.0,10.00,100.0363,mm
3,09:47:40,卖,100.0500,1.0,10.01,100.0531,mm
3,09:47:48,买,100.0650,1.0,10.01,100.0703,mm
3,09:47:48,卖,100.0850,1.0,10.01,100.0872,mm
3,09:47:55,买,100.0800,1.0,10.01,100.0859,mm
3,09:48:10,买,100.0750,1.0,10.01,100.0784,mm
3,09:48:27,卖,100.1150,1.0,10.01,100.1113,mm
3,09:48:41,卖,100.1600,1.0,10.02,100.1551,mm
3,09:49:24,买,100.1550,1.0,10.02,100.1592,mm
3,09:49:49,买,100.1950,1.0,10.02,100.2089,mm
3,09:49:50,买,100.1900,1.0,10.02,100.2148,mm
3,09:50:07,卖,100.2000,1.0,10.02,100.2136,mm
3,09:50:16,卖,100.2200,1.0,10.02,100.2176,mm
3,09:50:29,买,100.2050,1.0,10.02,100.2090,mm
3,09:50:33,卖,100.2150,1.0,10.02,100.2153,mm
3,09:51:14,卖,100.2300,1.0,10.02,100.2241,mm
3,09:51:15,买,100.2150,1.0,10.02,100.2203,mm
3,09:51:18,买,100.1950,1.0,10.02,100.1998,mm
3,09:51:22,卖,100.2050,1.0,10.02,100.1974,mm
3,09:51:29,买,100.1550,1.0,10.02,100.1585,mm
3,09:51:33,卖,100.1750,1.0,10.02,100.1692,mm
3,09:51:35,卖,100.1850,1.0,10.02,100.1791,mm
3,09:51:38,买,100.1600,1.0,10.02,100.1660,mm
3,09:52:24,卖,100.1750,1.0,10.02,100.1533,mm
3,09:52:26,买,100.1400,1.0,10.01,100.1427,mm
3,09:52:44,卖,100.1650,1.0,10.02,100.1661,mm
3,09:53:02,买,100.1850,1.0,10.02,100.1900,mm
3,09:53:18,买,100.1550,1.0,10.02,100.1612,mm
3,09:53:19,卖,100.1700,1.0,10.02,100.1668,mm
3,09:53:49,买,100.1050,1.0,10.01,100.1107,mm
3,09:53:54,卖,100.1050,1.0,10.01,100.0986,mm
3,09:54:02,卖,100.1150,1.0,10.01,100.1120,mm
3,09:54:05,买,100.1050,1.0,10.01,100.1092,mm
3,09:54:09,买,100.1050,1.0,10.01,100.1106,mm
3,09:54:30,卖,100.1150,1.0,10.01,100.1103,mm
3,09:54:36,卖,100.1350,1.0,10.01,100.1277,mm
3,09:54:45,买,100.1100,1.0,10.01,100.1160,mm
3,09:54:59,买,100.0950,1.0,10.01,100.0991,mm
3,09:55:03,卖,100.1100,1.0,10.01,100.1082,mm
3,09:55:13,买,100.0750,1.0,10.01,100.0796,mm
3,09:55:26,卖,100.0650,1.0,10.01,100.0625,mm
3,09:56:07,卖,100.0800,1.0,10.01,100.0727,mm
3,09:56:09,买,100.0700,1.0,10.01,100.0761,mm
3,09:56:23,买,100.0550,1.0,10.01,100.0595,mm
3,09:56:33,卖,100.0750,1.0,10.01,100.0762,mm
3,09:56:53,卖,100.0500,1.0,10.01,100.0392,mm
3,09:56:55,买,100.0150,1.0,10.00,100.0162,mm
3,09:57:20,买,99.9700,1.0,10.00,99.9715,mm
3,09:57:31,卖,99.9400,1.0,9.99,99.9446,mm
3,09:57:41,买,99.9450,1.0,9.99,99.9510,mm
3,09:57:51,卖,99.9700,1.0,10.00,99.9653,mm
3,09:58:30,买,99.9450,1.0,9.99,99.9448,mm
3,09:58:40,卖,99.9350,1.0,9.99,99.9329,mm
3,09:59:08,卖,99.9200,1.0,9.99,99.9179,mm
3,09:59:18,买,99.9000,1.0,9.99,99.9052,mm
3,09:59:22,买,99.8850,1.0,9.99,99.8907,mm
3,09:59:27,卖,99.9050,1.0,9.99,99.8977,mm
3,09:59:51,卖,99.8950,1.0,9.99,99.8965,mm
3,10:00:00,买,99.8900,1.0,9.99,99.8783,mm
3,10:00:06,卖,99.8850,1.0,9.99,99.8814,mm
3,10:00:11,买,99.8650,1.0,9.99,99.8634,mm
3,10:00:17,买,99.8400,1.0,9.98,99.8377,mm
3,10:00:25,卖,99.8350,1.0,9.98,99.8333,mm
3,10:00:33,卖,99.8400,1.0,9.98,99.8345,mm
3,10:00:37,买,99.8300,1.0,9.98,99.8350,mm
3,10:01:00,卖,99.8700,1.0,9.99,99.8608,mm
3,10:01:06,卖,99.9000,1.0,9.99,99.8951,mm
3,10:01:14,买,99.9200,1.0,9.99,99.9206,mm
3,10:01:16,买,99.9100,1.0,9.99,99.9151,mm
3,10:01:34,买,99.8950,1.0,9.99,99.9011,mm
3,10:01:35,卖,99.9100,1.0,9.99,99.9105,mm
3,10:01:46,买,99.8900,1.0,9.99,99.8943,mm
3,10:02:10,卖,99.8550,1.0,9.99,99.8515,mm
3,10:02:33,买,99.7850,1.0,9.98,99.7849,mm
3,10:03:08,卖,99.7200,1.0,9.97,99.7171,mm
3,10:03:13,买,99.7150,1.0,9.97,99.7180,mm
3,10:03:17,卖,99.7200,1.0,9.97,99.7176,mm
3,10:03:30,卖,99.7400,1.0,9.97,99.7284,mm
3,10:04:01,买,99.7800,1.0,9.98,99.7732,mm
3,10:04:14,买,99.7450,1.0,9.97,99.7503,mm
3,10:04:22,卖,99.7300,1.0,9.97,99.7331,mm
3,10:04:27,卖,99.7500,1.0,9.98,99.7388,mm
3,10:04:30,买,99.7450,1.0,9.97,99.7470,mm
3,10:04:46,卖,99.7850,1.0,9.98,99.7789,mm
3,10:04:46,买,99.7700,1.0,9.98,99.7723,mm
3,10:05:38,买,99.7650,1.0,9.98,99.7703,mm
3,10:05:44,卖,99.7950,1.0,9.98,99.7945,mm
3,10:06:14,买,99.8050,1.0,9.98,99.8082,mm
3,10:06:19,卖,99.8200,1.0,9.98,99.8143,mm
3,10:06:24,卖,99.8500,1.0,9.99,99.8541,mm
3,10:06:31,买,99.8500,1.0,9.99,99.8512,mm
3,10:06:35,买,99.8350,1.0,9.98,99.8327,mm
3,10:06:39,卖,99.8500,1.0,9.99,99.8460,mm
3,10:06:39,卖,99.8600,1.0,9.99,99.8550,mm
3,10:06:45,买,99.8300,1.0,9.98,99.8356,mm
3,10:06:52,卖,99.8400,1.0,9.98,99.8295,mm
3,10:07:05,买,99.8000,1.0,9.98,99.8044,mm
3,10:07:06,买,99.7950,1.0,9.98,99.8011,mm
3,10:07:33,卖,99.7300,1.0,9.97,99.7297,mm
3,10:07:45,买,99.7000,1.0,9.97,99.6968,mm
3,10:07:47,卖,99.7100,1.0,9.97,99.6993,mm
3,10:07:54,买,99.6650,1.0,9.97,99.6764,mm
3,10:07:56,卖,99.6900,1.0,9.97,99.6865,mm
3,10:07:58,买,99.6650,1.0,9.97,99.6837,mm
3,10:08:01,买,99.6650,1.0,9.97,99.6825,mm
3,10:08:23,卖,99.6900,1.0,9.97,99.6891,mm
3,10:09:05,卖,99.6800,1.0,9.97,99.6759,mm
3,10:09:15,卖,99.7050,1.0,9.97,99.7087,mm
3,10:09:23,买,99.7150,1.0,9.97,99.7195,mm
3,10:09:30,买,99.6950,1.0,9.97,99.6982,mm
3,10:09:31,卖,99.7100,1.0,9.97,99.7024,mm
3,10:09:36,卖,99.7200,1.0,9.97,99.7124,mm
3,10:09:39,买,99.7000,1.0,9.97,99.7036,mm
3,10:09:42,买,99.6900,1.0,9.97,99.6954,mm
3,10:09:45,卖,99.7200,1.0,9.97,99.7151,mm
3,10:09:50,卖,99.7350,1.0,9.97,99.7217,mm
3,10:09:52,买,99.7050,1.0,9.97,99.7075,mm
3,10:10:06,买,99.6900,1.0,9.97,99.6921,mm
3,10:10:11,卖,99.6850,1.0,9.97,99.6796,mm
3,10:10:18,买,99.6750,1.0,9.97,99.6784,mm
3,10:10:24,买,99.6500,1.0,9.97,99.6535,mm
3,10:10:26,卖,99.6750,1.0,9.97,99.6778,mm
3,10:11:00,卖,99.6350,1.0,9.96,99.6301,mm
3,10:11:04,卖,99.6300,1.0,9.96,99.6316,mm
3,10:11:07,买,99.6250,1.0,9.96,99.6273,mm
3,10:11:13,卖,99.6400,1.0,9.96,99.6391,mm
3,10:11:17,买,99.6350,1.0,9.96,99.6407,mm
3,10:11:29,买,99.6250,1.0,9.96,99.6283,mm
3,10:11:31,卖,99.6300,1.0,9.96,99.6396,mm
3,10:11:35,买,99.6250,1.0,9.96,99.6291,mm
3,10:11:42,卖,99.6400,1.0,9.96,99.6365,mm
3,10:12:02,卖,99.6550,1.0,9.97,99.6506,mm
3,10:12:03,买,99.6450,1.0,9.96,99.6503,mm
3,10:12:14,买,99.6600,1.0,9.97,99.6653,mm
3,10:12:21,卖,99.6600,1.0,9.97,99.6573,mm
3,10:12:31,卖,99.6650,1.0,9.97,99.6493,mm
3,10:12:36,买,99.6250,1.0,9.96,99.6292,mm
3,10:12:41,卖,99.6600,1.0,9.97,99.6620,mm
3,10:12:57,买,99.6550,1.0,9.97,99.6559,mm
3,10:13:07,卖,99.6650,1.0,9.97,99.6606,mm
3,10:13:09,买,99.6450,1.0,9.96,99.6466,mm
3,10:13:20,卖,99.6700,1.0,9.97,99.6578,mm
3,10:13:21,买,99.6450,1.0,9.96,99.6484,mm
3,10:13:22,买,99.6350,1.0,9.96,99.6403,mm
3,10:13:23,卖,99.6500,1.0,9.97,99.6391,mm
3,10:13:52,买,99.6100,1.0,9.96,99.6151,mm
3,10:13:56,卖,99.6250,1.0,9.96,99.6142,mm
3,10:14:02,买,99.5800,1.0,9.96,99.5850,mm
3,10:14:20,卖,99.5900,1.0,9.96,99.5874,mm
3,10:14:28,买,99.5550,1.0,9.96,99.5588,mm
3,10:14:49,卖,99.5150,1.0,9.95,99.5151,mm
3,10:14:57,卖,99.5300,1.0,9.95,99.5254,mm
3,10:15:03,卖,99.5450,1.0,9.95,99.5382,mm
3,10:15:09,买,99.5500,1.0,9.96,99.5530,mm
3,10:15:13,买,99.5400,1.0,9.95,99.5448,mm
3,10:15:16,买,99.5350,1.0,9.95,99.5399,mm
3,10:15:27,卖,99.5600,1.0,9.96,99.5543,mm
3,10:15:32,卖,99.5750,1.0,9.96,99.5773,mm
3,10:15:38,买,99.5600,1.0,9.96,99.5654,mm
3,10:16:00,买,99.5750,1.0,9.96,99.5827,mm
3,10:16:09,买,99.5750,1.0,9.96,99.5914,mm
3,10:16:12,卖,99.5900,1.0,9.96,99.5841,mm
3,10:16:19,卖,99.5650,1.0,9.96,99.5627,mm
3,10:16:29,卖,99.5750,1.0,9.96,99.5630,mm
3,10:16:30,买,99.5550,1.0,9.96,99.5582,mm
3,10:16:38,买,99.5450,1.0,9.95,99.5451,mm
3,10:16:39,卖,99.5500,1.0,9.96,99.5510,mm
3,10:16:54,买,99.5050,1.0,9.95,99.5112,mm
3,10:17:18,卖,99.4850,1.0,9.95,99.4790,mm
3,10:17:39,卖,99.4800,1.0,9.95,99.4782,mm
3,10:17:44,买,99.4850,1.0,9.95,99.4896,mm
3,10:17:45,卖,99.5050,1.0,9.95,99.4999,mm
3,10:17:46,买,99.4850,1.0,9.95,99.4853,mm
3,10:17:52,卖,99.5200,1.0,9.95,99.5149,mm
3,10:18:00,买,99.5000,1.0,9.95,99.5044,mm
3,10:18:22,卖,99.5300,1.0,9.95,99.5198,mm
3,10:18:23,买,99.5100,1.0,9.95,99.5144,mm
3,10:18:44,卖,99.5300,1.0,9.95,99.5279,mm
3,10:18:45,买,99.5200,1.0,9.95,99.5232,mm
3,10:18:50,买,99.4900,1.0,9.95,99.4932,mm
3,10:18:51,卖,99.5050,1.0,9.95,99.5026,mm
3,10:19:27,卖,99.5050,1.0,9.95,99.5027,mm
3,10:19:28,买,99.4950,1.0,9.95,99.4961,mm
3,10:19:34,买,99.4800,1.0,9.95,99.4850,mm
3,10:19:50,买,99.4350,1.0,9.94,99.4406,mm
3,10:19:52,卖,99.4400,1.0,9.94,99.4387,mm
3,10:20:20,卖,99.3750,1.0,9.94,99.3736,mm
3,10:20:29,买,99.3800,1.0,9.94,99.3905,mm
3,10:20:35,卖,99.4050,1.0,9.94,99.3988,mm
3,10:21:41,买,99.3900,1.0,9.94,99.3956,mm
3,10:21:53,卖,99.3650,1.0,9.94,99.3594,mm
3,10:21:57,卖,99.3850,1.0,9.94,99.3812,mm
3,10:22:14,买,99.3950,1.0,9.94,99.3989,mm
3,10:22:42,买,99.3650,1.0,9.94,99.3690,mm
3,10:22:53,买,99.3150,1.0,9.93,99.3185,mm
3,10:22:59,卖,99.3250,1.0,9.93,99.3188,mm
3,10:23:17,卖,99.3150,1.0,9.93,99.3117,mm
3,10:23:19,买,99.3050,1.0,9.93,99.3102,mm
3,10:23:27,卖,99.2850,1.0,9.93,99.2815,mm
3,10:23:35,买,99.2700,1.0,9.93,99.2752,mm
3,10:23:38,卖,99.2800,1.0,9.93,99.2876,mm
3,10:23:40,买,99.2800,1.0,9.93,99.2820,mm
3,10:23:43,卖,99.2850,1.0,9.93,99.2799,mm
3,10:24:02,买,99.2750,1.0,9.93,99.2811,mm
3,10:24:05,卖,99.2800,1.0,9.93,99.2734,mm
3,10:24:07,买,99.2650,1.0,9.93,99.2736,mm
3,10:24:19,卖,99.2750,1.0,9.93,99.2663,mm
3,10:24:42,卖,99.2600,1.0,9.93,99.2568,mm
3,10:24:48,买,99.2400,1.0,9.92,99.2448,mm
3,10:24:53,买,99.2450,1.0,9.92,99.2465,mm
3,10:24:55,买,99.2250,1.0,9.92,99.2300,mm
3,10:25:01,卖,99.2500,1.0,9.93,99.2459,mm
3,10:25:17,卖,99.2350,1.0,9.92,99.2251,mm
3,10:25:24,买,99.2100,1.0,9.92,99.2162,mm
3,10:25:29,卖,99.2250,1.0,9.92,99.2151,mm
3,10:25:46,卖,99.2400,1.0,9.92,99.2337,mm
3,10:25:47,买,99.2300,1.0,9.92,99.2377,mm
3,10:26:07,买,99.2450,1.0,9.92,99.2494,mm
3,10:26:12,卖,99.2650,1.0,9.93,99.2633,mm
3,10:26:20,卖,99.2800,1.0,9.93,99.2761,mm
3,10:26:26,买,99.2700,1.0,9.93,99.2757,mm
3,10:26:40,买,99.2800,1.0,9.93,99.2912,mm
3,10:26:42,卖,99.3000,1.0,9.93,99.2946,mm
3,10:26:48,买,99.2850,1.0,9.93,99.2948,mm
3,10:26:51,卖,99.2900,1.0,9.93,99.2916,mm
3,10:27:00,买,99.2900,1.0,9.93,99.2908,mm
3,10:27:12,卖,99.2650,1.0,9.93,99.2588,mm
3,10:27:25,买,99.2450,1.0,9.92,99.2612,mm
3,10:27:26,卖,99.2700,1.0,9.93,99.2678,mm
3,10:27:39,买,99.2550,1.0,9.93,99.2581,mm
3,10:27:44,卖,99.2700,1.0,9.93,99.2753,mm
3,10:27:49,买,99.2750,1.0,9.93,99.2800,mm
3,10:28:03,卖,99.2650,1.0,9.93,99.2557,mm
3,10:28:20,卖,99.3150,1.0,9.93,99.3173,mm
3,10:28:23,买,99.3050,1.0,9.93,99.3040,mm
3,10:28:23,买,99.2900,1.0,9.93,99.2898,mm
3,10:28:25,卖,99.3050,1.0,9.93,99.2995,mm
3,10:29:03,卖,99.3100,1.0,9.93,99.3149,mm
3,10:29:05,买,99.3000,1.0,9.93,99.3049,mm
3,10:29:39,卖,99.3050,1.0,9.93,99.3026,mm
3,10:29:49,买,99.3050,1.0,9.93,99.3068,mm
3,10:29:50,买,99.2900,1.0,9.93,99.2950,mm
3,10:29:53,卖,99.3050,1.0,9.93,99.3067,mm
3,10:30:00,卖,99.3100,1.0,9.93,99.3094,mm
3,10:30:04,买,99.3050,1.0,9.93,99.3106,mm
3,10:30:10,买,99.3050,1.0,9.93,99.3077,mm
3,10:30:23,卖,99.3100,1.0,9.93,99.3040,mm
3,10:30:28,卖,99.3350,1.0,9.93,99.3215,mm
3,10:30:32,买,99.3200,1.0,9.93,99.3163,mm
3,10:30:47,卖,99.2850,1.0,9.93,99.2797,mm
3,10:30:51,买,99.2700,1.0,9.93,99.2751,mm
3,10:30:57,卖,99.2900,1.0,9.93,99.2881,mm
3,10:31:03,买,99.2750,1.0,9.93,99.2800,mm
3,10:31:07,卖,99.2950,1.0,9.93,99.2983,mm
3,10:31:14,买,99.2950,1.0,9.93,99.2972,mm
3,10:31:15,买,99.2800,1.0,9.93,99.2843,mm
3,10:31:25,卖,99.2900,1.0,9.93,99.2838,mm
3,10:31:33,买,99.3100,1.0,9.93,99.3219,mm
3,10:32:04,卖,99.2900,1.0,9.93,99.2836,mm
3,10:32:06,买,99.2700,1.0,9.93,99.2828,mm
3,10:32:09,卖,99.3050,1.0,9.93,99.3093,mm
3,10:32:37,买,99.2750,1.0,9.93,99.2788,mm
3,10:32:39,卖,99.2900,1.0,9.93,99.2860,mm
3,10:32:57,买,99.3050,1.0,9.93,99.3090,mm
3,10:33:10,卖,99.3400,1.0,9.93,99.3343,mm
3,10:33:39,买,99.3700,1.0,9.94,99.3757,mm
3,10:33:54,卖,99.3900,1.0,9.94,99.3928,mm
3,10:34:01,买,99.3700,1.0,9.94,99.3760,mm
3,10:34:14,卖,99.3850,1.0,9.94,99.3791,mm
3,10:34:21,买,99.3800,1.0,9.94,99.3768,mm
3,10:34:24,卖,99.3950,1.0,9.94,99.3923,mm
3,10:34:42,买,99.3850,1.0,9.94,99.3861,mm
3,10:34:58,卖,99.3550,1.0,9.94,99.3602,mm
3,10:35:06,买,99.3450,1.0,9.93,99.3507,mm
3,10:35:25,卖,99.3250,1.0,9.93,99.3179,mm
3,10:35:51,卖,99.3800,1.0,9.94,99.3778,mm
3,10:35:54,买,99.3650,1.0,9.94,99.3695,mm
3,10:36:00,卖,99.3800,1.0,9.94,99.3723,mm
3,10:36:01,买,99.3650,1.0,9.94,99.3664,mm
3,10:36:25,买,99.3800,1.0,9.94,99.3860,mm
3,10:36:39,买,99.3400,1.0,9.93,99.3408,mm
3,10:36:44,卖,99.3400,1.0,9.93,99.3404,mm
3,10:37:02,卖,99.3000,1.0,9.93,99.2973,mm
3,10:37:23,卖,99.3350,1.0,9.93,99.3325,mm
3,10:37:29,买,99.3000,1.0,9.93,99.3041,mm
3,10:37:35,买,99.2900,1.0,9.93,99.2954,mm
3,10:37:46,卖,99.3200,1.0,9.93,99.3181,mm
3,10:37:48,买,99.3000,1.0,9.93,99.3047,mm
3,10:38:11,卖,99.3150,1.0,9.93,99.3064,mm
3,10:38:37,买,99.2850,1.0,9.93,99.2847,mm
3,10:38:45,卖,99.2800,1.0,9.93,99.2747,mm
3,10:39:09,卖,99.2850,1.0,9.93,99.2716,mm
3,10:39:17,买,99.2600,1.0,9.93,99.2648,mm
3,10:39:18,卖,99.2750,1.0,9.93,99.2696,mm
3,10:39:25,买,99.2550,1.0,9.93,99.2588,mm
3,10:39:27,买,99.2450,1.0,9.92,99.2490,mm
3,10:39:33,卖,99.2650,1.0,9.93,99.2627,mm
3,10:39:40,卖,99.2650,1.0,9.93,99.2542,mm
3,10:39:44,买,99.2450,1.0,9.92,99.2508,mm
3,10:39:56,卖,99.2700,1.0,9.93,99.2671,mm
3,10:40:19,买,99.2250,1.0,9.92,99.2278,mm
3,10:40:37,卖,99.2400,1.0,9.92,99.2333,mm
3,10:40:45,买,99.2600,1.0,9.93,99.2578,mm
3,10:40:57,卖,99.2900,1.0,9.93,99.2839,mm
3,10:40:58,买,99.2750,1.0,9.93,99.2784,mm
3,10:41:12,买,99.2250,1.0,9.92,99.2281,mm
3,10:41:31,卖,99.1900,1.0,9.92,99.1956,mm
3,10:41:47,卖,99.1850,1.0,9.92,99.1741,mm
3,10:41:49,买,99.1650,1.0,9.92,99.1686,mm
3,10:42:05,买,99.1450,1.0,9.91,99.1494,mm
3,10:42:10,买,99.1550,1.0,9.92,99.1536,mm
3,10:42:16,卖,99.1450,1.0,9.91,99.1448,mm
3,10:42:20,卖,99.1550,1.0,9.92,99.1588,mm
3,10:42:28,买,99.1400,1.0,9.91,99.1450,mm
3,10:42:32,卖,99.1500,1.0,9.92,99.1478,mm
3,10:42:37,卖,99.1700,1.0,9.92,99.1594,mm
3,10:42:39,买,99.1450,1.0,9.91,99.1511,mm
3,10:43:03,买,99.1400,1.0,9.91,99.1448,mm
3,10:43:20,卖,99.1250,1.0,9.91,99.1208,mm
3,10:43:29,买,99.1000,1.0,9.91,99.1054,mm
3,10:43:43,卖,99.1050,1.0,9.91,99.1093,mm
3,10:43:54,买,99.1050,1.0,9.91,99.1096,mm
3,10:43:55,卖,99.1250,1.0,9.91,99.1220,mm
3,10:44:08,卖,99.1050,1.0,9.91,99.0887,mm
3,10:44:13,卖,99.0950,1.0,9.91,99.0764,mm
3,10:44:50,买,99.0950,1.0,9.91,99.1007,mm
3,10:44:52,买,99.0900,1.0,9.91,99.0938,mm
3,10:45:16,卖,99.1250,1.0,9.91,99.1231,mm
3,10:45:25,买,99.1450,1.0,9.91,99.1481,mm
3,10:45:38,卖,99.1550,1.0,9.92,99.1562,mm
3,10:45:40,买,99.1500,1.0,9.92,99.1529,mm
3,10:45:47,卖,99.1550,1.0,9.92,99.1514,mm
3,10:46:02,买,99.1100,1.0,9.91,99.1160,mm
3,10:46:03,卖,99.1300,1.0,9.91,99.1102,mm
3,10:46:14,买,99.1200,1.0,9.91,99.1241,mm
3,10:46:20,买,99.0800,1.0,9.91,99.0799,mm
3,10:46:22,卖,99.0800,1.0,9.91,99.0761,mm
3,10:46:27,卖,99.0900,1.0,9.91,99.0851,mm
3,10:46:37,买,99.0600,1.0,9.91,99.0658,mm
3,10:47:03,卖,99.1250,1.0,9.91,99.1203,mm
3,10:47:16,买,99.1250,1.0,9.91,99.1256,mm
3,10:47:40,卖,99.1000,1.0,9.91,99.0947,mm
3,10:47:41,买,99.0850,1.0,9.91,99.0929,mm
3,10:47:54,卖,99.1100,1.0,9.91,99.1065,mm
3,10:47:57,买,99.0950,1.0,9.91,99.0993,mm
3,10:48:03,买,99.1000,1.0,9.91,99.1037,mm
3,10:48:15,卖,99.1200,1.0,9.91,99.1214,mm
3,10:48:19,卖,99.1350,1.0,9.91,99.1274,mm
3,10:48:34,卖,99.1650,1.0,9.92,99.1607,mm
3,10:48:46,买,99.1600,1.0,9.92,99.1713,mm
3,10:48:46,买,99.1600,1.0,9.92,99.1668,mm
3,10:48:49,卖,99.1800,1.0,9.92,99.1786,mm
3,10:49:05,买,99.1750,1.0,9.92,99.1789,mm
3,10:49:16,买,99.1750,1.0,9.92,99.1839,mm
3,10:49:20,买,99.1750,1.0,9.92,99.1828,mm
3,10:49:26,卖,99.1800,1.0,9.92,99.1762,mm
3,10:49:29,卖,99.1800,1.0,9.92,99.1746,mm
3,10:49:33,买,99.1700,1.0,9.92,99.1745,mm
3,10:49:36,卖,99.1800,1.0,9.92,99.1716,mm
3,10:49:46,卖,99.1600,1.0,9.92,99.1596,mm
3,10:49:56,买,99.1550,1.0,9.92,99.1597,mm
3,10:49:58,卖,99.1750,1.0,9.92,99.1695,mm
3,10:50:03,买,99.1600,1.0,9.92,99.1653,mm
3,10:50:12,卖,99.1900,1.0,9.92,99.1884,mm
3,10:50:15,买,99.1950,1.0,9.92,99.1986,mm
3,10:50:15,买,99.1850,1.0,9.92,99.1834,mm
3,10:50:27,卖,99.2000,1.0,9.92,99.1979,mm
3,10:50:28,卖,99.2150,1.0,9.92,99.2122,mm
3,10:50:35,买,99.1900,1.0,9.92,99.1920,mm
3,10:50:41,卖,99.2100,1.0,9.92,99.2103,mm
3,10:50:42,买,99.2100,1.0,9.92,99.2095,mm
3,10:50:50,买,99.2100,1.0,9.92,99.2158,mm
3,10:50:54,卖,99.2400,1.0,9.92,99.2344,mm
3,10:51:00,买,99.2100,1.0,9.92,99.2156,mm
3,10:51:01,卖,99.2150,1.0,9.92,99.2170,mm
3,10:51:54,买,99.1450,1.0,9.91,99.1500,mm
3,10:52:00,买,99.1400,1.0,9.91,99.1456,mm
3,10:52:01,卖,99.1500,1.0,9.92,99.1468,mm
3,10:52:05,卖,99.1550,1.0,9.92,99.1489,mm
3,10:52:13,买,99.1250,1.0,9.91,99.1311,mm
3,10:52:18,买,99.1150,1.0,9.91,99.1212,mm
3,10:52:19,卖,99.1300,1.0,9.91,99.1313,mm
3,10:52:25,卖,99.1400,1.0,9.91,99.1352,mm
3,10:52:37,卖,99.1700,1.0,9.92,99.1648,mm
3,10:52:38,买,99.1550,1.0,9.92,99.1603,mm
3,10:52:42,卖,99.1750,1.0,9.92,99.1726,mm
3,10:52:43,买,99.1650,1.0,9.92,99.1698,mm
3,10:52:46,买,99.1500,1.0,9.92,99.1503,mm
3,10:52:53,卖,99.1350,1.0,9.91,99.1334,mm
3,10:53:00,买,99.1250,1.0,9.91,99.1267,mm
3,10:53:01,买,99.1100,1.0,9.91,99.1034,mm
3,10:53:13,卖,99.1200,1.0,9.91,99.1181,mm
3,10:53:16,卖,99.1300,1.0,9.91,99.1265,mm
3,10:53:28,买,99.1100,1.0,9.91,99.1146,mm
3,10:53:36,卖,99.1450,1.0,9.91,99.1416,mm
3,10:53:59,买,99.0900,1.0,9.91,99.0945,mm
3,10:54:00,卖,99.1050,1.0,9.91,99.1063,mm
3,10:54:02,买,99.0850,1.0,9.91,99.0844,mm
3,10:54:07,卖,99.1050,1.0,9.91,99.1041,mm
3,10:54:22,卖,99.1100,1.0,9.91,99.1069,mm
3,10:54:23,买,99.0950,1.0,9.91,99.0989,mm
3,10:54:39,卖,99.1100,1.0,9.91,99.1107,mm
3,10:54:53,买,99.1550,1.0,9.92,99.1579,mm
3,10:54:57,买,99.1550,1.0,9.92,99.1594,mm
3,10:55:08,卖,99.1650,1.0,9.92,99.1600,mm
3,10:55:15,卖,99.1950,1.0,9.92,99.1842,mm
3,10:55:19,卖,99.1900,1.0,9.92,99.1842,mm
3,10:55:26,买,99.1850,1.0,9.92,99.1863,mm
3,10:55:32,买,99.1850,1.0,9.92,99.1881,mm
3,10:55:41,买,99.2000,1.0,9.92,99.2021,mm
3,10:55:42,卖,99.2150,1.0,9.92,99.2044,mm
3,10:55:46,买,99.2150,1.0,9.92,99.2171,mm
3,10:56:03,卖,99.2200,1.0,9.92,99.2165,mm
3,10:56:11,买,99.2400,1.0,9.92,99.2476,mm
3,10:56:16,卖,99.2500,1.0,9.93,99.2479,mm
3,10:56:38,买,99.2500,1.0,9.93,99.2551,mm
3,10:56:39,卖,99.2650,1.0,9.93,99.2592,mm
3,10:56:52,买,99.2150,1.0,9.92,99.2205,mm
3,10:56:54,卖,99.2400,1.0,9.92,99.2347,mm
3,10:57:07,卖,99.2450,1.0,9.92,99.2405,mm
3,10:57:10,买,99.2300,1.0,9.92,99.2301,mm
3,10:57:30,买,99.2300,1.0,9.92,99.2359,mm
3,10:57:46,卖,99.2100,1.0,9.92,99.2058,mm
3,10:58:07,买,99.2250,1.0,9.92,99.2310,mm
3,10:58:08,卖,99.2400,1.0,9.92,99.2373,mm
3,10:58:09,买,99.2250,1.0,9.92,99.2311,mm
3,10:58:16,卖,99.2150,1.0,9.92,99.2187,mm
3,10:58:19,买,99.2150,1.0,9.92,99.2180,mm
3,10:58:25,买,99.1800,1.0,9.92,99.1792,mm
3,10:58:26,买,99.1550,1.0,9.92,99.1611,mm
3,10:58:35,卖,99.1750,1.0,9.92,99.1801,mm
3,10:58:38,卖,99.1700,1.0,9.92,99.1693,mm
3,10:58:51,买,99.1350,1.0,9.91,99.1373,mm
3,10:58:52,卖,99.1500,1.0,9.92,99.1529,mm
3,10:58:56,卖,99.1200,1.0,9.91,99.1230,mm
3,10:58:58,卖,99.1400,1.0,9.91,99.1362,mm
3,10:59:08,买,99.1250,1.0,9.91,99.1309,mm
3,10:59:11,卖,99.1650,1.0,9.92,99.1606,mm
3,10:59:12,买,99.1550,1.0,9.92,99.1607,mm
3,10:59:22,买,99.1450,1.0,9.91,99.1442,mm
3,10:59:25,卖,99.1600,1.0,9.92,99.1581,mm
3,11:01:08,卖,99.1550,1.0,9.92,99.1453,mm
3,11:01:14,买,99.1100,1.0,9.91,99.1103,mm
3,11:01:29,卖,99.1150,1.0,9.91,99.1088,mm
3,11:01:34,买,99.0950,1.0,9.91,99.0980,mm
3,11:02:15,买,99.1050,1.0,9.91,99.1063,mm
3,11:02:24,卖,99.1100,1.0,9.91,99.1059,mm
3,11:02:28,买,99.0850,1.0,9.91,99.0868,mm
3,11:02:31,卖,99.0950,1.0,9.91,99.0898,mm
3,11:02:57,买,99.0800,1.0,9.91,99.0854,mm
3,11:02:59,卖,99.0950,1.0,9.91,99.0878,mm
3,11:03:13,买,99.0600,1.0,9.91,99.0654,mm
3,11:03:16,卖,99.0600,1.0,9.91,99.0580,mm
3,11:03:34,买,99.0550,1.0,9.91,99.0569,mm
3,11:03:35,卖,99.0650,1.0,9.91,99.0635,mm
3,11:03:39,卖,99.0950,1.0,9.91,99.0898,mm
3,11:03:47,卖,99.1150,1.0,9.91,99.1038,mm
3,11:04:02,买,99.0850,1.0,9.91,99.0885,mm
3,11:04:05,买,99.0600,1.0,9.91,99.0615,mm
3,11:04:33,卖,99.0900,1.0,9.91,99.0865,mm
3,11:04:37,买,99.0800,1.0,9.91,99.0841,mm
3,11:04:38,买,99.0750,1.0,9.91,99.0809,mm
3,11:04:41,卖,99.0950,1.0,9.91,99.0896,mm
3,11:04:44,卖,99.0950,1.0,9.91,99.1007,mm
3,11:04:45,买,99.0950,1.0,9.91,99.0970,mm
3,11:04:46,卖,99.1100,1.0,9.91,99.1030,mm
3,11:05:03,买,99.1000,1.0,9.91,99.1053,mm
3,11:05:05,买,99.0850,1.0,9.91,99.0889,mm
3,11:05:14,卖,99.0900,1.0,9.91,99.0841,mm
3,11:05:51,买,99.0800,1.0,9.91,99.0847,mm
3,11:06:05,卖,99.0650,1.0,9.91,99.0636,mm
3,11:06:13,卖,99.0600,1.0,9.91,99.0585,mm
3,11:06:25,买,99.0500,1.0,9.91,99.0556,mm
3,11:06:27,卖,99.0700,1.0,9.91,99.0671,mm
3,11:06:32,买,99.0650,1.0,9.91,99.0711,mm
3,11:06:50,买,99.0750,1.0,9.91,99.0755,mm
3,11:07:10,买,99.0450,1.0,9.90,99.0508,mm
3,11:07:38,卖,99.0700,1.0,9.91,99.0650,mm
3,11:07:39,卖,99.0750,1.0,9.91,99.0710,mm
3,11:07:48,卖,99.0800,1.0,9.91,99.0741,mm
3,11:07:49,卖,99.0900,1.0,9.91,99.0923,mm
3,11:07:51,买,99.0850,1.0,9.91,99.0891,mm
3,11:07:52,买,99.0700,1.0,9.91,99.0681,mm
3,11:07:59,买,99.0400,1.0,9.90,99.0424,mm
3,11:08:01,卖,99.0500,1.0,9.91,99.0442,mm
3,11:08:14,卖,99.0550,1.0,9.91,99.0440,mm
3,11:08:15,买,99.0350,1.0,9.90,99.0353,mm
3,11:08:27,卖,99.0650,1.0,9.91,99.0650,mm
3,11:08:39,买,99.0500,1.0,9.91,99.0528,mm
3,11:08:50,卖,99.0800,1.0,9.91,99.0692,mm
3,11:09:07,买,99.0400,1.0,9.90,99.0459,mm
3,11:09:12,卖,99.0550,1.0,9.91,99.0533,mm
3,11:09:15,买,99.0350,1.0,9.90,99.0403,mm
3,11:09:25,卖,99.0550,1.0,9.91,99.0438,mm
3,11:09:29,买,99.0450,1.0,9.90,99.0509,mm
3,11:09:31,买,99.0350,1.0,9.90,99.0410,mm
3,11:09:34,卖,99.0550,1.0,9.91,99.0598,mm
3,11:10:38,卖,99.2150,1.0,9.92,99.2092,mm
3,11:10:43,买,99.2000,1.0,9.92,99.2057,mm
3,11:10:50,买,99.1800,1.0,9.92,99.1861,mm
3,11:10:52,卖,99.1850,1.0,9.92,99.1738,mm
3,11:11:05,买,99.1600,1.0,9.92,99.1662,mm
3,11:11:17,卖,99.1350,1.0,9.91,99.1263,mm
3,11:11:40,买,99.0850,1.0,9.91,99.0907,mm
3,11:11:48,卖,99.0900,1.0,9.91,99.0864,mm
3,11:11:58,卖,99.1050,1.0,9.91,99.0990,mm
3,11:12:01,买,99.0800,1.0,9.91,99.0834,mm
3,11:12:03,买,99.0700,1.0,9.91,99.0762,mm
3,11:12:12,卖,99.0900,1.0,9.91,99.0790,mm
3,11:12:16,买,99.0550,1.0,9.91,99.0595,mm
3,11:12:17,卖,99.0750,1.0,9.91,99.0708,mm
3,11:12:23,卖,99.0900,1.0,9.91,99.0838,mm
3,11:12:34,买,99.0800,1.0,9.91,99.0856,mm
3,11:12:35,卖,99.1000,1.0,9.91,99.0924,mm
3,11:12:42,买,99.0700,1.0,9.91,99.0742,mm
3,11:12:52,卖,99.1000,1.0,9.91,99.1076,mm
3,11:13:03,买,99.1000,1.0,9.91,99.1011,mm
3,11:13:04,卖,99.1150,1.0,9.91,99.1063,mm
3,11:13:05,买,99.0950,1.0,9.91,99.0958,mm
3,11:13:09,卖,99.1000,1.0,9.91,99.1050,mm
3,11:13:23,买,99.1050,1.0,9.91,99.1031,mm
3,11:13:27,买,99.1000,1.0,9.91,99.1051,mm
3,11:13:44,卖,99.0800,1.0,9.91,99.0762,mm
3,11:13:47,买,99.0600,1.0,9.91,99.0642,mm
3,11:13:50,卖,99.0650,1.0,9.91,99.0591,mm
3,11:14:23,买,99.0250,1.0,9.90,99.0300,mm
3,11:14:24,卖,99.0400,1.0,9.90,99.0339,mm
3,11:14:30,买,99.0150,1.0,9.90,99.0181,mm
3,11:14:50,卖,99.0150,1.0,9.90,99.0106,mm
3,11:14:53,卖,99.0150,1.0,9.90,99.0094,mm
3,11:14:55,买,98.9950,1.0,9.90,98.9957,mm
3,11:15:09,卖,99.0000,1.0,9.90,98.9921,mm
3,11:15:27,买,98.9950,1.0,9.90,99.0056,mm
3,11:15:30,卖,99.0200,1.0,9.90,99.0141,mm
3,11:15:35,卖,99.0400,1.0,9.90,99.0361,mm
3,11:15:38,买,99.0300,1.0,9.90,99.0279,mm
3,11:15:40,买,99.0150,1.0,9.90,99.0198,mm
3,11:15:43,卖,99.0300,1.0,9.90,99.0302,mm
3,11:15:46,买,99.0300,1.0,9.90,99.0362,mm
3,11:15:52,买,99.0200,1.0,9.90,99.0190,mm
3,11:15:56,卖,99.0350,1.0,9.90,99.0319,mm
3,11:16:03,卖,99.0450,1.0,9.90,99.0433,mm
3,11:16:07,买,99.0250,1.0,9.90,99.0297,mm
3,11:16:16,卖,99.0650,1.0,9.91,99.0598,mm
3,11:16:19,卖,99.0800,1.0,9.91,99.0755,mm
3,11:16:21,买,99.0600,1.0,9.91,99.0658,mm
3,11:16:25,买,99.0650,1.0,9.91,99.0710,mm
3,11:17:05,买,99.0700,1.0,9.91,99.0745,mm
3,11:17:36,买,99.0900,1.0,9.91,99.0924,mm
3,11:17:42,卖,99.1000,1.0,9.91,99.0946,mm
3,11:17:43,买,99.0700,1.0,9.91,99.0714,mm
3,11:17:45,卖,99.0900,1.0,9.91,99.0901,mm
3,11:17:50,卖,99.1050,1.0,9.91,99.1027,mm
3,11:17:59,卖,99.1400,1.0,9.91,99.1334,mm
3,11:18:03,卖,99.1500,1.0,9.92,99.1379,mm
3,11:18:19,买,99.1900,1.0,9.92,99.1905,mm
3,11:18:24,买,99.1750,1.0,9.92,99.1783,mm
3,11:18:35,买,99.1950,1.0,9.92,99.1968,mm
3,11:18:45,卖,99.2150,1.0,9.92,99.2113,mm
3,11:18:46,买,99.2000,1.0,9.92,99.2051,mm
3,11:18:48,卖,99.2200,1.0,9.92,99.2245,mm
3,11:19:00,卖,99.2250,1.0,9.92,99.2223,mm
3,11:19:03,买,99.2200,1.0,9.92,99.2202,mm
3,11:19:06,卖,99.2400,1.0,9.92,99.2341,mm
3,11:19:12,买,99.2100,1.0,9.92,99.2137,mm
3,11:19:18,卖,99.2200,1.0,9.92,99.2241,mm
3,11:19:23,买,99.2100,1.0,9.92,99.2140,mm
3,11:19:35,买,99.1950,1.0,9.92,99.1999,mm
3,11:19:37,卖,99.2150,1.0,9.92,99.2101,mm
3,11:19:51,卖,99.2500,1.0,9.93,99.2493,mm
3,11:19:54,买,99.2550,1.0,9.93,99.2630,mm
3,11:19:56,卖,99.2800,1.0,9.93,99.2750,mm
3,11:20:05,买,99.2700,1.0,9.93,99.2674,mm
3,11:20:09,买,99.2650,1.0,9.93,99.2598,mm
3,11:20:13,卖,99.2650,1.0,9.93,99.2611,mm
3,11:20:30,买,99.2700,1.0,9.93,99.2774,mm
3,11:20:35,买,99.2650,1.0,9.93,99.2663,mm
3,11:20:38,卖,99.2750,1.0,9.93,99.2694,mm
3,11:20:46,买,99.2550,1.0,9.93,99.2617,mm
3,11:20:58,买,99.2300,1.0,9.92,99.2350,mm
3,11:21:11,卖,99.2350,1.0,9.92,99.2436,mm
3,11:21:19,卖,99.2400,1.0,9.92,99.2357,mm
3,11:21:20,卖,99.2450,1.0,9.92,99.2424,mm
3,11:21:30,卖,99.2650,1.0,9.93,99.2603,mm
3,11:21:37,卖,99.2650,1.0,9.93,99.2614,mm
3,11:21:40,买,99.2550,1.0,9.93,99.2588,mm
3,11:21:42,买,99.2350,1.0,9.92,99.2406,mm
3,11:21:43,卖,99.2500,1.0,9.93,99.2376,mm
3,11:21:47,卖,99.2650,1.0,9.93,99.2607,mm
3,11:21:49,买,99.2700,1.0,9.93,99.2685,mm
3,11:21:57,卖,99.2750,1.0,9.93,99.2733,mm
3,11:22:01,买,99.2700,1.0,9.93,99.2739,mm
3,11:22:08,买,99.2750,1.0,9.93,99.2809,mm
3,11:22:24,卖,99.3100,1.0,9.93,99.3002,mm
3,11:22:29,买,99.3100,1.0,9.93,99.3152,mm
3,11:22:43,卖,99.3050,1.0,9.93,99.3020,mm
3,11:22:45,卖,99.3200,1.0,9.93,99.3176,mm
3,11:22:47,买,99.3150,1.0,9.93,99.3150,mm
3,11:23:02,买,99.3400,1.0,9.93,99.3457,mm
3,11:23:10,卖,99.3500,1.0,9.94,99.3395,mm
3,11:23:16,卖,99.3650,1.0,9.94,99.3552,mm
3,11:23:23,买,99.3600,1.0,9.94,99.3637,mm
3,11:23:24,买,99.3550,1.0,9.94,99.3563,mm
3,11:23:55,卖,99.3100,1.0,9.93,99.2997,mm
3,11:24:10,买,99.3000,1.0,9.93,99.3034,mm
3,11:24:15,买,99.2900,1.0,9.93,99.2941,mm
3,11:24:24,卖,99.2950,1.0,9.93,99.2940,mm
3,11:24:25,卖,99.3050,1.0,9.93,99.2940,mm
3,11:24:34,买,99.2800,1.0,9.93,99.2836,mm
3,11:25:09,卖,99.2850,1.0,9.93,99.2840,mm
3,11:25:10,买,99.2750,1.0,9.93,99.2760,mm
3,11:25:13,卖,99.2850,1.0,9.93,99.2825,mm
3,11:25:26,买,99.2550,1.0,9.93,99.2555,mm
3,11:25:27,买,99.2400,1.0,9.92,99.2421,mm
3,11:25:33,卖,99.2550,1.0,9.93,99.2561,mm
3,11:25:39,卖,99.2900,1.0,9.93,99.2898,mm
3,11:25:46,买,99.2800,1.0,9.93,99.2856,mm
3,11:26:11,买,99.2850,1.0,9.93,99.2870,mm
3,11:26:32,卖,99.3050,1.0,9.93,99.3034,mm
3,11:26:43,卖,99.3600,1.0,9.94,99.3524,mm
3,11:26:59,买,99.3600,1.0,9.94,99.3596,mm
3,11:27:05,买,99.3550,1.0,9.94,99.3593,mm
3,11:27:06,卖,99.3700,1.0,9.94,99.3639,mm
3,11:27:19,买,99.3750,1.0,9.94,99.3804,mm
3,11:27:31,卖,99.3950,1.0,9.94,99.3893,mm
3,11:27:58,买,99.3850,1.0,9.94,99.3844,mm
3,11:28:00,卖,99.4050,1.0,9.94,99.4021,mm
3,11:28:07,卖,99.4150,1.0,9.94,99.4117,mm
3,11:28:33,买,99.4000,1.0,9.94,99.4078,mm
3,11:28:33,卖,99.4200,1.0,9.94,99.4153,mm
3,11:28:39,买,99.4050,1.0,9.94,99.4106,mm
3,11:28:39,买,99.3950,1.0,9.94,99.3925,mm
3,11:28:48,买,99.4000,1.0,9.94,99.4003,mm
3,11:29:22,卖,99.3950,1.0,9.94,99.3913,mm
3,11:29:30,卖,99.3700,1.0,9.94,99.3718,mm
3,11:29:45,买,99.3650,1.0,9.94,99.3674,mm
3,11:29:51,卖,99.3800,1.0,9.94,99.3729,mm
3,13:00:06,买,99.3900,1.0,9.94,99.3947,mm
3,13:00:23,卖,99.3850,1.0,9.94,99.3831,mm
3,13:00:36,买,99.3650,1.0,9.94,99.3695,mm
3,13:00:39,卖,99.3750,1.0,9.94,99.3713,mm
3,13:00:55,卖,99.3950,1.0,9.94,99.3771,mm
3,13:00:56,买,99.3650,1.0,9.94,99.3707,mm
3,13:01:37,卖,99.4400,1.0,9.94,99.4355,mm
3,13:01:40,买,99.4350,1.0,9.94,99.4345,mm
3,13:01:50,卖,99.4400,1.0,9.94,99.4358,mm
3,13:02:04,买,99.4350,1.0,9.94,99.4394,mm
3,13:02:07,卖,99.4450,1.0,9.94,99.4369,mm
3,13:02:18,买,99.4550,1.0,9.95,99.4591,mm
3,13:02:35,卖,99.4750,1.0,9.95,99.4700,mm
3,13:02:49,买,99.4650,1.0,9.95,99.4523,mm
3,13:02:53,卖,99.4700,1.0,9.95,99.4607,mm
3,13:02:57,买,99.4500,1.0,9.95,99.4523,mm
3,13:02:59,买,99.4400,1.0,9.94,99.4452,mm
3,13:03:10,卖,99.4650,1.0,9.95,99.4598,mm
3,13:03:15,买,99.4450,1.0,9.94,99.4512,mm
3,13:03:16,卖,99.4600,1.0,9.95,99.4571,mm
3,13:03:17,买,99.4450,1.0,9.94,99.4503,mm
3,13:03:20,卖,99.4500,1.0,9.95,99.4502,mm
3,13:03:26,卖,99.4800,1.0,9.95,99.4753,mm
3,13:03:40,买,99.4800,1.0,9.95,99.4858,mm
3,13:03:44,卖,99.5000,1.0,9.95,99.5049,mm
3,13:03:47,卖,99.5250,1.0,9.95,99.5116,mm
3,13:03:56,买,99.5200,1.0,9.95,99.5223,mm
3,13:03:58,卖,99.5350,1.0,9.95,99.5224,mm
3,13:04:04,买,99.5450,1.0,9.95,99.5502,mm
3,13:04:10,买,99.5300,1.0,9.95,99.5300,mm
3,13:04:23,买,99.5050,1.0,9.95,99.5053,mm
3,13:04:35,买,99.5000,1.0,9.95,99.5009,mm
3,13:04:52,买,99.4750,1.0,9.95,99.4773,mm
3,13:04:59,卖,99.4500,1.0,9.95,99.4456,mm
3,13:05:05,卖,99.4600,1.0,9.95,99.4550,mm
3,13:05:07,卖,99.4700,1.0,9.95,99.4650,mm
3,13:05:14,卖,99.4700,1.0,9.95,99.4530,mm
3,13:05:14,卖,99.4700,1.0,9.95,99.4515,mm
3,13:05:16,买,99.4450,1.0,9.94,99.4495,mm
3,13:05:17,买,99.4350,1.0,9.94,99.4357,mm
3,13:05:43,买,99.3950,1.0,9.94,99.3941,mm
3,13:05:44,卖,99.4050,1.0,9.94,99.4056,mm
3,13:05:46,买,99.3900,1.0,9.94,99.3954,mm
3,13:05:52,买,99.3900,1.0,9.94,99.3958,mm
3,13:05:55,卖,99.3950,1.0,9.94,99.3907,mm
3,13:06:01,卖,99.3950,1.0,9.94,99.3898,mm
3,13:06:15,买,99.3800,1.0,9.94,99.3824,mm
3,13:06:31,卖,99.4400,1.0,9.94,99.4319,mm
3,13:06:34,卖,99.4400,1.0,9.94,99.4338,mm
3,13:06:37,卖,99.4550,1.0,9.95,99.4464,mm
3,13:06:43,买,99.4350,1.0,9.94,99.4402,mm
3,13:06:44,卖,99.4550,1.0,9.95,99.4484,mm
3,13:06:46,买,99.4450,1.0,9.94,99.4495,mm
3,13:06:48,买,99.4500,1.0,9.95,99.4548,mm
3,13:07:00,买,99.4650,1.0,9.95,99.4650,mm
3,13:07:02,买,99.4450,1.0,9.94,99.4505,mm
3,13:07:03,卖,99.4550,1.0,9.95,99.4530,mm
3,13:07:07,卖,99.4500,1.0,9.95,99.4540,mm
3,13:07:10,卖,99.4600,1.0,9.95,99.4538,mm
3,13:07:12,买,99.4450,1.0,9.94,99.4482,mm
3,13:07:14,卖,99.4650,1.0,9.95,99.4593,mm
3,13:07:31,买,99.4850,1.0,9.95,99.4875,mm
3,13:07:39,买,99.4900,1.0,9.95,99.4960,mm
3,13:07:46,卖,99.5150,1.0,9.95,99.5145,mm
3,13:07:54,买,99.4700,1.0,9.95,99.4678,mm
3,13:08:13,卖,99.4650,1.0,9.95,99.4627,mm
3,13:08:23,买,99.4350,1.0,9.94,99.4395,mm
3,13:08:28,卖,99.4600,1.0,9.95,99.4651,mm
3,13:08:31,买,99.4500,1.0,9.95,99.4543,mm
3,13:08:44,买,99.4000,1.0,9.94,99.4050,mm
3,13:08:53,卖,99.4300,1.0,9.94,99.4297,mm
3,13:08:58,卖,99.4250,1.0,9.94,99.4126,mm
3,13:09:00,买,99.4200,1.0,9.94,99.4248,mm
3,13:09:02,卖,99.4350,1.0,9.94,99.4288,mm
3,13:09:08,卖,99.4450,1.0,9.94,99.4447,mm
3,13:09:09,买,99.4350,1.0,9.94,99.4391,mm
3,13:09:23,卖,99.4400,1.0,9.94,99.4353,mm
3,13:09:41,买,99.4650,1.0,9.95,99.4597,mm
3,13:09:59,买,99.4650,1.0,9.95,99.4710,mm
3,13:10:37,卖,99.4900,1.0,9.95,99.4868,mm
3,13:10:46,卖,99.5050,1.0,9.95,99.5001,mm
3,13:10:47,买,99.4900,1.0,9.95,99.4893,mm
3,13:10:48,卖,99.5000,1.0,9.95,99.4966,mm
3,13:10:56,买,99.4900,1.0,9.95,99.4875,mm
3,13:11:04,买,99.4300,1.0,9.94,99.4325,mm
3,13:11:05,卖,99.4400,1.0,9.94,99.4365,mm
3,13:11:21,卖,99.4650,1.0,9.95,99.4532,mm
3,13:11:34,买,99.4400,1.0,9.94,99.4404,mm
3,13:11:58,买,99.4300,1.0,9.94,99.4352,mm
3,13:12:17,卖,99.5000,1.0,9.95,99.4940,mm
3,13:12:20,买,99.4800,1.0,9.95,99.4829,mm
3,13:12:38,卖,99.5150,1.0,9.95,99.5155,mm
3,13:12:40,买,99.5000,1.0,9.95,99.5038,mm
3,13:12:41,卖,99.5150,1.0,9.95,99.5042,mm
3,13:12:44,买,99.4900,1.0,9.95,99.4951,mm
3,13:12:52,卖,99.5100,1.0,9.95,99.5053,mm
3,13:13:05,卖,99.5350,1.0,9.95,99.5321,mm
3,13:13:06,买,99.5200,1.0,9.95,99.5228,mm
3,13:13:08,买,99.5100,1.0,9.95,99.5162,mm
3,13:13:22,买,99.5050,1.0,9.95,99.5088,mm
3,13:13:54,卖,99.5150,1.0,9.95,99.5099,mm
3,13:14:16,卖,99.5400,1.0,9.95,99.5326,mm
3,13:14:22,买,99.5100,1.0,9.95,99.5132,mm
3,13:14:24,卖,99.5200,1.0,9.95,99.5184,mm
3,13:14:34,卖,99.5100,1.0,9.95,99.5113,mm
3,13:14:39,买,99.5200,1.0,9.95,99.5261,mm
3,13:14:41,买,99.5100,1.0,9.95,99.5061,mm
3,13:14:55,买,99.4850,1.0,9.95,99.4893,mm
3,13:14:57,卖,99.4950,1.0,9.95,99.4900,mm
3,13:15:14,卖,99.5250,1.0,9.95,99.5226,mm
3,13:15:16,卖,99.5450,1.0,9.95,99.5363,mm
3,13:15:23,买,99.5350,1.0,9.95,99.5383,mm
3,13:15:29,买,99.5200,1.0,9.95,99.5251,mm
3,13:15:32,卖,99.5400,1.0,9.95,99.5460,mm
3,13:15:40,买,99.5400,1.0,9.95,99.5447,mm
3,13:16:11,买,99.4900,1.0,9.95,99.4949,mm
3,13:16:16,卖,99.4900,1.0,9.95,99.4938,mm
3,13:16:25,卖,99.5150,1.0,9.95,99.5119,mm
3,13:16:26,买,99.4950,1.0,9.95,99.5010,mm
3,13:16:31,卖,99.5050,1.0,9.95,99.4999,mm
3,13:16:35,买,99.4950,1.0,9.95,99.4936,mm
3,13:16:44,卖,99.5000,1.0,9.95,99.4993,mm
3,13:16:47,买,99.4900,1.0,9.95,99.4913,mm
3,13:17:05,卖,99.4900,1.0,9.95,99.4855,mm
3,13:17:08,买,99.4650,1.0,9.95,99.4674,mm
3,13:17:17,卖,99.4850,1.0,9.95,99.4735,mm
3,13:17:20,卖,99.4850,1.0,9.95,99.4800,mm
3,13:17:35,买,99.4950,1.0,9.95,99.4985,mm
3,13:17:54,买,99.5200,1.0,9.95,99.5204,mm
3,13:18:00,卖,99.5300,1.0,9.95,99.5250,mm
3,13:18:03,卖,99.5450,1.0,9.95,99.5434,mm
3,13:18:10,买,99.5400,1.0,9.95,99.5448,mm
3,13:18:14,卖,99.5550,1.0,9.96,99.5494,mm
3,13:18:20,买,99.5300,1.0,9.95,99.5297,mm
3,13:18:22,买,99.5150,1.0,9.95,99.5200,mm
3,13:18:37,卖,99.5250,1.0,9.95,99.5192,mm
3,13:18:50,买,99.5400,1.0,9.95,99.5437,mm
3,13:19:05,卖,99.5750,1.0,9.96,99.5735,mm
3,13:19:24,买,99.5900,1.0,9.96,99.5947,mm
3,13:19:24,卖,99.6050,1.0,9.96,99.6075,mm
3,13:19:25,买,99.5950,1.0,9.96,99.5979,mm
3,13:19:39,买,99.5800,1.0,9.96,99.5842,mm
3,13:19:48,卖,99.5850,1.0,9.96,99.5881,mm
3,13:20:12,卖,99.6150,1.0,9.96,99.6091,mm
3,13:20:15,买,99.6050,1.0,9.96,99.6111,mm
3,13:20:18,卖,99.6250,1.0,9.96,99.6197,mm
3,13:21:14,卖,99.6150,1.0,9.96,99.6103,mm
3,13:21:17,卖,99.6350,1.0,9.96,99.6289,mm
3,13:21:20,买,99.6200,1.0,9.96,99.6177,mm
3,13:21:27,买,99.6000,1.0,9.96,99.6110,mm
3,13:21:27,卖,99.6250,1.0,9.96,99.6110,mm
3,13:21:51,卖,99.6300,1.0,9.96,99.6188,mm
3,13:22:00,买,99.6450,1.0,9.96,99.6510,mm
3,13:22:04,买,99.6450,1.0,9.96,99.6504,mm
3,13:22:22,卖,99.6500,1.0,9.97,99.6519,mm
3,13:22:27,买,99.6500,1.0,9.97,99.6561,mm
3,13:22:30,买,99.6400,1.0,9.96,99.6393,mm
3,13:22:47,卖,99.6150,1.0,9.96,99.6118,mm
3,13:22:49,买,99.5850,1.0,9.96,99.5907,mm
3,13:22:52,卖,99.6050,1.0,9.96,99.6030,mm
3,13:22:54,卖,99.6250,1.0,9.96,99.6217,mm
3,13:23:02,买,99.6250,1.0,9.96,99.6305,mm
3,13:23:07,卖,99.6500,1.0,9.97,99.6456,mm
3,13:23:13,买,99.6400,1.0,9.96,99.6462,mm
3,13:23:15,卖,99.6600,1.0,9.97,99.6545,mm
3,13:23:23,卖,99.6700,1.0,9.97,99.6717,mm
3,13:23:24,买,99.6650,1.0,9.97,99.6700,mm
3,13:23:32,买,99.6800,1.0,9.97,99.6842,mm
3,13:23:36,买,99.6800,1.0,9.97,99.6829,mm
3,13:23:59,卖,99.7500,1.0,9.98,99.7465,mm
3,13:24:00,卖,99.7600,1.0,9.98,99.7582,mm
3,13:24:13,买,99.7650,1.0,9.98,99.7706,mm
3,13:24:17,买,99.7500,1.0,9.98,99.7522,mm
3,13:24:29,买,99.7650,1.0,9.98,99.7680,mm
3,13:24:32,卖,99.7750,1.0,9.98,99.7691,mm
3,13:24:34,卖,99.7750,1.0,9.98,99.7587,mm
3,13:24:35,买,99.7450,1.0,9.97,99.7448,mm
3,13:24:42,卖,99.7800,1.0,9.98,99.7779,mm
3,13:25:09,卖,99.7950,1.0,9.98,99.7850,mm
3,13:25:13,卖,99.8050,1.0,9.98,99.7971,mm
3,13:25:24,买,99.8150,1.0,9.98,99.8209,mm
3,13:25:26,买,99.8200,1.0,9.98,99.8190,mm
3,13:25:45,卖,99.8500,1.0,9.99,99.8532,mm
3,13:26:05,卖,99.8700,1.0,9.99,99.8619,mm
3,13:26:21,买,99.8650,1.0,9.99,99.8665,mm
3,13:26:28,买,99.8650,1.0,9.99,99.8655,mm
3,13:26:35,买,99.8550,1.0,9.99,99.8575,mm
3,13:26:39,卖,99.8550,1.0,9.99,99.8515,mm
3,13:26:51,卖,99.8850,1.0,9.99,99.8769,mm
3,13:27:02,买,99.8800,1.0,9.99,99.8852,mm
3,13:27:06,买,99.8800,1.0,9.99,99.8825,mm
3,13:27:08,买,99.8800,1.0,9.99,99.8825,mm
3,13:27:11,卖,99.8950,1.0,9.99,99.8985,mm
3,13:27:44,卖,99.8550,1.0,9.99,99.8521,mm
3,13:27:46,买,99.8400,1.0,9.98,99.8436,mm
3,13:27:51,卖,99.8250,1.0,9.98,99.8229,mm
3,13:27:53,卖,99.8300,1.0,9.98,99.8245,mm
3,13:28:01,买,99.8100,1.0,9.98,99.8141,mm
3,13:28:07,买,99.7750,1.0,9.98,99.7796,mm
3,13:28:14,买,99.7650,1.0,9.98,99.7712,mm
3,13:28:17,卖,99.7850,1.0,9.98,99.7837,mm
3,13:28:20,卖,99.8000,1.0,9.98,99.8033,mm
3,13:28:24,买,99.7950,1.0,9.98,99.7954,mm
3,13:28:25,卖,99.8000,1.0,9.98,99.7988,mm
3,13:28:32,卖,99.8200,1.0,9.98,99.8094,mm
3,13:28:50,卖,99.8600,1.0,9.99,99.8462,mm
3,13:29:01,买,99.8600,1.0,9.99,99.8616,mm
3,13:29:17,买,99.8700,1.0,9.99,99.8752,mm
3,13:29:20,卖,99.8900,1.0,9.99,99.8847,mm
3,13:29:24,买,99.8750,1.0,9.99,99.8762,mm
3,13:29:46,卖,99.8850,1.0,9.99,99.8815,mm
3,13:29:48,买,99.8700,1.0,9.99,99.8743,mm
3,13:29:56,卖,99.8800,1.0,9.99,99.8803,mm
3,13:30:00,买,99.8700,1.0,9.99,99.8737,mm
3,13:30:09,买,99.8550,1.0,9.99,99.8597,mm
3,13:30:35,卖,99.8450,1.0,9.98,99.8403,mm
3,13:30:43,买,99.8050,1.0,9.98,99.8072,mm
3,13:30:46,卖,99.8200,1.0,9.98,99.8105,mm
3,13:30:56,买,99.8000,1.0,9.98,99.7988,mm
3,13:30:57,卖,99.8100,1.0,9.98,99.8059,mm
3,13:31:21,买,99.7750,1.0,9.98,99.7805,mm
3,13:31:22,买,99.7650,1.0,9.98,99.7712,mm
3,13:31:24,卖,99.7900,1.0,9.98,99.7797,mm
3,13:31:25,卖,99.7900,1.0,9.98,99.7801,mm
3,13:31:31,卖,99.8150,1.0,9.98,99.8137,mm
3,13:31:32,买,99.8000,1.0,9.98,99.8050,mm
3,13:32:19,卖,99.8200,1.0,9.98,99.8240,mm
3,13:32:26,买,99.8150,1.0,9.98,99.8171,mm
3,13:32:31,卖,99.8200,1.0,9.98,99.8216,mm
3,13:32:33,买,99.8100,1.0,9.98,99.8112,mm
3,13:32:51,买,99.8100,1.0,9.98,99.8127,mm
3,13:32:54,卖,99.8300,1.0,9.98,99.8257,mm
3,13:32:59,买,99.8100,1.0,9.98,99.8150,mm
3,13:33:13,买,99.7900,1.0,9.98,99.7933,mm
3,13:33:17,卖,99.7800,1.0,9.98,99.7801,mm
3,13:33:38,卖,99.8050,1.0,9.98,99.8017,mm
3,13:33:50,买,99.7950,1.0,9.98,99.8012,mm
3,13:33:53,卖,99.8050,1.0,9.98,99.8036,mm
3,13:33:59,买,99.7950,1.0,9.98,99.7977,mm
3,13:34:05,卖,99.8050,1.0,9.98,99.7988,mm
3,13:34:12,卖,99.7900,1.0,9.98,99.7867,mm
3,13:34:14,买,99.7850,1.0,9.98,99.7901,mm
3,13:34:22,卖,99.7900,1.0,9.98,99.7826,mm
3,13:34:30,卖,99.7850,1.0,9.98,99.7790,mm
3,13:34:35,买,99.7800,1.0,9.98,99.7860,mm
3,13:34:43,买,99.7800,1.0,9.98,99.7918,mm
3,13:34:43,买,99.7800,1.0,9.98,99.7880,mm
3,13:34:51,卖,99.7900,1.0,9.98,99.7814,mm
3,13:34:56,买,99.7700,1.0,9.98,99.7817,mm
3,13:35:04,买,99.7500,1.0,9.98,99.7482,mm
3,13:35:11,卖,99.7250,1.0,9.97,99.7268,mm
3,13:35:18,卖,99.7300,1.0,9.97,99.7219,mm
3,13:35:21,买,99.7100,1.0,9.97,99.7156,mm
3,13:35:31,买,99.7000,1.0,9.97,99.7043,mm
3,13:35:33,卖,99.7000,1.0,9.97,99.7005,mm
3,13:35:46,卖,99.7150,1.0,9.97,99.7104,mm
3,13:35:52,卖,99.7050,1.0,9.97,99.7084,mm
3,13:36:03,买,99.6700,1.0,9.97,99.6742,mm
3,13:36:06,买,99.6650,1.0,9.97,99.6691,mm
3,13:36:14,卖,99.6750,1.0,9.97,99.6697,mm
3,13:36:18,买,99.6700,1.0,9.97,99.6746,mm
3,13:36:37,买,99.6450,1.0,9.96,99.6485,mm
3,13:36:50,卖,99.6600,1.0,9.97,99.6567,mm
3,13:36:51,卖,99.6700,1.0,9.97,99.6652,mm
3,13:37:05,买,99.6500,1.0,9.97,99.6537,mm
3,13:37:23,卖,99.6900,1.0,9.97,99.6869,mm
3,13:37:27,卖,99.7000,1.0,9.97,99.6946,mm
3,13:37:41,买,99.7200,1.0,9.97,99.7225,mm
3,13:37:57,卖,99.7050,1.0,9.97,99.7015,mm
3,13:38:06,买,99.6800,1.0,9.97,99.6784,mm
3,13:38:10,卖,99.6900,1.0,9.97,99.6860,mm
3,13:38:30,卖,99.7200,1.0,9.97,99.7141,mm
3,13:38:38,买,99.6950,1.0,9.97,99.6971,mm
3,13:38:42,卖,99.7200,1.0,9.97,99.7173,mm
3,13:38:43,卖,99.7350,1.0,9.97,99.7298,mm
3,13:38:49,买,99.7100,1.0,9.97,99.7138,mm
3,13:38:58,买,99.7250,1.0,9.97,99.7294,mm
3,13:38:58,买,99.7200,1.0,9.97,99.7193,mm
3,13:38:59,卖,99.7350,1.0,9.97,99.7402,mm
3,13:39:06,买,99.7250,1.0,9.97,99.7267,mm
3,13:39:09,卖,99.7450,1.0,9.97,99.7399,mm
3,13:39:20,买,99.7200,1.0,9.97,99.7204,mm
3,13:39:22,买,99.7100,1.0,9.97,99.7118,mm
3,13:39:23,卖,99.7200,1.0,9.97,99.7217,mm
3,13:39:30,买,99.7000,1.0,9.97,99.7060,mm
3,13:39:32,卖,99.7150,1.0,9.97,99.7167,mm
3,13:39:37,买,99.7100,1.0,9.97,99.7156,mm
3,13:39:42,卖,99.7050,1.0,9.97,99.6945,mm
3,13:39:51,卖,99.7050,1.0,9.97,99.6999,mm
3,13:40:02,买,99.6850,1.0,9.97,99.6908,mm
3,13:40:05,买,99.6750,1.0,9.97,99.6812,mm
3,13:40:13,卖,99.7000,1.0,9.97,99.6941,mm
3,13:40:14,买,99.6700,1.0,9.97,99.6706,mm
3,13:40:18,卖,99.6800,1.0,9.97,99.6809,mm
3,13:40:27,卖,99.6700,1.0,9.97,99.6641,mm
3,13:40:30,卖,99.6850,1.0,9.97,99.6796,mm
3,13:40:37,买,99.6700,1.0,9.97,99.6688,mm
3,13:40:46,买,99.6600,1.0,9.97,99.6658,mm
3,13:40:52,买,99.6500,1.0,9.97,99.6544,mm
3,13:40:56,买,99.6600,1.0,9.97,99.6602,mm
3,13:41:05,卖,99.6600,1.0,9.97,99.6625,mm
3,13:41:08,买,99.6500,1.0,9.97,99.6542,mm
3,13:41:10,卖,99.6550,1.0,9.97,99.6575,mm
3,13:41:15,买,99.6700,1.0,9.97,99.6821,mm
3,13:41:16,买,99.6700,1.0,9.97,99.6736,mm
3,13:41:19,买,99.6500,1.0,9.97,99.6546,mm
3,13:41:25,卖,99.6750,1.0,9.97,99.6812,mm
3,13:41:37,卖,99.6850,1.0,9.97,99.6813,mm
3,13:41:40,卖,99.6850,1.0,9.97,99.6792,mm
3,13:42:00,买,99.6600,1.0,9.97,99.6581,mm
3,13:42:12,卖,99.6350,1.0,9.96,99.6329,mm
3,13:42:38,买,99.6100,1.0,9.96,99.6114,mm
3,13:42:39,买,99.5900,1.0,9.96,99.5902,mm
3,13:42:41,卖,99.6000,1.0,9.96,99.5947,mm
3,13:42:43,卖,99.6050,1.0,9.96,99.6048,mm
3,13:42:48,卖,99.6000,1.0,9.96,99.5949,mm
3,13:43:01,卖,99.6250,1.0,9.96,99.6189,mm
3,13:43:23,卖,99.6200,1.0,9.96,99.6055,mm
3,13:43:25,买,99.5900,1.0,9.96,99.5951,mm
3,13:43:27,买,99.5750,1.0,9.96,99.5755,mm
3,13:43:32,卖,99.6000,1.0,9.96,99.5998,mm
3,13:43:33,卖,99.6150,1.0,9.96,99.6086,mm
3,13:43:34,买,99.6150,1.0,9.96,99.6205,mm
3,13:43:45,买,99.6150,1.0,9.96,99.6200,mm
3,13:44:02,买,99.6000,1.0,9.96,99.6016,mm
3,13:44:14,卖,99.6350,1.0,9.96,99.6335,mm
3,13:44:17,买,99.6200,1.0,9.96,99.6221,mm
3,13:44:19,卖,99.6300,1.0,9.96,99.6132,mm
3,13:44:35,买,99.5650,1.0,9.96,99.5711,mm
3,13:44:40,卖,99.5750,1.0,9.96,99.5723,mm
3,13:44:43,买,99.5750,1.0,9.96,99.5809,mm
3,13:44:49,买,99.5650,1.0,9.96,99.5675,mm
3,13:44:50,卖,99.5800,1.0,9.96,99.5827,mm
3,13:45:01,买,99.5950,1.0,9.96,99.6006,mm
3,13:45:03,卖,99.6050,1.0,9.96,99.6099,mm
3,13:45:08,卖,99.6100,1.0,9.96,99.6067,mm
3,13:45:17,卖,99.6150,1.0,9.96,99.6088,mm
3,13:45:22,买,99.6050,1.0,9.96,99.6125,mm
3,13:45:50,卖,99.6000,1.0,9.96,99.5874,mm
3,13:46:23,买,99.6150,1.0,9.96,99.6262,mm
3,13:46:25,卖,99.6450,1.0,9.96,99.6416,mm
3,13:46:29,买,99.6400,1.0,9.96,99.6456,mm
3,13:46:30,买,99.6350,1.0,9.96,99.6344,mm
3,13:46:31,卖,99.6450,1.0,9.96,99.6414,mm
3,13:46:35,卖,99.6550,1.0,9.97,99.6515,mm
3,13:46:41,卖,99.6650,1.0,9.97,99.6540,mm
3,13:46:45,卖,99.6750,1.0,9.97,99.6731,mm
3,13:46:46,买,99.6650,1.0,9.97,99.6648,mm
3,13:46:56,买,99.6800,1.0,9.97,99.6857,mm
3,13:46:59,买,99.6750,1.0,9.97,99.6741,mm
3,13:47:13,买,99.6750,1.0,9.97,99.6801,mm
3,13:47:34,买,99.6050,1.0,9.96,99.6094,mm
3,13:47:40,卖,99.6200,1.0,9.96,99.6106,mm
3,13:47:41,卖,99.6200,1.0,9.96,99.6071,mm
3,13:47:41,卖,99.6200,1.0,9.96,99.6125,mm
3,13:47:42,卖,99.6300,1.0,9.96,99.6209,mm
3,13:47:44,买,99.6150,1.0,9.96,99.6224,mm
3,13:47:48,买,99.6200,1.0,9.96,99.6243,mm
3,13:47:50,买,99.6150,1.0,9.96,99.6183,mm
3,13:47:57,卖,99.6350,1.0,9.96,99.6301,mm
3,13:48:07,买,99.6350,1.0,9.96,99.6366,mm
3,13:48:13,买,99.6300,1.0,9.96,99.6254,mm
3,13:48:14,卖,99.6350,1.0,9.96,99.6317,mm
3,13:48:20,卖,99.6350,1.0,9.96,99.6277,mm
3,13:48:37,买,99.6600,1.0,9.97,99.6658,mm
3,13:48:49,买,99.6600,1.0,9.97,99.6653,mm
3,13:48:55,卖,99.6800,1.0,9.97,99.6741,mm
3,13:48:57,卖,99.6900,1.0,9.97,99.6896,mm
3,13:49:18,卖,99.7250,1.0,9.97,99.7206,mm
3,13:49:35,卖,99.7250,1.0,9.97,99.7158,mm
3,13:49:38,买,99.7050,1.0,9.97,99.7171,mm
3,13:49:48,买,99.7200,1.0,9.97,99.7242,mm
3,13:49:51,买,99.7150,1.0,9.97,99.7196,mm
3,13:49:53,卖,99.7350,1.0,9.97,99.7318,mm
3,13:51:02,买,99.7600,1.0,9.98,99.7676,mm
3,13:51:05,卖,99.7850,1.0,9.98,99.7789,mm
3,13:51:31,卖,99.8300,1.0,9.98,99.8254,mm
3,13:51:36,买,99.7950,1.0,9.98,99.7941,mm
3,13:51:37,卖,99.8100,1.0,9.98,99.8038,mm
3,13:51:41,买,99.8000,1.0,9.98,99.8002,mm
3,13:51:44,卖,99.8050,1.0,9.98,99.8035,mm
3,13:51:59,买,99.8000,1.0,9.98,99.8001,mm
3,13:52:11,卖,99.8200,1.0,9.98,99.8149,mm
3,13:52:16,买,99.8050,1.0,9.98,99.8080,mm
3,13:52:33,买,99.7800,1.0,9.98,99.7819,mm
3,13:52:35,卖,99.7900,1.0,9.98,99.7800,mm
3,13:52:44,买,99.7500,1.0,9.98,99.7538,mm
3,13:52:55,买,99.7450,1.0,9.97,99.7502,mm
3,13:52:58,卖,99.7450,1.0,9.97,99.7439,mm
3,13:53:03,卖,99.7350,1.0,9.97,99.7290,mm
3,13:53:07,买,99.7150,1.0,9.97,99.7207,mm
3,13:53:29,卖,99.7300,1.0,9.97,99.7236,mm
3,13:53:35,买,99.7200,1.0,9.97,99.7253,mm
3,13:53:42,卖,99.7250,1.0,9.97,99.7206,mm
3,13:53:55,买,99.6950,1.0,9.97,99.7010,mm
3,13:53:58,买,99.6950,1.0,9.97,99.6982,mm
3,13:54:06,卖,99.7000,1.0,9.97,99.7016,mm
3,13:54:20,卖,99.7100,1.0,9.97,99.7039,mm
3,13:54:28,买,99.6650,1.0,9.97,99.6693,mm
3,13:54:35,买,99.6550,1.0,9.97,99.6581,mm
3,13:54:38,买,99.6450,1.0,9.96,99.6500,mm
3,13:54:40,卖,99.6600,1.0,9.97,99.6559,mm
3,13:54:41,卖,99.6650,1.0,9.97,99.6605,mm
3,13:54:47,买,99.6400,1.0,9.96,99.6449,mm
3,13:54:50,卖,99.6650,1.0,9.97,99.6607,mm
3,13:55:07,买,99.6450,1.0,9.96,99.6510,mm
3,13:55:09,卖,99.6700,1.0,9.97,99.6678,mm
3,13:55:10,卖,99.6800,1.0,9.97,99.6654,mm
3,13:55:10,卖,99.6800,1.0,9.97,99.6638,mm
3,13:55:11,卖,99.6800,1.0,9.97,99.6679,mm
3,13:55:26,卖,99.6850,1.0,9.97,99.6798,mm
3,13:55:29,买,99.6750,1.0,9.97,99.6817,mm
3,13:55:38,买,99.6950,1.0,9.97,99.6997,mm
3,13:55:39,卖,99.7100,1.0,9.97,99.7118,mm
3,13:55:40,买,99.7000,1.0,9.97,99.7020,mm
3,13:55:42,买,99.6950,1.0,9.97,99.6869,mm
3,13:55:47,买,99.6900,1.0,9.97,99.6888,mm
3,13:55:48,卖,99.7000,1.0,9.97,99.6901,mm
3,13:55:50,买,99.6700,1.0,9.97,99.6713,mm
3,13:55:54,卖,99.6750,1.0,9.97,99.6722,mm
3,13:56:02,买,99.6700,1.0,9.97,99.6749,mm
3,13:56:18,买,99.6600,1.0,9.97,99.6620,mm
3,13:56:20,买,99.6350,1.0,9.96,99.6389,mm
3,13:56:22,买,99.6200,1.0,9.96,99.6188,mm
3,13:56:23,卖,99.6250,1.0,9.96,99.6254,mm
3,13:56:24,买,99.6100,1.0,9.96,99.6157,mm
3,13:56:25,卖,99.6200,1.0,9.96,99.6215,mm
3,13:56:31,卖,99.6300,1.0,9.96,99.6241,mm
3,13:56:32,卖,99.6300,1.0,9.96,99.6290,mm
3,13:56:53,卖,99.6150,1.0,9.96,99.6092,mm
3,13:57:12,买,99.5800,1.0,9.96,99.5830,mm
3,13:57:22,卖,99.6050,1.0,9.96,99.6023,mm
3,13:57:34,卖,99.6000,1.0,9.96,99.5907,mm
3,13:57:59,买,99.5700,1.0,9.96,99.5682,mm
3,13:58:00,买,99.5500,1.0,9.96,99.5505,mm
3,13:58:08,卖,99.5500,1.0,9.96,99.5412,mm
3,13:58:23,卖,99.5450,1.0,9.95,99.5410,mm
3,13:58:26,买,99.5300,1.0,9.95,99.5358,mm
3,13:58:27,卖,99.5500,1.0,9.96,99.5483,mm
3,13:58:35,买,99.5200,1.0,9.95,99.5247,mm
3,13:59:22,卖,99.5450,1.0,9.95,99.5398,mm
3,13:59:25,买,99.5350,1.0,9.95,99.5395,mm
3,13:59:29,买,99.5300,1.0,9.95,99.5322,mm
3,13:59:48,买,99.5300,1.0,9.95,99.5241,mm
3,13:59:50,卖,99.5350,1.0,9.95,99.5293,mm
3,13:59:52,卖,99.5400,1.0,9.95,99.5338,mm
3,14:00:00,买,99.5300,1.0,9.95,99.5362,mm
3,14:00:04,卖,99.5500,1.0,9.96,99.5486,mm
3,14:00:06,卖,99.5650,1.0,9.96,99.5625,mm
3,14:00:07,卖,99.5750,1.0,9.96,99.5718,mm
3,14:00:09,卖,99.5950,1.0,9.96,99.5931,mm
3,14:00:12,买,99.5800,1.0,9.96,99.5820,mm
3,14:00:14,买,99.5700,1.0,9.96,99.5711,mm
3,14:00:24,买,99.5750,1.0,9.96,99.5790,mm
3,14:00:25,买,99.5650,1.0,9.96,99.5700,mm
3,14:00:26,卖,99.5850,1.0,9.96,99.5788,mm
3,14:00:32,买,99.5700,1.0,9.96,99.5806,mm
3,14:00:32,卖,99.5900,1.0,9.96,99.5847,mm
3,14:00:35,买,99.5550,1.0,9.96,99.5560,mm
3,14:00:41,卖,99.5650,1.0,9.96,99.5643,mm
3,14:00:45,卖,99.5700,1.0,9.96,99.5557,mm
3,14:00:51,卖,99.5600,1.0,9.96,99.5476,mm
3,14:01:02,卖,99.5500,1.0,9.96,99.5499,mm
3,14:01:08,卖,99.5650,1.0,9.96,99.5618,mm
3,14:01:13,买,99.5550,1.0,9.96,99.5609,mm
3,14:01:14,买,99.5550,1.0,9.96,99.5560,mm
3,14:01:25,买,99.5600,1.0,9.96,99.5652,mm
3,14:01:28,买,99.5550,1.0,9.96,99.5611,mm
3,14:01:32,卖,99.5850,1.0,9.96,99.5898,mm
3,14:01:33,买,99.5800,1.0,9.96,99.5842,mm
3,14:01:38,买,99.5800,1.0,9.96,99.5843,mm
3,14:01:46,卖,99.5900,1.0,9.96,99.5869,mm
3,14:01:48,买,99.5750,1.0,9.96,99.5793,mm
3,14:01:59,卖,99.5950,1.0,9.96,99.6017,mm
3,14:02:20,买,99.6000,1.0,9.96,99.6035,mm
3,14:02:37,卖,99.6100,1.0,9.96,99.6003,mm
3,14:02:46,卖,99.5950,1.0,9.96,99.5887,mm
3,14:02:57,买,99.5650,1.0,9.96,99.5704,mm
3,14:02:58,卖,99.5850,1.0,9.96,99.5792,mm
3,14:03:04,买,99.5900,1.0,9.96,99.5897,mm
3,14:03:08,卖,99.6000,1.0,9.96,99.5960,mm
3,14:03:14,卖,99.6400,1.0,9.96,99.6362,mm
3,14:03:15,买,99.6250,1.0,9.96,99.6294,mm
3,14:03:26,卖,99.6450,1.0,9.96,99.6456,mm
3,14:03:28,买,99.6350,1.0,9.96,99.6376,mm
3,14:03:53,卖,99.6950,1.0,9.97,99.6900,mm
3,14:03:56,买,99.6800,1.0,9.97,99.6847,mm
3,14:03:58,买,99.6750,1.0,9.97,99.6806,mm
3,14:04:23,卖,99.7150,1.0,9.97,99.7180,mm
3,14:04:27,买,99.6950,1.0,9.97,99.6992,mm
3,14:04:28,买,99.6900,1.0,9.97,99.6878,mm
3,14:04:39,卖,99.6900,1.0,9.97,99.6861,mm
3,14:04:46,买,99.6900,1.0,9.97,99.6955,mm
3,14:04:53,卖,99.7050,1.0,9.97,99.7035,mm
3,14:04:54,卖,99.7150,1.0,9.97,99.7106,mm
3,14:04:58,卖,99.7200,1.0,9.97,99.7172,mm
3,14:04:59,买,99.7050,1.0,9.97,99.7092,mm
3,14:05:01,买,99.6950,1.0,9.97,99.6970,mm
3,14:05:05,买,99.6750,1.0,9.97,99.6799,mm
3,14:05:10,卖,99.6800,1.0,9.97,99.6752,mm
3,14:05:13,卖,99.6900,1.0,9.97,99.6902,mm
3,14:05:21,买,99.7050,1.0,9.97,99.7056,mm
3,14:05:25,买,99.7050,1.0,9.97,99.7108,mm
3,14:05:36,买,99.6850,1.0,9.97,99.6910,mm
3,14:05:50,卖,99.6950,1.0,9.97,99.6912,mm
3,14:05:59,卖,99.6600,1.0,9.97,99.6651,mm
3,14:06:18,卖,99.6750,1.0,9.97,99.6686,mm
3,14:06:31,卖,99.6900,1.0,9.97,99.6867,mm
3,14:06:34,买,99.6800,1.0,9.97,99.6850,mm
3,14:06:36,买,99.6850,1.0,9.97,99.6957,mm
3,14:06:39,买,99.6850,1.0,9.97,99.6978,mm
3,14:06:48,卖,99.6900,1.0,9.97,99.6851,mm
3,14:07:04,买,99.6800,1.0,9.97,99.6843,mm
3,14:07:09,卖,99.7150,1.0,9.97,99.7076,mm
3,14:07:15,卖,99.7050,1.0,9.97,99.6991,mm
3,14:07:45,买,99.6900,1.0,9.97,99.6910,mm
3,14:07:49,卖,99.7050,1.0,9.97,99.7013,mm
3,14:08:09,买,99.7250,1.0,9.97,99.7267,mm
3,14:08:21,买,99.7300,1.0,9.97,99.7353,mm
3,14:08:28,卖,99.7350,1.0,9.97,99.7297,mm
3,14:08:34,买,99.7250,1.0,9.97,99.7310,mm
3,14:08:44,卖,99.7500,1.0,9.98,99.7465,mm
3,14:08:58,买,99.7450,1.0,9.97,99.7447,mm
3,14:09:12,卖,99.7700,1.0,9.98,99.7683,mm
3,14:09:15,卖,99.7850,1.0,9.98,99.7787,mm
3,14:09:27,买,99.8050,1.0,9.98,99.8111,mm
3,14:09:32,卖,99.8100,1.0,9.98,99.8150,mm
3,14:09:43,买,99.8150,1.0,9.98,99.8220,mm
3,14:09:58,卖,99.8800,1.0,9.99,99.8751,mm
3,14:10:07,买,99.8800,1.0,9.99,99.8807,mm
3,14:10:14,买,99.8800,1.0,9.99,99.8849,mm
3,14:10:15,卖,99.8950,1.0,9.99,99.8864,mm
3,14:10:16,买,99.8600,1.0,9.99,99.8603,mm
3,14:10:19,卖,99.8750,1.0,9.99,99.8721,mm
3,14:10:23,卖,99.8850,1.0,9.99,99.8822,mm
3,14:10:25,买,99.8700,1.0,9.99,99.8761,mm
3,14:10:36,卖,99.8950,1.0,9.99,99.8916,mm
3,14:10:42,卖,99.9200,1.0,9.99,99.9154,mm
3,14:10:59,买,99.9450,1.0,9.99,99.9478,mm
3,14:11:02,买,99.9300,1.0,9.99,99.9361,mm
3,14:11:13,买,99.9000,1.0,9.99,99.9018,mm
3,14:11:21,卖,99.9100,1.0,9.99,99.9005,mm
3,14:11:23,买,99.8950,1.0,9.99,99.8958,mm
3,14:11:38,买,99.8600,1.0,9.99,99.8656,mm
3,14:11:45,买,99.8350,1.0,9.98,99.8385,mm
3,14:11:47,卖,99.8450,1.0,9.98,99.8409,mm
3,14:11:58,卖,99.8400,1.0,9.98,99.8366,mm
3,14:12:27,卖,99.8500,1.0,9.99,99.8457,mm
3,14:12:32,买,99.8300,1.0,9.98,99.8349,mm
3,14:12:36,卖,99.8450,1.0,9.98,99.8471,mm
3,14:12:52,卖,99.8700,1.0,9.99,99.8679,mm
3,14:12:56,卖,99.8950,1.0,9.99,99.8923,mm
3,14:13:02,买,99.8900,1.0,9.99,99.8940,mm
3,14:13:03,买,99.8800,1.0,9.99,99.8805,mm
3,14:13:11,买,99.8550,1.0,9.99,99.8602,mm
3,14:13:21,卖,99.8350,1.0,9.98,99.8313,mm
3,14:13:23,买,99.8250,1.0,9.98,99.8292,mm
3,14:13:28,卖,99.8450,1.0,9.98,99.8450,mm
3,14:13:29,卖,99.8550,1.0,9.99,99.8527,mm
3,14:13:36,买,99.8650,1.0,9.99,99.8647,mm
3,14:13:39,卖,99.8800,1.0,9.99,99.8772,mm
3,14:13:41,买,99.8650,1.0,9.99,99.8707,mm
3,14:13:54,买,99.8250,1.0,9.98,99.8294,mm
3,14:14:00,卖,99.8400,1.0,9.98,99.8358,mm
3,14:14:01,卖,99.8500,1.0,9.99,99.8467,mm
3,14:14:10,卖,99.8600,1.0,9.99,99.8562,mm
3,14:14:15,买,99.8600,1.0,9.99,99.8627,mm
3,14:14:19,买,99.8500,1.0,9.99,99.8535,mm
3,14:14:22,买,99.8400,1.0,9.98,99.8444,mm
3,14:14:31,卖,99.8500,1.0,9.99,99.8506,mm
3,14:14:34,买,99.8350,1.0,9.98,99.8365,mm
3,14:14:53,卖,99.8350,1.0,9.98,99.8327,mm
3,14:15:00,卖,99.8600,1.0,9.99,99.8536,mm
3,14:15:01,买,99.8400,1.0,9.98,99.8423,mm
3,14:15:01,买,99.8300,1.0,9.98,99.8347,mm
3,14:15:03,买,99.8200,1.0,9.98,99.8210,mm
3,14:15:19,买,99.7750,1.0,9.98,99.7782,mm
3,14:15:26,卖,99.7850,1.0,9.98,99.7775,mm
3,14:15:27,卖,99.7900,1.0,9.98,99.7884,mm
3,14:15:31,卖,99.8050,1.0,9.98,99.7959,mm
3,14:15:41,买,99.7950,1.0,9.98,99.8004,mm
3,14:15:55,买,99.7900,1.0,9.98,99.7955,mm
3,14:16:15,卖,99.7850,1.0,9.98,99.7824,mm
3,14:16:22,卖,99.7900,1.0,9.98,99.7824,mm
3,14:16:25,买,99.7700,1.0,9.98,99.7777,mm
3,14:16:25,卖,99.7900,1.0,9.98,99.7792,mm
3,14:16:26,卖,99.7900,1.0,9.98,99.7829,mm
3,14:16:27,买,99.7700,1.0,9.98,99.7829,mm
3,14:16:27,买,99.7700,1.0,9.98,99.7825,mm
3,14:16:28,卖,99.7950,1.0,9.98,99.7926,mm
3,14:16:37,卖,99.8050,1.0,9.98,99.8081,mm
3,14:16:47,卖,99.8350,1.0,9.98,99.8300,mm
3,14:17:01,买,99.8600,1.0,9.99,99.8654,mm
3,14:17:07,卖,99.8850,1.0,9.99,99.8873,mm
3,14:17:15,买,99.9000,1.0,9.99,99.9036,mm
3,14:17:33,买,99.8800,1.0,9.99,99.8857,mm
3,14:17:38,买,99.8750,1.0,9.99,99.8778,mm
3,14:17:48,买,99.8750,1.0,9.99,99.8799,mm
3,14:17:50,卖,99.8900,1.0,9.99,99.8894,mm
3,14:17:52,卖,99.9000,1.0,9.99,99.8960,mm
3,14:18:03,买,99.9000,1.0,9.99,99.9059,mm
3,14:18:07,卖,99.9100,1.0,9.99,99.9124,mm
3,14:18:11,卖,99.9200,1.0,9.99,99.9159,mm
3,14:18:17,卖,99.9050,1.0,9.99,99.8973,mm
3,14:18:18,买,99.8850,1.0,9.99,99.8896,mm
3,14:18:19,卖,99.9050,1.0,9.99,99.9014,mm
3,14:18:19,买,99.8900,1.0,9.99,99.8940,mm
3,14:18:28,买,99.9100,1.0,9.99,99.9142,mm
3,14:18:46,买,99.9000,1.0,9.99,99.9061,mm
3,14:19:06,买,99.8850,1.0,9.99,99.8866,mm
3,14:19:10,卖,99.9000,1.0,9.99,99.8956,mm
3,14:19:13,卖,99.9000,1.0,9.99,99.9056,mm
3,14:19:15,买,99.8900,1.0,9.99,99.8945,mm
3,14:19:16,卖,99.9050,1.0,9.99,99.9015,mm
3,14:19:25,买,99.9000,1.0,9.99,99.9109,mm
3,14:19:38,卖,99.9350,1.0,9.99,99.9292,mm
3,14:19:43,买,99.8850,1.0,9.99,99.8897,mm
3,14:19:48,卖,99.8750,1.0,9.99,99.8672,mm
3,14:19:55,买,99.8650,1.0,9.99,99.8687,mm
3,14:20:24,买,99.8400,1.0,9.98,99.8432,mm
3,14:20:27,卖,99.8600,1.0,9.99,99.8505,mm
3,14:20:28,卖,99.8600,1.0,9.99,99.8527,mm
3,14:20:39,卖,99.8900,1.0,9.99,99.8868,mm
3,14:20:46,卖,99.9150,1.0,9.99,99.9085,mm
3,14:20:55,买,99.8850,1.0,9.99,99.8892,mm
3,14:20:58,买,99.8750,1.0,9.99,99.8806,mm
3,14:21:01,买,99.8650,1.0,9.99,99.8699,mm
3,14:21:06,卖,99.8750,1.0,9.99,99.8694,mm
3,14:21:08,卖,99.8800,1.0,9.99,99.8821,mm
3,14:21:11,买,99.8650,1.0,9.99,99.8679,mm
3,14:21:22,卖,99.9100,1.0,9.99,99.8992,mm
3,14:21:26,买,99.8750,1.0,9.99,99.8768,mm
3,14:21:32,买,99.8600,1.0,9.99,99.8663,mm
3,14:21:39,卖,99.8900,1.0,9.99,99.8848,mm
3,14:21:57,卖,99.9400,1.0,9.99,99.9453,mm
3,14:22:08,卖,99.9600,1.0,10.00,99.9473,mm
3,14:22:13,买,99.9200,1.0,9.99,99.9233,mm
3,14:22:14,买,99.9100,1.0,9.99,99.9132,mm
3,14:22:15,买,99.9000,1.0,9.99,99.9062,mm
3,14:22:36,卖,99.9000,1.0,9.99,99.8964,mm
3,14:22:55,卖,99.9250,1.0,9.99,99.9224,mm
3,14:22:56,卖,99.9350,1.0,9.99,99.9316,mm
3,14:22:57,买,99.9250,1.0,9.99,99.9337,mm
3,14:23:26,买,99.8950,1.0,9.99,99.8987,mm
3,14:23:36,买,99.8750,1.0,9.99,99.8806,mm
3,14:23:39,卖,99.9000,1.0,9.99,99.8870,mm
3,14:23:41,买,99.8750,1.0,9.99,99.8806,mm
3,14:23:43,买,99.8550,1.0,9.99,99.8516,mm
3,14:23:52,卖,99.8600,1.0,9.99,99.8499,mm
3,14:23:56,卖,99.8700,1.0,9.99,99.8651,mm
3,14:24:14,买,99.8600,1.0,9.99,99.8687,mm
3,14:24:17,买,99.8500,1.0,9.99,99.8523,mm
3,14:24:20,卖,99.8800,1.0,9.99,99.8765,mm
3,14:24:29,卖,99.8800,1.0,9.99,99.8702,mm
3,14:24:34,卖,99.8900,1.0,9.99,99.8889,mm
3,14:24:35,买,99.8800,1.0,9.99,99.8804,mm
3,14:24:43,买,99.8750,1.0,9.99,99.8730,mm
3,14:24:49,卖,99.9050,1.0,9.99,99.8992,mm
3,14:25:03,卖,99.9200,1.0,9.99,99.9163,mm
3,14:25:11,买,99.9100,1.0,9.99,99.9116,mm
3,14:25:13,买,99.8950,1.0,9.99,99.8987,mm
3,14:25:40,买,99.9000,1.0,9.99,99.9052,mm
3,14:25:44,卖,99.9050,1.0,9.99,99.8996,mm
3,14:25:56,买,99.8800,1.0,9.99,99.8836,mm
3,14:25:57,买,99.8700,1.0,9.99,99.8753,mm
3,14:26:01,卖,99.8850,1.0,9.99,99.8788,mm
3,14:26:20,买,99.8650,1.0,9.99,99.8703,mm
3,14:26:23,卖,99.8850,1.0,9.99,99.8837,mm
3,14:26:24,卖,99.8950,1.0,9.99,99.8913,mm
3,14:26:25,卖,99.9050,1.0,9.99,99.9012,mm
3,14:26:28,买,99.8950,1.0,9.99,99.8917,mm
3,14:26:31,卖,99.9000,1.0,9.99,99.8931,mm
3,14:26:38,买,99.9100,1.0,9.99,99.9162,mm
3,14:26:41,卖,99.9100,1.0,9.99,99.9078,mm
3,14:26:46,卖,99.9200,1.0,9.99,99.9168,mm
3,14:26:52,买,99.8950,1.0,9.99,99.8960,mm
3,14:26:55,卖,99.9150,1.0,9.99,99.9122,mm
3,14:27:01,买,99.8900,1.0,9.99,99.8905,mm
3,14:27:02,买,99.8800,1.0,9.99,99.8860,mm
3,14:27:22,卖,99.8800,1.0,9.99,99.8824,mm
3,14:27:55,买,99.9150,1.0,9.99,99.9176,mm
3,14:28:01,卖,99.9250,1.0,9.99,99.9206,mm
3,14:28:03,卖,99.9250,1.0,9.99,99.9149,mm
3,14:28:09,买,99.9150,1.0,9.99,99.9206,mm
3,14:28:14,买,99.9400,1.0,9.99,99.9433,mm
3,14:28:17,买,99.9350,1.0,9.99,99.9409,mm
3,14:28:18,卖,99.9500,1.0,10.00,99.9510,mm
3,14:28:39,买,99.9400,1.0,9.99,99.9452,mm
3,14:28:53,卖,99.9700,1.0,10.00,99.9656,mm
3,14:28:56,卖,99.9700,1.0,10.00,99.9661,mm
3,14:29:05,买,99.9700,1.0,10.00,99.9762,mm
3,14:29:18,买,99.9450,1.0,9.99,99.9494,mm
3,14:29:29,卖,99.9350,1.0,9.99,99.9368,mm
3,14:29:56,卖,100.0000,1.0,10.00,99.9963,mm
3,14:30:03,买,99.9650,1.0,10.00,99.9657,mm
3,14:30:04,买,99.9500,1.0,10.00,99.9549,mm
3,14:30:29,买,99.9250,1.0,9.99,99.9432,mm
3,14:30:45,卖,99.9550,1.0,10.00,99.9488,mm
3,14:31:00,卖,99.9300,1.0,9.99,99.9357,mm
3,14:31:02,买,99.9200,1.0,9.99,99.9236,mm
3,14:31:15,买,99.8900,1.0,9.99,99.8958,mm
3,14:31:19,卖,99.9050,1.0,9.99,99.9028,mm
3,14:31:21,卖,99.9100,1.0,9.99,99.9051,mm
3,14:31:28,卖,99.9200,1.0,9.99,99.9131,mm
3,14:31:40,卖,99.9250,1.0,9.99,99.9300,mm
3,14:31:43,买,99.9200,1.0,9.99,99.9233,mm
3,14:31:48,买,99.9050,1.0,9.99,99.9075,mm
3,14:31:59,买,99.9050,1.0,9.99,99.9099,mm
3,14:32:04,卖,99.9150,1.0,9.99,99.9098,mm
3,14:32:15,买,99.9200,1.0,9.99,99.9249,mm
3,14:32:28,卖,99.9350,1.0,9.99,99.9335,mm
3,14:32:34,买,99.9200,1.0,9.99,99.9239,mm
3,14:32:38,卖,99.9350,1.0,9.99,99.9296,mm
3,14:32:45,买,99.8950,1.0,9.99,99.9028,mm
3,14:33:00,卖,99.9150,1.0,9.99,99.9158,mm
3,14:33:03,卖,99.9200,1.0,9.99,99.9064,mm
3,14:33:03,卖,99.9200,1.0,9.99,99.9143,mm
3,14:33:11,买,99.9050,1.0,9.99,99.9124,mm
3,14:33:18,买,99.9150,1.0,9.99,99.9197,mm
3,14:33:35,卖,99.9250,1.0,9.99,99.9210,mm
3,14:34:06,买,99.9400,1.0,9.99,99.9437,mm
3,14:34:09,卖,99.9550,1.0,10.00,99.9495,mm
3,14:34:14,买,99.9400,1.0,9.99,99.9451,mm
3,14:34:16,卖,99.9550,1.0,10.00,99.9488,mm
3,14:34:20,卖,99.9550,1.0,10.00,99.9565,mm
3,14:34:23,卖,99.9650,1.0,10.00,99.9550,mm
3,14:34:35,卖,99.9850,1.0,10.00,99.9896,mm
3,14:34:43,卖,100.0050,1.0,10.00,99.9961,mm
3,14:34:58,买,99.9550,1.0,10.00,99.9612,mm
3,14:35:04,买,99.9600,1.0,10.00,99.9653,mm
3,14:35:07,买,99.9600,1.0,10.00,99.9661,mm
3,14:35:11,卖,99.9750,1.0,10.00,99.9674,mm
3,14:35:13,买,99.9600,1.0,10.00,99.9655,mm
3,14:35:18,买,99.9650,1.0,10.00,99.9661,mm
3,14:35:24,买,99.9600,1.0,10.00,99.9611,mm
3,14:35:25,卖,99.9750,1.0,10.00,99.9719,mm
3,14:35:36,卖,99.9900,1.0,10.00,99.9948,mm
3,14:35:41,买,100.0050,1.0,10.00,100.0105,mm
3,14:35:51,卖,100.0350,1.0,10.00,100.0301,mm
3,14:35:54,买,100.0150,1.0,10.00,100.0210,mm
3,14:36:15,卖,100.0750,1.0,10.01,100.0640,mm
3,14:36:27,买,100.0450,1.0,10.00,100.0486,mm
3,14:36:41,卖,100.0300,1.0,10.00,100.0269,mm
3,14:36:52,买,100.0200,1.0,10.00,100.0252,mm
3,14:36:57,卖,100.0400,1.0,10.00,100.0362,mm
3,14:37:10,买,100.0400,1.0,10.00,100.0433,mm
3,14:37:13,买,100.0100,1.0,10.00,100.0104,mm
3,14:37:31,卖,100.0350,1.0,10.00,100.0324,mm
3,14:37:33,买,100.0300,1.0,10.00,100.0336,mm
3,14:37:34,卖,100.0450,1.0,10.00,100.0411,mm
3,14:37:48,卖,100.0550,1.0,10.01,100.0524,mm
3,14:37:57,买,100.0200,1.0,10.00,100.0234,mm
3,14:38:05,买,99.9850,1.0,10.00,99.9904,mm
3,14:38:10,买,99.9600,1.0,10.00,99.9626,mm
3,14:38:12,买,99.9400,1.0,9.99,99.9417,mm
3,14:38:20,卖,99.9550,1.0,10.00,99.9439,mm
3,14:38:20,卖,99.9550,1.0,10.00,99.9452,mm
3,14:38:23,卖,99.9650,1.0,10.00,99.9709,mm
3,14:38:30,买,99.9600,1.0,10.00,99.9659,mm
3,14:38:33,买,99.9600,1.0,10.00,99.9616,mm
3,14:38:36,卖,99.9750,1.0,10.00,99.9699,mm
3,14:38:39,买,99.9650,1.0,10.00,99.9767,mm
3,14:39:03,卖,99.9650,1.0,10.00,99.9562,mm
3,14:39:25,买,99.9150,1.0,9.99,99.9200,mm
3,14:39:29,卖,99.9300,1.0,9.99,99.9335,mm
3,14:39:31,卖,99.9400,1.0,9.99,99.9348,mm
3,14:39:33,卖,99.9400,1.0,9.99,99.9375,mm
3,14:39:52,买,99.9250,1.0,9.99,99.9243,mm
3,14:39:53,买,99.9100,1.0,9.99,99.9095,mm
3,14:40:00,买,99.9150,1.0,9.99,99.9198,mm
3,14:40:02,卖,99.9350,1.0,9.99,99.9315,mm
3,14:40:22,买,99.8800,1.0,9.99,99.8860,mm
3,14:40:27,卖,99.8950,1.0,9.99,99.8859,mm
3,14:40:28,卖,99.8950,1.0,9.99,99.8915,mm
3,14:40:45,卖,99.9100,1.0,9.99,99.8996,mm
3,14:40:47,卖,99.9150,1.0,9.99,99.9003,mm
3,14:40:48,卖,99.9150,1.0,9.99,99.8995,mm
3,14:40:49,卖,99.9150,1.0,9.99,99.8985,mm
3,14:40:50,卖,99.9150,1.0,9.99,99.9038,mm
3,14:40:50,买,99.8950,1.0,9.99,99.9062,mm
3,14:40:51,买,99.8950,1.0,9.99,99.9041,mm
3,14:40:52,买,99.8950,1.0,9.99,99.9038,mm
3,14:40:52,卖,99.9200,1.0,9.99,99.9139,mm
3,14:41:02,买,99.9200,1.0,9.99,99.9248,mm
3,14:41:11,买,99.9100,1.0,9.99,99.9139,mm
3,14:41:29,买,99.9450,1.0,9.99,99.9492,mm
3,14:41:33,买,99.9400,1.0,9.99,99.9457,mm
3,14:41:47,卖,99.9450,1.0,9.99,99.9400,mm
3,14:42:04,买,99.9650,1.0,10.00,99.9689,mm
3,14:42:05,卖,99.9800,1.0,10.00,99.9852,mm
3,14:42:12,买,99.9600,1.0,10.00,99.9660,mm
3,14:42:22,卖,99.9950,1.0,10.00,99.9844,mm
3,14:42:23,卖,99.9950,1.0,10.00,99.9916,mm
3,14:42:26,卖,100.0050,1.0,10.00,99.9991,mm
3,14:42:28,卖,100.0100,1.0,10.00,100.0058,mm
3,14:42:29,卖,100.0200,1.0,10.00,100.0163,mm
3,14:42:30,买,100.0100,1.0,10.00,100.0069,mm
3,14:42:31,卖,100.0250,1.0,10.00,100.0303,mm
3,14:42:33,买,100.0200,1.0,10.00,100.0257,mm
3,14:42:45,买,100.0150,1.0,10.00,100.0141,mm
3,14:42:51,卖,100.0450,1.0,10.00,100.0402,mm
3,14:42:53,买,100.0250,1.0,10.00,100.0228,mm
3,14:43:04,买,100.0200,1.0,10.00,100.0243,mm
3,14:43:12,买,100.0250,1.0,10.00,100.0303,mm
3,14:43:23,卖,100.0300,1.0,10.00,100.0227,mm
3,14:43:36,卖,100.0200,1.0,10.00,100.0149,mm
3,14:43:37,买,100.0050,1.0,10.00,100.0092,mm
3,14:43:52,买,99.9750,1.0,10.00,99.9800,mm
3,14:43:57,卖,99.9950,1.0,10.00,99.9893,mm
3,14:43:58,买,99.9800,1.0,10.00,99.9855,mm
3,14:44:03,卖,99.9950,1.0,10.00,99.9793,mm
3,14:44:31,买,100.0150,1.0,10.00,100.0186,mm
3,14:44:32,买,100.0050,1.0,10.00,100.0066,mm
3,14:44:38,买,100.0050,1.0,10.00,100.0078,mm
3,14:44:39,卖,100.0200,1.0,10.00,100.0155,mm
3,14:44:40,买,100.0050,1.0,10.00,100.0108,mm
3,14:44:47,买,99.9950,1.0,10.00,99.9973,mm
3,14:44:54,卖,99.9900,1.0,10.00,99.9845,mm
3,14:45:04,卖,99.9700,1.0,10.00,99.9648,mm
3,14:45:19,买,99.9250,1.0,9.99,99.9246,mm
3,14:45:22,卖,99.9400,1.0,9.99,99.9349,mm
3,14:45:32,卖,99.9350,1.0,9.99,99.9307,mm
3,14:45:44,卖,99.9400,1.0,9.99,99.9341,mm
3,14:45:49,卖,99.9300,1.0,9.99,99.9274,mm
3,14:45:53,买,99.9150,1.0,9.99,99.9198,mm
3,14:45:57,买,99.9250,1.0,9.99,99.9268,mm
3,14:46:00,买,99.9100,1.0,9.99,99.9109,mm
3,14:46:17,买,99.9000,1.0,9.99,99.9050,mm
3,14:46:17,卖,99.9150,1.0,9.99,99.9175,mm
3,14:46:28,买,99.9150,1.0,9.99,99.9160,mm
3,14:46:33,买,99.8850,1.0,9.99,99.8862,mm
3,14:46:41,卖,99.9050,1.0,9.99,99.8995,mm
3,14:46:50,卖,99.9200,1.0,9.99,99.9079,mm
3,14:46:51,卖,99.9200,1.0,9.99,99.9176,mm
3,14:46:52,卖,99.9300,1.0,9.99,99.9242,mm
3,14:46:57,买,99.8950,1.0,9.99,99.8988,mm
3,14:47:10,买,99.8500,1.0,9.99,99.8559,mm
3,14:47:14,卖,99.8600,1.0,9.99,99.8535,mm
3,14:47:29,卖,99.8800,1.0,9.99,99.8751,mm
3,14:47:48,卖,99.9100,1.0,9.99,99.9021,mm
3,14:47:55,买,99.8750,1.0,9.99,99.8723,mm
3,14:47:59,买,99.8750,1.0,9.99,99.8789,mm
3,14:48:07,买,99.8500,1.0,9.99,99.8558,mm
3,14:48:14,卖,99.8600,1.0,9.99,99.8547,mm
3,14:48:19,卖,99.8450,1.0,9.98,99.8469,mm
3,14:48:21,卖,99.8550,1.0,9.99,99.8542,mm
3,14:48:29,买,99.8500,1.0,9.99,99.8496,mm
3,14:48:33,买,99.8550,1.0,9.99,99.8608,mm
3,14:48:41,买,99.8550,1.0,9.99,99.8580,mm
3,14:48:42,卖,99.8700,1.0,9.99,99.8665,mm
3,14:48:45,卖,99.8700,1.0,9.99,99.8734,mm
3,14:48:48,买,99.8600,1.0,9.99,99.8622,mm
3,14:49:07,买,99.8750,1.0,9.99,99.8757,mm
3,14:49:09,买,99.8650,1.0,9.99,99.8712,mm
3,14:49:28,卖,99.9300,1.0,9.99,99.9346,mm
3,14:49:30,卖,99.9400,1.0,9.99,99.9366,mm
3,14:49:33,卖,99.9500,1.0,10.00,99.9547,mm
3,14:49:42,买,99.9600,1.0,10.00,99.9628,mm
3,14:49:52,买,99.9400,1.0,9.99,99.9440,mm
3,14:49:53,买,99.9350,1.0,9.99,99.9387,mm
3,14:50:00,卖,99.9550,1.0,10.00,99.9516,mm
3,14:50:10,买,99.9450,1.0,9.99,99.9499,mm
3,14:50:16,买,99.9200,1.0,9.99,99.9251,mm
3,14:50:30,买,99.9300,1.0,9.99,99.9337,mm
3,14:50:33,卖,99.9500,1.0,10.00,99.9556,mm
3,14:50:35,卖,99.9700,1.0,10.00,99.9693,mm
3,14:50:51,卖,99.9600,1.0,10.00,99.9544,mm
3,14:50:55,买,99.9600,1.0,10.00,99.9696,mm
3,14:50:57,买,99.9550,1.0,10.00,99.9599,mm
3,14:50:58,买,99.9450,1.0,9.99,99.9509,mm
3,14:51:11,买,99.9700,1.0,10.00,99.9756,mm
3,14:51:20,卖,99.9950,1.0,10.00,99.9936,mm
3,14:51:40,卖,100.0050,1.0,10.00,100.0014,mm
3,14:51:44,卖,100.0000,1.0,10.00,99.9851,mm
3,14:51:48,买,99.9600,1.0,10.00,99.9612,mm
3,14:51:59,买,99.9600,1.0,10.00,99.9640,mm
3,14:52:05,卖,99.9750,1.0,10.00,99.9701,mm
3,14:52:09,买,99.9600,1.0,10.00,99.9649,mm
3,14:52:12,买,99.9500,1.0,10.00,99.9536,mm
3,14:52:24,卖,99.9550,1.0,10.00,99.9476,mm
3,14:52:28,买,99.9300,1.0,9.99,99.9347,mm
3,14:52:33,卖,99.9200,1.0,9.99,99.9238,mm
3,14:52:41,卖,99.9300,1.0,9.99,99.9254,mm
3,14:52:46,卖,99.9350,1.0,9.99,99.9331,mm
3,14:52:50,卖,99.9450,1.0,9.99,99.9471,mm
3,14:52:53,卖,99.9600,1.0,10.00,99.9490,mm
3,14:52:53,卖,99.9600,1.0,10.00,99.9549,mm
3,14:52:55,买,99.9500,1.0,10.00,99.9543,mm
3,14:52:57,买,99.9500,1.0,10.00,99.9507,mm
3,14:52:59,买,99.9350,1.0,9.99,99.9399,mm
3,14:53:01,卖,99.9400,1.0,9.99,99.9364,mm
3,14:53:10,卖,99.9500,1.0,10.00,99.9477,mm
3,14:53:20,卖,99.9850,1.0,10.00,99.9826,mm
3,14:53:21,买,99.9700,1.0,10.00,99.9812,mm
3,14:53:33,买,99.9700,1.0,10.00,99.9743,mm
3,14:53:37,卖,100.0050,1.0,10.00,99.9991,mm
3,14:53:39,卖,100.0100,1.0,10.00,100.0070,mm
3,14:53:44,买,99.9700,1.0,10.00,99.9733,mm
3,14:53:46,买,99.9500,1.0,10.00,99.9491,mm
3,14:53:51,卖,99.9600,1.0,10.00,99.9595,mm
3,14:54:11,卖,99.9400,1.0,9.99,99.9389,mm
3,14:54:11,买,99.9150,1.0,9.99,99.9138,mm
3,14:54:15,买,99.9000,1.0,9.99,99.9058,mm
3,14:54:19,卖,99.9150,1.0,9.99,99.9120,mm
3,14:54:43,买,99.8900,1.0,9.99,99.8947,mm
3,14:54:44,买,99.8800,1.0,9.99,99.8834,mm
3,14:55:01,买,99.8800,1.0,9.99,99.8831,mm
3,14:55:11,卖,99.8800,1.0,9.99,99.8784,mm
3,14:55:15,卖,99.8800,1.0,9.99,99.8720,mm
3,14:55:20,买,99.8700,1.0,9.99,99.8760,mm
3,14:55:26,买,99.8550,1.0,9.99,99.8569,mm
3,14:55:40,买,99.8350,1.0,9.98,99.8396,mm
3,14:55:48,卖,99.8650,1.0,9.99,99.8602,mm
3,14:56:05,买,99.8550,1.0,9.99,99.8598,mm
3,14:56:06,卖,99.8700,1.0,9.99,99.8609,mm
3,14:56:07,卖,99.8700,1.0,9.99,99.8594,mm
3,14:56:21,卖,99.8850,1.0,9.99,99.8747,mm
3,14:56:22,卖,99.8850,1.0,9.99,99.8772,mm
3,14:56:23,买,99.8650,1.0,9.99,99.8684,mm
3,14:56:28,买,99.8550,1.0,9.99,99.8599,mm
3,14:56:32,买,99.8500,1.0,9.99,99.8512,mm
3,14:56:35,卖,99.8650,1.0,9.99,99.8571,mm
3,14:56:39,买,99.8350,1.0,9.98,99.8391,mm
3,14:56:41,卖,99.8550,1.0,9.99,99.8526,mm
3,14:56:55,卖,99.8950,1.0,9.99,99.8890,mm
3,14:56:59,买,99.8750,1.0,9.99,99.8799,mm
3,14:57:01,卖,99.8900,1.0,9.99,99.8841,mm
3,14:57:16,买,99.8550,1.0,9.99,99.8592,mm
3,14:57:19,卖,99.8600,1.0,9.99,99.8544,mm
3,14:57:27,买,99.8400,1.0,9.98,99.8378,mm
3,14:57:42,卖,99.8500,1.0,9.99,99.8437,mm
3,14:58:03,卖,99.8400,1.0,9.98,99.8377,mm
3,14:58:09,买,99.8500,1.0,9.99,99.8556,mm
3,14:58:13,买,99.8300,1.0,9.98,99.8360,mm
3,14:58:20,卖,99.8550,1.0,9.99,99.8531,mm
3,14:58:23,买,99.8400,1.0,9.98,99.8407,mm
3,14:58:25,卖,99.8500,1.0,9.99,99.8402,mm
3,14:58:27,买,99.8350,1.0,9.98,99.8444,mm
3,14:58:28,卖,99.8550,1.0,9.99,99.8505,mm
3,14:58:30,卖,99.8650,1.0,9.99,99.8619,mm
3,14:58:46,买,99.8700,1.0,9.99,99.8734,mm
3,14:58:58,卖,99.9050,1.0,9.99,99.8993,mm
3,14:59:00,卖,99.9100,1.0,9.99,99.9046,mm
3,14:59:16,买,99.8850,1.0,9.99,99.8869,mm
3,14:59:32,卖,99.8800,1.0,9.99,99.8745,mm
3,14:59:40,卖,99.9050,1.0,9.99,99.8974,mm
3,14:59:44,买,99.8850,1.0,9.99,99.8893,mm
3,14:59:45,买,99.8750,1.0,9.99,99.8781,mm
3,14:59:46,卖,99.8950,1.0,9.99,99.8896,mm
3,14:59:59,买,99.8800,1.0,9.99,99.8837,mm
4,09:15:05,卖,99.9550,1.0,10.00,99.9445,mm
4,09:15:09,买,99.9250,1.0,9.99,99.9297,mm
4,09:15:10,卖,99.9500,1.0,10.00,99.9395,mm
4,09:15:12,卖,99.9700,1.0,10.00,99.9669,mm
4,09:15:26,买,99.9900,1.0,10.00,99.9976,mm
4,09:15:33,买,99.9950,1.0,10.00,100.0110,mm
4,09:15:45,买,100.0100,1.0,10.00,100.0157,mm
4,09:15:52,买,99.9950,1.0,10.00,100.0010,mm
4,09:15:53,卖,100.0100,1.0,10.00,100.0055,mm
4,09:15:58,买,99.9850,1.0,10.00,99.9858,mm
4,09:15:59,卖,99.9950,1.0,10.00,99.9894,mm
4,09:16:08,买,99.9850,1.0,10.00,99.9912,mm
4,09:16:16,卖,100.0100,1.0,10.00,100.0088,mm
4,09:16:25,买,100.0000,1.0,10.00,100.0062,mm
4,09:16:25,卖,100.0150,1.0,10.00,100.0105,mm
4,09:16:38,卖,100.0200,1.0,10.00,100.0116,mm
4,09:16:41,买,99.9950,1.0,10.00,99.9945,mm
4,09:16:47,买,99.9800,1.0,10.00,99.9857,mm
4,09:17:07,卖,99.9650,1.0,10.00,99.9617,mm
4,09:17:12,卖,99.9800,1.0,10.00,99.9776,mm
4,09:17:20,买,99.9700,1.0,10.00,99.9752,mm
4,09:17:28,买,99.9450,1.0,9.99,99.9512,mm
4,09:17:29,卖,99.9600,1.0,10.00,99.9587,mm
4,09:17:30,买,99.9450,1.0,9.99,99.9490,mm
4,09:17:39,买,99.9150,1.0,9.99,99.9168,mm
4,09:17:41,卖,99.9200,1.0,9.99,99.9254,mm
4,09:17:56,卖,99.9100,1.0,9.99,99.9126,mm
4,09:17:57,卖,99.9250,1.0,9.99,99.9217,mm
4,09:18:07,买,99.9100,1.0,9.99,99.9144,mm
4,09:18:34,买,99.9000,1.0,9.99,99.9019,mm
4,09:18:47,卖,99.8650,1.0,9.99,99.8664,mm
4,09:18:52,买,99.8500,1.0,9.99,99.8540,mm
4,09:19:05,买,99.8550,1.0,9.99,99.8709,mm
4,09:19:08,卖,99.8600,1.0,9.99,99.8523,mm
4,09:19:13,买,99.8400,1.0,9.98,99.8461,mm
4,09:19:18,卖,99.8400,1.0,9.98,99.8475,mm
4,09:19:19,买,99.8250,1.0,9.98,99.8306,mm
4,09:19:26,卖,99.8100,1.0,9.98,99.8074,mm
4,09:19:30,卖,99.8150,1.0,9.98,99.8096,mm
4,09:19:35,卖,99.8200,1.0,9.98,99.8138,mm
4,09:19:47,卖,99.8150,1.0,9.98,99.8191,mm
4,09:19:48,买,99.8050,1.0,9.98,99.8060,mm
4,09:19:52,买,99.8100,1.0,9.98,99.8158,mm
4,09:20:27,卖,99.7850,1.0,9.98,99.7768,mm
4,09:20:31,买,99.7550,1.0,9.98,99.7605,mm
4,09:20:35,卖,99.7700,1.0,9.98,99.7752,mm
4,09:20:40,买,99.7750,1.0,9.98,99.7715,mm
4,09:20:49,卖,99.7850,1.0,9.98,99.7799,mm
4,09:20:51,卖,99.7900,1.0,9.98,99.7795,mm
4,09:20:53,买,99.7650,1.0,9.98,99.7699,mm
4,09:20:57,卖,99.7750,1.0,9.98,99.7733,mm
4,09:20:58,买,99.7650,1.0,9.98,99.7598,mm
4,09:21:03,买,99.7600,1.0,9.98,99.7646,mm
4,09:21:50,卖,99.6900,1.0,9.97,99.6852,mm
4,09:22:03,买,99.7100,1.0,9.97,99.7158,mm
4,09:22:09,卖,99.7050,1.0,9.97,99.6997,mm
4,09:22:17,卖,99.7300,1.0,9.97,99.7264,mm
4,09:22:47,买,99.8250,1.0,9.98,99.8266,mm
4,09:22:57,卖,99.8400,1.0,9.98,99.8377,mm
4,09:22:59,买,99.8250,1.0,9.98,99.8273,mm
4,09:23:01,买,99.8150,1.0,9.98,99.8178,mm
4,09:23:02,卖,99.8300,1.0,9.98,99.8267,mm
4,09:23:19,买,99.8300,1.0,9.98,99.8332,mm
4,09:23:27,卖,99.8550,1.0,9.99,99.8494,mm
4,09:23:42,卖,99.8650,1.0,9.99,99.8568,mm
4,09:23:44,买,99.8350,1.0,9.98,99.8400,mm
4,09:23:49,买,99.8200,1.0,9.98,99.8250,mm
4,09:23:53,卖,99.8400,1.0,9.98,99.8342,mm
4,09:23:54,卖,99.8450,1.0,9.98,99.8483,mm
4,09:23:56,买,99.8350,1.0,9.98,99.8395,mm
4,09:24:00,买,99.8150,1.0,9.98,99.8153,mm
4,09:24:14,买,99.7950,1.0,9.98,99.7972,mm
4,09:24:15,卖,99.8100,1.0,9.98,99.8152,mm
4,09:24:24,卖,99.8150,1.0,9.98,99.8092,mm
4,09:24:37,卖,99.8250,1.0,9.98,99.8198,mm
4,09:24:52,买,99.8250,1.0,9.98,99.8311,mm
4,09:24:56,买,99.8150,1.0,9.98,99.8191,mm
4,09:25:02,卖,99.8150,1.0,9.98,99.8183,mm
4,09:25:06,买,99.8200,1.0,9.98,99.8204,mm
4,09:25:12,卖,99.8450,1.0,9.98,99.8473,mm
4,09:25:13,卖,99.8650,1.0,9.99,99.8636,mm
4,09:25:20,买,99.8700,1.0,9.99,99.8716,mm
4,09:25:22,卖,99.8800,1.0,9.99,99.8767,mm
4,09:25:27,买,99.8750,1.0,9.99,99.8753,mm
4,09:25:49,卖,99.9450,1.0,9.99,99.9426,mm
4,09:25:50,买,99.9350,1.0,9.99,99.9410,mm
4,09:26:01,卖,99.9650,1.0,10.00,99.9537,mm
4,09:26:02,买,99.9400,1.0,9.99,99.9428,mm
4,09:26:16,买,99.9550,1.0,10.00,99.9555,mm
4,09:26:43,卖,99.9950,1.0,10.00,99.9894,mm
4,09:27:03,买,99.9950,1.0,10.00,100.0008,mm
4,09:27:26,卖,99.9800,1.0,10.00,99.9766,mm
4,09:27:52,卖,100.0150,1.0,10.00,100.0176,mm
4,09:28:02,买,100.0000,1.0,10.00,100.0050,mm
4,09:28:09,买,99.9850,1.0,10.00,99.9878,mm
4,09:28:12,卖,99.9950,1.0,10.00,99.9903,mm
4,09:28:15,买,99.9700,1.0,10.00,99.9709,mm
4,09:28:19,卖,99.9650,1.0,10.00,99.9677,mm
4,09:28:28,买,99.9450,1.0,9.99,99.9498,mm
4,09:28:54,卖,99.9650,1.0,10.00,99.9577,mm
4,09:28:57,卖,99.9700,1.0,10.00,99.9724,mm
4,09:29:02,买,99.9750,1.0,10.00,99.9786,mm
4,09:29:08,卖,100.0050,1.0,10.00,99.9972,mm
4,09:29:10,买,99.9800,1.0,10.00,99.9854,mm
4,09:29:18,卖,100.0100,1.0,10.00,100.0050,mm
4,09:29:22,买,99.9950,1.0,10.00,99.9929,mm
4,09:29:25,卖,100.0100,1.0,10.00,100.0065,mm
4,09:29:30,卖,100.0300,1.0,10.00,100.0159,mm
4,09:29:36,买,100.0100,1.0,10.00,100.0103,mm
4,09:29:40,买,99.9950,1.0,10.00,99.9997,mm
4,09:30:03,卖,100.0200,1.0,10.00,100.0156,mm
4,09:30:05,买,100.0100,1.0,10.00,100.0160,mm
4,09:30:15,买,100.0200,1.0,10.00,100.0317,mm
4,09:30:20,卖,100.0350,1.0,10.00,100.0282,mm
4,09:30:23,卖,100.0500,1.0,10.01,100.0454,mm
4,09:30:27,买,100.0400,1.0,10.00,100.0430,mm
4,09:31:03,买,100.0650,1.0,10.01,100.0613,mm
4,09:31:06,卖,100.0550,1.0,10.01,100.0515,mm
4,09:31:38,买,100.0450,1.0,10.00,100.0508,mm
4,09:31:51,买,100.0200,1.0,10.00,100.0251,mm
4,09:31:58,卖,100.0250,1.0,10.00,100.0344,mm
4,09:32:04,卖,100.0350,1.0,10.00,100.0322,mm
4,09:32:29,买,100.0600,1.0,10.01,100.0659,mm
4,09:32:31,卖,100.0800,1.0,10.01,100.0769,mm
4,09:32:50,卖,100.1200,1.0,10.01,100.1190,mm
4,09:32:52,买,100.1100,1.0,10.01,100.1156,mm
4,09:32:59,买,100.0950,1.0,10.01,100.0980,mm
4,09:33:00,卖,100.1050,1.0,10.01,100.1066,mm
4,09:34:03,卖,100.1350,1.0,10.01,100.1301,mm
4,09:34:04,买,100.1150,1.0,10.01,100.1147,mm
4,09:34:06,买,100.1050,1.0,10.01,100.1048,mm
4,09:34:14,卖,100.1050,1.0,10.01,100.0981,mm
4,09:34:16,买,100.0850,1.0,10.01,100.0867,mm
4,09:34:43,卖,100.0450,1.0,10.00,100.0501,mm
4,09:34:45,卖,100.0700,1.0,10.01,100.0541,mm
4,09:35:01,买,100.1050,1.0,10.01,100.1065,mm
4,09:35:03,买,100.0900,1.0,10.01,100.0961,mm
4,09:35:15,买,100.0700,1.0,10.01,100.0755,mm
4,09:35:20,卖,100.0650,1.0,10.01,100.0635,mm
4,09:35:23,卖,100.0700,1.0,10.01,100.0641,mm
4,09:35:33,卖,100.0900,1.0,10.01,100.0838,mm
4,09:35:33,买,100.0750,1.0,10.01,100.0744,mm
4,09:35:40,卖,100.0950,1.0,10.01,100.0900,mm
4,09:35:44,买,100.0850,1.0,10.01,100.0899,mm
4,09:35:56,卖,100.1100,1.0,10.01,100.1074,mm
4,09:36:10,买,100.1000,1.0,10.01,100.1053,mm
4,09:36:15,买,100.0850,1.0,10.01,100.0867,mm
4,09:36:16,卖,100.0950,1.0,10.01,100.0895,mm
4,09:36:41,卖,100.0850,1.0,10.01,100.0801,mm
4,09:36:45,卖,100.0950,1.0,10.01,100.0786,mm
4,09:36:58,买,100.0800,1.0,10.01,100.0812,mm
4,09:37:02,买,100.0650,1.0,10.01,100.0673,mm
4,09:37:07,卖,100.0800,1.0,10.01,100.0751,mm
4,09:37:09,买,100.0650,1.0,10.01,100.0655,mm
4,09:37:16,买,100.0600,1.0,10.01,100.0658,mm
4,09:37:19,卖,100.0550,1.0,10.01,100.0490,mm
4,09:37:20,卖,100.0650,1.0,10.01,100.0613,mm
4,09:37:25,买,100.0550,1.0,10.01,100.0576,mm
4,09:37:29,卖,100.0650,1.0,10.01,100.0624,mm
4,09:37:47,买,100.0750,1.0,10.01,100.0765,mm
4,09:37:58,卖,100.1300,1.0,10.01,100.1226,mm
4,09:38:01,买,100.1100,1.0,10.01,100.1144,mm
4,09:38:13,卖,100.1100,1.0,10.01,100.1096,mm
4,09:38:17,买,100.1050,1.0,10.01,100.1070,mm
4,09:38:30,买,100.0800,1.0,10.01,100.0819,mm
4,09:38:34,卖,100.0750,1.0,10.01,100.0725,mm
4,09:38:46,买,100.0550,1.0,10.01,100.0605,mm
4,09:38:55,卖,100.0500,1.0,10.01,100.0529,mm
4,09:39:23,买,100.0100,1.0,10.00,100.0137,mm
4,09:39:34,卖,99.9900,1.0,10.00,99.9866,mm
4,09:39:54,卖,99.9950,1.0,10.00,99.9875,mm
4,09:40:07,买,99.9850,1.0,10.00,99.9908,mm
4,09:40:09,买,99.9700,1.0,10.00,99.9693,mm
4,09:40:17,卖,99.9800,1.0,10.00,99.9694,mm
4,09:40:21,卖,99.9950,1.0,10.00,99.9924,mm
4,09:40:34,买,99.9750,1.0,10.00,99.9793,mm
4,09:40:52,买,99.9700,1.0,10.00,99.9728,mm
4,09:40:57,卖,99.9900,1.0,10.00,99.9897,mm
4,09:41:03,买,99.9600,1.0,10.00,99.9616,mm
4,09:41:19,卖,99.9300,1.0,9.99,99.9243,mm
4,09:41:22,卖,99.9350,1.0,9.99,99.9293,mm
4,09:41:24,买,99.9200,1.0,9.99,99.9232,mm
4,09:41:49,买,99.8850,1.0,9.99,99.8896,mm
4,09:42:03,卖,99.8550,1.0,9.99,99.8516,mm
4,09:42:14,卖,99.8550,1.0,9.99,99.8441,mm
4,09:42:15,卖,99.8650,1.0,9.99,99.8547,mm
4,09:42:34,买,99.8900,1.0,9.99,99.8852,mm
4,09:42:38,买,99.8850,1.0,9.99,99.8864,mm
4,09:42:47,卖,99.9050,1.0,9.99,99.8974,mm
4,09:42:58,卖,99.8950,1.0,9.99,99.8781,mm
4,09:43:04,买,99.8850,1.0,9.99,99.8880,mm
4,09:43:13,卖,99.9100,1.0,9.99,99.8969,mm
4,09:43:23,买,99.9200,1.0,9.99,99.9181,mm
4,09:43:31,买,99.9100,1.0,9.99,99.9117,mm
4,09:43:33,买,99.9050,1.0,9.99,99.9104,mm
4,09:43:40,卖,99.9450,1.0,9.99,99.9419,mm
4,09:43:41,买,99.9300,1.0,9.99,99.9325,mm
4,09:43:42,卖,99.9400,1.0,9.99,99.9427,mm
4,09:43:48,卖,99.9350,1.0,9.99,99.9329,mm
4,09:43:57,买,99.9100,1.0,9.99,99.9079,mm
4,09:44:18,卖,99.9200,1.0,9.99,99.9143,mm
4,09:44:23,买,99.9250,1.0,9.99,99.9293,mm
4,09:44:28,卖,99.9450,1.0,9.99,99.9436,mm
4,09:44:37,买,99.9400,1.0,9.99,99.9458,mm
4,09:44:46,卖,100.0000,1.0,10.00,99.9941,mm
4,09:44:50,买,99.9900,1.0,10.00,99.9924,mm
4,09:45:11,卖,100.0250,1.0,10.00,100.0090,mm
4,09:45:23,买,100.0200,1.0,10.00,100.0254,mm
4,09:45:34,买,100.0150,1.0,10.00,100.0181,mm
4,09:45:49,卖,100.0000,1.0,10.00,99.9939,mm
4,09:45:51,买,99.9800,1.0,10.00,99.9850,mm
4,09:46:04,卖,99.9700,1.0,10.00,99.9655,mm
4,09:46:11,卖,99.9750,1.0,10.00,99.9657,mm
4,09:46:14,买,99.9600,1.0,10.00,99.9733,mm
4,09:46:15,买,99.9600,1.0,10.00,99.9711,mm
4,09:46:16,卖,99.9800,1.0,10.00,99.9766,mm
4,09:46:32,卖,99.9900,1.0,10.00,99.9844,mm
4,09:46:43,买,100.0150,1.0,10.00,100.0201,mm
4,09:46:47,买,100.0150,1.0,10.00,100.0187,mm
4,09:46:49,卖,100.0300,1.0,10.00,100.0282,mm
4,09:46:58,买,100.0450,1.0,10.00,100.0506,mm
4,09:47:13,卖,100.0650,1.0,10.01,100.0616,mm
4,09:47:18,买,100.0550,1.0,10.01,100.0556,mm
4,09:47:21,卖,100.0600,1.0,10.01,100.0528,mm
4,09:47:54,卖,100.0500,1.0,10.01,100.0315,mm
4,09:48:02,卖,100.0350,1.0,10.00,100.0207,mm
4,09:48:08,买,100.0250,1.0,10.00,100.0202,mm
4,09:48:10,卖,100.0450,1.0,10.00,100.0284,mm
4,09:48:18,买,100.0250,1.0,10.00,100.0267,mm
4,09:48:39,买,100.0600,1.0,10.01,100.0641,mm
4,09:48:41,卖,100.0800,1.0,10.01,100.0824,mm
4,09:48:43,买,100.0750,1.0,10.01,100.0762,mm
4,09:48:52,卖,100.1150,1.0,10.01,100.1045,mm
4,09:48:56,买,100.1000,1.0,10.01,100.1033,mm
4,09:49:18,卖,100.1400,1.0,10.01,100.1367,mm
4,09:49:21,买,100.1100,1.0,10.01,100.1098,mm
4,09:49:24,买,100.1000,1.0,10.01,100.1037,mm
4,09:49:26,卖,100.1200,1.0,10.01,100.1169,mm
4,09:49:37,卖,100.1150,1.0,10.01,100.1113,mm
4,09:49:43,买,100.0800,1.0,10.01,100.0861,mm
4,09:49:51,卖,100.1050,1.0,10.01,100.0935,mm
4,09:49:55,买,100.0850,1.0,10.01,100.0870,mm
4,09:49:57,买,100.0700,1.0,10.01,100.0757,mm
4,09:50:01,卖,100.0800,1.0,10.01,100.0754,mm
4,09:50:03,买,100.0600,1.0,10.01,100.0585,mm
4,09:50:06,卖,100.0700,1.0,10.01,100.0620,mm
4,09:50:29,买,100.0300,1.0,10.00,100.0346,mm
4,09:50:36,卖,100.0550,1.0,10.01,100.0488,mm
4,09:51:02,买,100.0350,1.0,10.00,100.0379,mm
4,09:51:07,买,100.0050,1.0,10.00,100.0025,mm
4,09:51:15,卖,100.0150,1.0,10.00,100.0194,mm
4,09:51:18,卖,100.0250,1.0,10.00,100.0275,mm
4,09:51:23,卖,100.0350,1.0,10.00,100.0324,mm
4,09:51:31,买,100.0350,1.0,10.00,100.0405,mm
4,09:51:32,买,100.0250,1.0,10.00,100.0175,mm
4,09:51:35,卖,100.0150,1.0,10.00,100.0070,mm
4,09:51:47,买,99.9700,1.0,10.00,99.9736,mm
4,09:51:52,卖,99.9950,1.0,10.00,99.9938,mm
4,09:51:59,买,99.9850,1.0,10.00,99.9902,mm
4,09:52:05,卖,100.0200,1.0,10.00,100.0162,mm
4,09:52:21,买,100.0450,1.0,10.00,100.0489,mm
4,09:52:32,卖,100.0400,1.0,10.00,100.0368,mm
4,09:52:57,卖,100.0500,1.0,10.01,100.0480,mm
4,09:53:03,买,100.0350,1.0,10.00,100.0407,mm
4,09:53:16,卖,100.0350,1.0,10.00,100.0263,mm
4,09:53:22,买,100.0150,1.0,10.00,100.0192,mm
4,09:53:34,卖,100.0400,1.0,10.00,100.0355,mm
4,09:53:36,买,100.0300,1.0,10.00,100.0386,mm
4,09:53:38,卖,100.0450,1.0,10.00,100.0288,mm
4,09:53:39,买,100.0200,1.0,10.00,100.0262,mm
4,09:53:43,卖,100.0700,1.0,10.01,100.0664,mm
4,09:53:45,买,100.0550,1.0,10.01,100.0601,mm
4,09:53:49,买,100.0550,1.0,10.01,100.0590,mm
4,09:54:00,卖,100.0750,1.0,10.01,100.0690,mm
4,09:54:05,买,100.0600,1.0,10.01,100.0627,mm
4,09:54:14,卖,100.0650,1.0,10.01,100.0638,mm
4,09:54:28,买,100.0800,1.0,10.01,100.0842,mm
4,09:54:36,卖,100.0850,1.0,10.01,100.0789,mm
4,09:54:46,卖,100.0700,1.0,10.01,100.0593,mm
4,09:54:49,买,100.0500,1.0,10.01,100.0558,mm
4,09:54:51,卖,100.0650,1.0,10.01,100.0529,mm
4,09:54:53,买,100.0500,1.0,10.01,100.0541,mm
4,09:55:28,卖,100.0750,1.0,10.01,100.0658,mm
4,09:55:47,买,100.0750,1.0,10.01,100.0793,mm
4,09:55:52,卖,100.1000,1.0,10.01,100.0946,mm
4,09:55:53,买,100.0800,1.0,10.01,100.0829,mm
4,09:55:58,卖,100.0950,1.0,10.01,100.0887,mm
4,09:56:01,买,100.0900,1.0,10.01,100.0909,mm
4,09:56:09,卖,100.1100,1.0,10.01,100.1049,mm
4,09:56:10,买,100.0950,1.0,10.01,100.0937,mm
4,09:56:18,买,100.0800,1.0,10.01,100.0827,mm
4,09:56:32,卖,100.1050,1.0,10.01,100.1042,mm
4,09:56:37,买,100.0950,1.0,10.01,100.1010,mm
4,09:56:39,卖,100.1050,1.0,10.01,100.1046,mm
4,09:56:47,卖,100.1050,1.0,10.01,100.1006,mm
4,09:56:51,买,100.0850,1.0,10.01,100.0869,mm
4,09:56:55,卖,100.0950,1.0,10.01,100.0890,mm
4,09:57:17,买,100.1300,1.0,10.01,100.1339,mm
4,09:57:26,买,100.1050,1.0,10.01,100.1097,mm
4,09:57:31,卖,100.1150,1.0,10.01,100.1181,mm
4,09:57:33,买,100.1050,1.0,10.01,100.1103,mm
4,09:57:39,卖,100.1100,1.0,10.01,100.1044,mm
4,09:57:54,卖,100.1700,1.0,10.02,100.1594,mm
4,09:57:58,买,100.1600,1.0,10.02,100.1596,mm
4,09:58:01,买,100.1350,1.0,10.01,100.1384,mm
4,09:58:05,卖,100.1550,1.0,10.02,100.1509,mm
4,09:58:10,卖,100.1700,1.0,10.02,100.1648,mm
4,09:58:14,买,100.1550,1.0,10.02,100.1590,mm
4,09:58:17,卖,100.1800,1.0,10.02,100.1750,mm
4,09:58:27,买,100.2050,1.0,10.02,100.2094,mm
4,09:58:29,卖,100.2300,1.0,10.02,100.2157,mm
4,09:58:37,买,100.1950,1.0,10.02,100.2006,mm
4,09:58:46,卖,100.2150,1.0,10.02,100.2005,mm
4,09:58:52,买,100.1850,1.0,10.02,100.1874,mm
4,09:59:03,买,100.1650,1.0,10.02,100.1686,mm
4,09:59:05,卖,100.1800,1.0,10.02,100.1760,mm
4,09:59:40,卖,100.2450,1.0,10.02,100.2398,mm
4,09:59:45,买,100.2250,1.0,10.02,100.2254,mm
4,09:59:53,买,100.2100,1.0,10.02,100.2160,mm
4,10:00:02,卖,100.2250,1.0,10.02,100.2193,mm
4,10:00:05,卖,100.2350,1.0,10.02,100.2306,mm
4,10:00:27,买,100.2650,1.0,10.03,100.2693,mm
4,10:00:29,卖,100.2800,1.0,10.03,100.2680,mm
4,10:00:30,买,100.2600,1.0,10.03,100.2580,mm
4,10:00:32,买,100.2350,1.0,10.02,100.2385,mm
4,10:00:34,卖,100.2550,1.0,10.03,100.2578,mm
4,10:00:54,买,100.2150,1.0,10.02,100.2178,mm
4,10:00:56,卖,100.2250,1.0,10.02,100.2199,mm
4,10:00:57,买,100.2050,1.0,10.02,100.2007,mm
4,10:00:59,卖,100.2050,1.0,10.02,100.2000,mm
4,10:01:08,买,100.2050,1.0,10.02,100.2166,mm
4,10:01:17,卖,100.2200,1.0,10.02,100.2132,mm
4,10:01:47,卖,100.2450,1.0,10.02,100.2346,mm
4,10:02:00,买,100.2000,1.0,10.02,100.1994,mm
4,10:02:03,卖,100.2200,1.0,10.02,100.2131,mm
4,10:02:11,买,100.2200,1.0,10.02,100.2256,mm
4,10:02:12,买,100.2100,1.0,10.02,100.2148,mm
4,10:02:21,卖,100.2400,1.0,10.02,100.2353,mm
4,10:02:36,买,100.2450,1.0,10.02,100.2474,mm
4,10:02:44,卖,100.2250,1.0,10.02,100.2254,mm
4,10:02:53,买,100.2000,1.0,10.02,100.2022,mm
4,10:02:57,卖,100.2100,1.0,10.02,100.2016,mm
4,10:03:04,买,100.1950,1.0,10.02,100.2011,mm
4,10:03:07,卖,100.2150,1.0,10.02,100.2107,mm
4,10:03:11,买,100.2250,1.0,10.02,100.2305,mm
4,10:03:28,卖,100.2150,1.0,10.02,100.2113,mm
4,10:03:32,买,100.1950,1.0,10.02,100.1974,mm
4,10:03:36,卖,100.2150,1.0,10.02,100.2171,mm
4,10:03:40,卖,100.2250,1.0,10.02,100.2115,mm
4,10:03:45,买,100.2000,1.0,10.02,100.2051,mm
4,10:04:24,买,100.2050,1.0,10.02,100.2096,mm
4,10:04:43,卖,100.2250,1.0,10.02,100.2200,mm
4,10:05:02,卖,100.1800,1.0,10.02,100.1720,mm
4,10:05:14,买,100.1650,1.0,10.02,100.1596,mm
4,10:05:18,卖,100.1850,1.0,10.02,100.1797,mm
4,10:05:20,买,100.1600,1.0,10.02,100.1658,mm
4,10:05:45,买,100.1700,1.0,10.02,100.1752,mm
4,10:06:18,卖,100.1350,1.0,10.01,100.1372,mm
4,10:06:23,卖,100.1500,1.0,10.02,100.1442,mm
4,10:06:41,买,100.1450,1.0,10.01,100.1504,mm
4,10:06:46,买,100.1450,1.0,10.01,100.1471,mm
4,10:06:55,卖,100.1700,1.0,10.02,100.1661,mm
4,10:07:12,卖,100.1850,1.0,10.02,100.1749,mm
4,10:07:14,买,100.1700,1.0,10.02,100.1749,mm
4,10:07:32,卖,100.2300,1.0,10.02,100.2278,mm
4,10:07:36,买,100.2200,1.0,10.02,100.2229,mm
4,10:07:46,买,100.2050,1.0,10.02,100.2099,mm
4,10:07:48,卖,100.2150,1.0,10.02,100.2194,mm
4,10:07:56,卖,100.2450,1.0,10.02,100.2396,mm
4,10:08:04,买,100.2300,1.0,10.02,100.2343,mm
4,10:08:17,卖,100.2750,1.0,10.03,100.2782,mm
4,10:08:20,买,100.2700,1.0,10.03,100.2747,mm
4,10:08:29,买,100.3000,1.0,10.03,100.3050,mm
4,10:08:32,卖,100.3150,1.0,10.03,100.3133,mm
4,10:08:36,卖,100.3150,1.0,10.03,100.3190,mm
4,10:08:42,买,100.3050,1.0,10.03,100.3106,mm
4,10:08:49,买,100.3000,1.0,10.03,100.3007,mm
4,10:09:08,卖,100.2950,1.0,10.03,100.2916,mm
4,10:09:16,买,100.2750,1.0,10.03,100.2791,mm
4,10:09:27,卖,100.2650,1.0,10.03,100.2681,mm
4,10:09:28,卖,100.2800,1.0,10.03,100.2846,mm
4,10:09:31,买,100.2750,1.0,10.03,100.2808,mm
4,10:09:50,买,100.2800,1.0,10.03,100.2825,mm
4,10:10:12,卖,100.2700,1.0,10.03,100.2723,mm
4,10:10:45,买,100.2500,1.0,10.03,100.2553,mm
4,10:10:51,卖,100.2600,1.0,10.03,100.2585,mm
4,10:11:00,买,100.2450,1.0,10.02,100.2450,mm
4,10:11:08,买,100.2250,1.0,10.02,100.2282,mm
4,10:11:10,卖,100.2400,1.0,10.02,100.2426,mm
4,10:11:13,卖,100.2500,1.0,10.03,100.2458,mm
4,10:11:27,买,100.2850,1.0,10.03,100.2894,mm
4,10:11:44,卖,100.2700,1.0,10.03,100.2687,mm
4,10:11:55,买,100.2950,1.0,10.03,100.3008,mm
4,10:11:59,卖,100.3200,1.0,10.03,100.3163,mm
4,10:12:04,卖,100.3250,1.0,10.03,100.3151,mm
4,10:12:19,买,100.3250,1.0,10.03,100.3262,mm
4,10:12:29,卖,100.3550,1.0,10.04,100.3513,mm
4,10:12:35,买,100.3300,1.0,10.03,100.3325,mm
4,10:12:48,买,100.3550,1.0,10.04,100.3603,mm
4,10:12:56,卖,100.3650,1.0,10.04,100.3623,mm
4,10:13:23,卖,100.3850,1.0,10.04,100.3818,mm
4,10:13:29,买,100.3750,1.0,10.04,100.3796,mm
4,10:13:44,卖,100.4050,1.0,10.04,100.3947,mm
4,10:13:44,买,100.3850,1.0,10.04,100.3929,mm
4,10:14:10,卖,100.4350,1.0,10.04,100.4304,mm
4,10:14:16,买,100.4300,1.0,10.04,100.4348,mm
4,10:14:17,买,100.4150,1.0,10.04,100.4149,mm
4,10:14:22,卖,100.4200,1.0,10.04,100.4140,mm
4,10:14:44,买,100.3450,1.0,10.03,100.3406,mm
4,10:14:45,卖,100.3500,1.0,10.04,100.3459,mm
4,10:15:02,卖,100.3650,1.0,10.04,100.3491,mm
4,10:15:03,买,100.3450,1.0,10.03,100.3504,mm
4,10:15:15,卖,100.3700,1.0,10.04,100.3596,mm
4,10:15:16,买,100.3500,1.0,10.04,100.3562,mm
4,10:15:19,卖,100.3700,1.0,10.04,100.3731,mm
4,10:15:20,买,100.3650,1.0,10.04,100.3643,mm
4,10:15:26,买,100.3600,1.0,10.04,100.3653,mm
4,10:15:32,卖,100.3850,1.0,10.04,100.3788,mm
4,10:15:44,买,100.3700,1.0,10.04,100.3725,mm
4,10:15:58,卖,100.4000,1.0,10.04,100.4029,mm
4,10:15:59,买,100.3900,1.0,10.04,100.3950,mm
4,10:16:16,卖,100.3850,1.0,10.04,100.3733,mm
4,10:16:41,买,100.3700,1.0,10.04,100.3686,mm
4,10:16:44,卖,100.3800,1.0,10.04,100.3839,mm
4,10:16:55,卖,100.4300,1.0,10.04,100.4274,mm
4,10:17:02,买,100.4200,1.0,10.04,100.4253,mm
4,10:17:05,买,100.4000,1.0,10.04,100.4033,mm
4,10:17:12,卖,100.4100,1.0,10.04,100.4038,mm
4,10:17:14,买,100.3900,1.0,10.04,100.3955,mm
4,10:17:15,卖,100.4000,1.0,10.04,100.3923,mm
4,10:17:33,买,100.3900,1.0,10.04,100.3928,mm
4,10:17:43,卖,100.3900,1.0,10.04,100.3856,mm
4,10:17:48,买,100.3650,1.0,10.04,100.3704,mm
4,10:17:51,买,100.3600,1.0,10.04,100.3632,mm
4,10:17:56,卖,100.3550,1.0,10.04,100.3569,mm
4,10:17:58,卖,100.3600,1.0,10.04,100.3567,mm
4,10:18:06,买,100.3450,1.0,10.03,100.3536,mm
4,10:18:34,卖,100.3500,1.0,10.04,100.3459,mm
4,10:18:37,卖,100.3650,1.0,10.04,100.3596,mm
4,10:18:45,买,100.3450,1.0,10.03,100.3458,mm
4,10:18:48,卖,100.3600,1.0,10.04,100.3581,mm
4,10:19:01,买,100.3500,1.0,10.04,100.3502,mm
4,10:19:26,买,100.3350,1.0,10.03,100.3380,mm
4,10:19:31,卖,100.3600,1.0,10.04,100.3583,mm
4,10:20:11,卖,100.3200,1.0,10.03,100.3124,mm
4,10:20:13,买,100.3000,1.0,10.03,100.3049,mm
4,10:20:17,买,100.2850,1.0,10.03,100.2893,mm
4,10:20:19,卖,100.3050,1.0,10.03,100.3003,mm
4,10:20:21,买,100.2850,1.0,10.03,100.2892,mm
4,10:20:37,卖,100.2850,1.0,10.03,100.2773,mm
4,10:20:55,卖,100.3050,1.0,10.03,100.2944,mm
4,10:21:06,买,100.2800,1.0,10.03,100.2824,mm
4,10:21:10,买,100.2900,1.0,10.03,100.2894,mm
4,10:21:17,买,100.2700,1.0,10.03,100.2733,mm
4,10:21:19,卖,100.2700,1.0,10.03,100.2713,mm
4,10:21:32,卖,100.2400,1.0,10.02,100.2292,mm
4,10:21:40,卖,100.2400,1.0,10.02,100.2378,mm
4,10:21:44,买,100.2150,1.0,10.02,100.2153,mm
4,10:22:02,卖,100.2200,1.0,10.02,100.2141,mm
4,10:22:03,买,100.2050,1.0,10.02,100.2068,mm
4,10:22:09,买,100.1950,1.0,10.02,100.2008,mm
4,10:22:28,卖,100.2550,1.0,10.03,100.2517,mm
4,10:22:29,卖,100.2650,1.0,10.03,100.2588,mm
4,10:22:32,买,100.2450,1.0,10.02,100.2478,mm
4,10:22:45,卖,100.2850,1.0,10.03,100.2826,mm
4,10:22:48,买,100.2650,1.0,10.03,100.2694,mm
4,10:22:53,卖,100.2900,1.0,10.03,100.2800,mm
4,10:23:05,买,100.2850,1.0,10.03,100.2897,mm
4,10:23:32,卖,100.2750,1.0,10.03,100.2715,mm
4,10:23:35,买,100.2700,1.0,10.03,100.2739,mm
4,10:23:50,卖,100.2750,1.0,10.03,100.2670,mm
4,10:23:58,买,100.2500,1.0,10.03,100.2621,mm
4,10:24:13,卖,100.2600,1.0,10.03,100.2508,mm
4,10:24:17,买,100.2500,1.0,10.03,100.2582,mm
4,10:24:24,买,100.2300,1.0,10.02,100.2332,mm
4,10:24:26,卖,100.2400,1.0,10.02,100.2444,mm
4,10:24:31,买,100.2300,1.0,10.02,100.2334,mm
4,10:24:36,卖,100.2550,1.0,10.03,100.2489,mm
4,10:24:39,买,100.2250,1.0,10.02,100.2288,mm
4,10:25:15,卖,100.1250,1.0,10.01,100.1230,mm
4,10:25:19,卖,100.1450,1.0,10.01,100.1307,mm
4,10:25:23,卖,100.1550,1.0,10.02,100.1500,mm
4,10:25:24,买,100.1400,1.0,10.01,100.1505,mm
4,10:25:40,买,100.1450,1.0,10.01,100.1389,mm
4,10:27:02,买,100.1850,1.0,10.02,100.1882,mm
4,10:27:10,卖,100.1900,1.0,10.02,100.1854,mm
4,10:27:11,买,100.1700,1.0,10.02,100.1730,mm
4,10:27:12,卖,100.1800,1.0,10.02,100.1815,mm
4,10:27:22,买,100.1550,1.0,10.02,100.1585,mm
4,10:27:42,卖,100.1300,1.0,10.01,100.1245,mm
4,10:27:48,卖,100.1400,1.0,10.01,100.1325,mm
4,10:27:50,买,100.1200,1.0,10.01,100.1233,mm
4,10:27:55,买,100.1200,1.0,10.01,100.1204,mm
4,10:27:57,卖,100.1300,1.0,10.01,100.1339,mm
4,10:28:06,卖,100.1900,1.0,10.02,100.1833,mm
4,10:28:07,买,100.1750,1.0,10.02,100.1799,mm
4,10:28:12,卖,100.1950,1.0,10.02,100.1880,mm
4,10:28:18,买,100.1950,1.0,10.02,100.1982,mm
4,10:28:19,买,100.1850,1.0,10.02,100.1904,mm
4,10:28:23,卖,100.2000,1.0,10.02,100.1982,mm
4,10:28:55,卖,100.1950,1.0,10.02,100.1934,mm
4,10:29:01,卖,100.2200,1.0,10.02,100.2038,mm
4,10:29:07,买,100.1950,1.0,10.02,100.1934,mm
4,10:29:14,买,100.1850,1.0,10.02,100.1865,mm
4,10:29:50,买,100.1800,1.0,10.02,100.1797,mm
4,10:29:58,卖,100.1750,1.0,10.02,100.1710,mm
4,10:30:35,卖,100.2150,1.0,10.02,100.2131,mm
4,10:30:45,买,100.2200,1.0,10.02,100.2260,mm
4,10:31:01,买,100.1650,1.0,10.02,100.1694,mm
4,10:31:01,卖,100.1800,1.0,10.02,100.1838,mm
4,10:31:07,卖,100.2050,1.0,10.02,100.2000,mm
4,10:31:09,买,100.2000,1.0,10.02,100.2012,mm
4,10:31:16,买,100.1800,1.0,10.02,100.1849,mm
4,10:31:21,卖,100.1900,1.0,10.02,100.1863,mm
4,10:31:28,买,100.1900,1.0,10.02,100.1874,mm
4,10:32:12,卖,100.1750,1.0,10.02,100.1706,mm
4,10:32:28,卖,100.1850,1.0,10.02,100.1869,mm
4,10:32:32,买,100.2000,1.0,10.02,100.2058,mm
4,10:32:49,买,100.1650,1.0,10.02,100.1710,mm
4,10:32:59,卖,100.1650,1.0,10.02,100.1569,mm
4,10:33:03,卖,100.1700,1.0,10.02,100.1647,mm
4,10:33:09,买,100.1600,1.0,10.02,100.1661,mm
4,10:33:24,卖,100.1950,1.0,10.02,100.1963,mm
4,10:33:26,卖,100.2150,1.0,10.02,100.2070,mm
4,10:33:39,买,100.2050,1.0,10.02,100.2106,mm
4,10:33:41,买,100.2000,1.0,10.02,100.2047,mm
4,10:33:51,买,100.1650,1.0,10.02,100.1618,mm
4,10:34:00,卖,100.1600,1.0,10.02,100.1544,mm
4,10:34:14,卖,100.1500,1.0,10.02,100.1438,mm
4,10:34:17,买,100.1150,1.0,10.01,100.1178,mm
4,10:34:33,卖,100.1300,1.0,10.01,100.1360,mm
4,10:34:55,买,100.1250,1.0,10.01,100.1284,mm
4,10:35:12,卖,100.1500,1.0,10.02,100.1466,mm
4,10:35:18,买,100.1250,1.0,10.01,100.1289,mm
4,10:35:32,买,100.0900,1.0,10.01,100.0943,mm
4,10:35:44,卖,100.0800,1.0,10.01,100.0780,mm
4,10:35:58,卖,100.0950,1.0,10.01,100.0892,mm
4,10:36:09,买,100.1000,1.0,10.01,100.1034,mm
4,10:36:21,卖,100.1150,1.0,10.01,100.1088,mm
4,10:36:39,买,100.1250,1.0,10.01,100.1258,mm
4,10:37:09,买,100.0950,1.0,10.01,100.0995,mm
4,10:37:12,卖,100.1100,1.0,10.01,100.1127,mm
4,10:37:35,买,100.1500,1.0,10.02,100.1435,mm
4,10:37:44,卖,100.1600,1.0,10.02,100.1575,mm
4,10:37:47,买,100.1350,1.0,10.01,100.1340,mm
4,10:37:57,卖,100.1300,1.0,10.01,100.1244,mm
4,10:37:58,卖,100.1350,1.0,10.01,100.1312,mm
4,10:38:03,买,100.1300,1.0,10.01,100.1341,mm
4,10:38:20,买,100.1000,1.0,10.01,100.1033,mm
4,10:38:34,卖,100.1200,1.0,10.01,100.1168,mm
4,10:38:48,卖,100.1100,1.0,10.01,100.0986,mm
4,10:39:06,买,100.0750,1.0,10.01,100.0800,mm
4,10:39:12,卖,100.1000,1.0,10.01,100.0918,mm
4,10:39:24,买,100.0800,1.0,10.01,100.0824,mm
4,10:39:29,卖,100.1050,1.0,10.01,100.1044,mm
4,10:39:35,买,100.0900,1.0,10.01,100.0936,mm
4,10:39:37,买,100.0900,1.0,10.01,100.0937,mm
4,10:39:39,卖,100.1050,1.0,10.01,100.1014,mm
4,10:39:47,买,100.0700,1.0,10.01,100.0737,mm
4,10:39:58,卖,100.0800,1.0,10.01,100.0701,mm
4,10:39:59,卖,100.0850,1.0,10.01,100.0791,mm
4,10:40:07,卖,100.1050,1.0,10.01,100.0993,mm
4,10:40:08,卖,100.1250,1.0,10.01,100.1105,mm
4,10:40:21,买,100.1350,1.0,10.01,100.1322,mm
4,10:40:24,买,100.1300,1.0,10.01,100.1333,mm
4,10:40:26,买,100.1250,1.0,10.01,100.1301,mm
4,10:40:32,卖,100.1600,1.0,10.02,100.1496,mm
4,10:40:40,买,100.1400,1.0,10.01,100.1458,mm
4,10:40:50,卖,100.1600,1.0,10.02,100.1551,mm
4,10:40:53,买,100.1250,1.0,10.01,100.1288,mm
4,10:41:11,卖,100.1750,1.0,10.02,100.1587,mm
4,10:41:25,买,100.1700,1.0,10.02,100.1658,mm
4,10:41:30,卖,100.1900,1.0,10.02,100.1853,mm
4,10:41:33,卖,100.2150,1.0,10.02,100.2191,mm
4,10:41:34,买,100.2100,1.0,10.02,100.2112,mm
4,10:41:43,买,100.2100,1.0,10.02,100.2133,mm
4,10:41:44,买,100.2000,1.0,10.02,100.1965,mm
4,10:41:47,卖,100.2100,1.0,10.02,100.2071,mm
4,10:41:55,买,100.1950,1.0,10.02,100.1963,mm
4,10:41:59,卖,100.1900,1.0,10.02,100.1865,mm
4,10:42:11,卖,100.2100,1.0,10.02,100.2071,mm
4,10:42:12,买,100.2000,1.0,10.02,100.1997,mm
4,10:42:28,买,100.1650,1.0,10.02,100.1700,mm
4,10:42:33,卖,100.1600,1.0,10.02,100.1521,mm
4,10:42:50,买,100.1250,1.0,10.01,100.1282,mm
4,10:42:55,卖,100.1400,1.0,10.01,100.1339,mm
4,10:42:56,卖,100.1500,1.0,10.02,100.1440,mm
4,10:43:06,买,100.1750,1.0,10.02,100.1750,mm
4,10:43:28,卖,100.1850,1.0,10.02,100.1796,mm
4,10:43:35,买,100.1900,1.0,10.02,100.1929,mm
4,10:43:36,买,100.1800,1.0,10.02,100.1838,mm
4,10:43:41,卖,100.1900,1.0,10.02,100.1926,mm
4,10:44:00,卖,100.2150,1.0,10.02,100.2133,mm
4,10:44:12,买,100.2150,1.0,10.02,100.2206,mm
4,10:44:47,买,100.1900,1.0,10.02,100.1953,mm
4,10:44:48,买,100.1750,1.0,10.02,100.1784,mm
4,10:44:53,卖,100.1650,1.0,10.02,100.1597,mm
4,10:44:56,卖,100.1800,1.0,10.02,100.1766,mm
4,10:45:00,卖,100.1900,1.0,10.02,100.1847,mm
4,10:45:03,买,100.1550,1.0,10.02,100.1564,mm
4,10:45:09,买,100.1600,1.0,10.02,100.1672,mm
4,10:45:26,卖,100.1600,1.0,10.02,100.1571,mm
4,10:45:40,买,100.1500,1.0,10.02,100.1548,mm
4,10:45:48,卖,100.1700,1.0,10.02,100.1717,mm
4,10:45:54,卖,100.1900,1.0,10.02,100.1846,mm
4,10:45:55,卖,100.2000,1.0,10.02,100.1970,mm
4,10:45:59,买,100.1900,1.0,10.02,100.1947,mm
4,10:46:02,买,100.1850,1.0,10.02,100.1904,mm
4,10:47:00,卖,100.1800,1.0,10.02,100.1821,mm
4,10:47:10,买,100.1800,1.0,10.02,100.1837,mm
4,10:47:22,卖,100.2250,1.0,10.02,100.2160,mm
4,10:47:26,买,100.2000,1.0,10.02,100.2050,mm
4,10:47:29,买,100.1950,1.0,10.02,100.1919,mm
4,10:47:36,卖,100.2100,1.0,10.02,100.2015,mm
4,10:47:41,卖,100.2300,1.0,10.02,100.2303,mm
4,10:47:44,买,100.2150,1.0,10.02,100.2175,mm
4,10:48:06,买,100.2050,1.0,10.02,100.2053,mm
4,10:48:10,卖,100.2250,1.0,10.02,100.2222,mm
4,10:48:17,买,100.2050,1.0,10.02,100.2103,mm
4,10:48:43,卖,100.2200,1.0,10.02,100.2160,mm
4,10:48:52,买,100.2000,1.0,10.02,100.2029,mm
4,10:48:56,卖,100.2250,1.0,10.02,100.2175,mm
4,10:48:58,买,100.1950,1.0,10.02,100.2009,mm
4,10:49:01,卖,100.2000,1.0,10.02,100.2039,mm
4,10:49:05,卖,100.2300,1.0,10.02,100.2275,mm
4,10:49:06,买,100.2150,1.0,10.02,100.2191,mm
4,10:49:20,买,100.2150,1.0,10.02,100.2166,mm
4,10:49:24,卖,100.2200,1.0,10.02,100.2139,mm
4,10:49:27,买,100.1950,1.0,10.02,100.2009,mm
4,10:49:33,买,100.1750,1.0,10.02,100.1783,mm
4,10:49:39,卖,100.1850,1.0,10.02,100.1866,mm
4,10:49:58,卖,100.1850,1.0,10.02,100.1791,mm
4,10:49:59,买,100.1700,1.0,10.02,100.1817,mm
4,10:50:31,卖,100.1850,1.0,10.02,100.1828,mm
4,10:50:40,买,100.1550,1.0,10.02,100.1603,mm
4,10:51:01,卖,100.1500,1.0,10.02,100.1518,mm
4,10:51:16,卖,100.1650,1.0,10.02,100.1596,mm
4,10:51:20,买,100.1500,1.0,10.02,100.1514,mm
4,10:51:23,买,100.1400,1.0,10.01,100.1456,mm
4,10:51:27,卖,100.1400,1.0,10.01,100.1408,mm
4,10:51:52,卖,100.1550,1.0,10.02,100.1499,mm
4,10:51:58,买,100.1400,1.0,10.01,100.1429,mm
4,10:52:03,买,100.1300,1.0,10.01,100.1317,mm
4,10:52:06,卖,100.1400,1.0,10.01,100.1440,mm
4,10:52:17,买,100.1300,1.0,10.01,100.1348,mm
4,10:52:31,买,100.1050,1.0,10.01,100.1050,mm
4,10:52:37,卖,100.1050,1.0,10.01,100.1022,mm
4,10:53:01,卖,100.0350,1.0,10.00,100.0321,mm
4,10:53:10,买,100.0200,1.0,10.00,100.0241,mm
4,10:53:13,卖,100.0300,1.0,10.00,100.0348,mm
4,10:53:25,买,100.0350,1.0,10.00,100.0364,mm
4,10:53:42,卖,100.0450,1.0,10.00,100.0498,mm
4,10:53:50,买,100.0450,1.0,10.00,100.0485,mm
4,10:53:55,卖,100.0550,1.0,10.01,100.0496,mm
4,10:54:08,卖,100.0600,1.0,10.01,100.0554,mm
4,10:54:10,买,100.0400,1.0,10.00,100.0458,mm
4,10:54:21,卖,100.0250,1.0,10.00,100.0210,mm
4,10:54:23,买,100.0100,1.0,10.00,100.0155,mm
4,10:54:32,买,99.9900,1.0,10.00,99.9946,mm
4,10:54:50,卖,99.9900,1.0,10.00,99.9820,mm
4,10:54:52,买,99.9750,1.0,10.00,99.9739,mm
4,10:54:57,卖,99.9850,1.0,10.00,99.9840,mm
4,10:55:01,卖,99.9800,1.0,10.00,99.9704,mm
4,10:55:09,买,99.9750,1.0,10.00,99.9769,mm
4,10:55:22,买,99.9150,1.0,9.99,99.9199,mm
4,10:55:32,卖,99.9450,1.0,9.99,99.9418,mm
4,10:56:06,卖,99.9600,1.0,10.00,99.9569,mm
4,10:56:20,买,99.9400,1.0,9.99,99.9409,mm
4,10:56:30,卖,99.9450,1.0,9.99,99.9322,mm
4,10:56:42,买,99.9300,1.0,9.99,99.9322,mm
4,10:57:26,卖,99.9550,1.0,10.00,99.9499,mm
4,10:57:38,卖,99.9700,1.0,10.00,99.9518,mm
4,10:57:39,买,99.9450,1.0,9.99,99.9497,mm
4,10:57:42,买,99.9450,1.0,9.99,99.9461,mm
4,10:57:46,买,99.9250,1.0,9.99,99.9311,mm
4,10:57:51,卖,99.9450,1.0,9.99,99.9428,mm
4,10:58:19,买,99.9750,1.0,10.00,99.9801,mm
4,10:58:25,卖,99.9850,1.0,10.00,99.9839,mm
4,10:58:31,卖,99.9700,1.0,10.00,99.9588,mm
4,10:58:36,买,99.9450,1.0,9.99,99.9433,mm
4,10:58:51,买,99.9450,1.0,9.99,99.9514,mm
4,10:58:57,卖,99.9450,1.0,9.99,99.9409,mm
4,10:58:59,买,99.9200,1.0,9.99,99.9260,mm
4,10:59:10,卖,99.9350,1.0,9.99,99.9335,mm
4,10:59:29,买,99.8950,1.0,9.99,99.9009,mm
4,10:59:40,卖,99.9100,1.0,9.99,99.9150,mm
4,10:59:50,卖,99.9250,1.0,9.99,99.9195,mm
4,10:59:59,买,99.9250,1.0,9.99,99.9279,mm
4,11:00:05,卖,99.9350,1.0,9.99,99.9181,mm
4,11:00:26,买,99.9100,1.0,9.99,99.9153,mm
4,11:00:28,卖,99.9300,1.0,9.99,99.9211,mm
4,11:00:40,买,99.9300,1.0,9.99,99.9362,mm
4,11:00:49,买,99.9300,1.0,9.99,99.9348,mm
4,11:00:54,卖,99.9450,1.0,9.99,99.9471,mm
4,11:01:04,买,99.9350,1.0,9.99,99.9393,mm
4,11:01:13,买,99.9350,1.0,9.99,99.9468,mm
4,11:01:29,卖,99.9150,1.0,9.99,99.9129,mm
4,11:01:30,卖,99.9250,1.0,9.99,99.9213,mm
4,11:01:41,卖,99.9050,1.0,9.99,99.9112,mm
4,11:01:43,买,99.9000,1.0,9.99,99.9053,mm
4,11:01:51,买,99.8850,1.0,9.99,99.8815,mm
4,11:01:58,卖,99.8750,1.0,9.99,99.8775,mm
4,11:02:01,买,99.8600,1.0,9.99,99.8632,mm
4,11:02:22,卖,99.8800,1.0,9.99,99.8766,mm
4,11:02:26,买,99.8600,1.0,9.99,99.8644,mm
4,11:02:39,卖,99.8450,1.0,9.98,99.8414,mm
4,11:02:55,买,99.8450,1.0,9.98,99.8502,mm
4,11:03:02,卖,99.8500,1.0,9.99,99.8430,mm
4,11:03:05,卖,99.8550,1.0,9.99,99.8488,mm
4,11:03:06,卖,99.8650,1.0,9.99,99.8604,mm
4,11:03:14,买,99.8500,1.0,9.99,99.8489,mm
4,11:03:33,卖,99.8650,1.0,9.99,99.8685,mm
4,11:03:34,买,99.8600,1.0,9.99,99.8541,mm
4,11:03:42,买,99.8600,1.0,9.99,99.8648,mm
4,11:03:59,买,99.8650,1.0,9.99,99.8687,mm
4,11:04:12,卖,99.8800,1.0,9.99,99.8740,mm
4,11:04:26,买,99.8450,1.0,9.98,99.8478,mm
4,11:04:31,卖,99.8650,1.0,9.99,99.8603,mm
4,11:04:51,卖,99.8850,1.0,9.99,99.8813,mm
4,11:04:55,买,99.8900,1.0,9.99,99.8945,mm
4,11:05:04,买,99.8600,1.0,9.99,99.8620,mm
4,11:05:11,买,99.8300,1.0,9.98,99.8335,mm
4,11:05:13,卖,99.8450,1.0,9.98,99.8395,mm
4,11:05:15,卖,99.8500,1.0,9.99,99.8452,mm
4,11:05:27,买,99.8450,1.0,9.98,99.8467,mm
4,11:05:30,卖,99.8500,1.0,9.99,99.8442,mm
4,11:05:55,买,99.8850,1.0,9.99,99.8850,mm
4,11:05:59,卖,99.8750,1.0,9.99,99.8723,mm
4,11:06:06,买,99.8800,1.0,9.99,99.8856,mm
4,11:06:12,卖,99.9000,1.0,9.99,99.9059,mm
4,11:06:14,卖,99.9250,1.0,9.99,99.9243,mm
4,11:06:15,卖,99.9400,1.0,9.99,99.9270,mm
4,11:06:38,买,99.9250,1.0,9.99,99.9308,mm
4,11:06:38,买,99.9200,1.0,9.99,99.9203,mm
4,11:06:46,卖,99.9550,1.0,10.00,99.9440,mm
4,11:07:02,卖,99.9850,1.0,10.00,99.9788,mm
4,11:07:03,买,99.9700,1.0,10.00,99.9730,mm
4,11:07:10,买,99.9550,1.0,10.00,99.9602,mm
4,11:07:16,买,99.9450,1.0,9.99,99.9483,mm
4,11:07:19,卖,99.9650,1.0,10.00,99.9670,mm
4,11:07:54,卖,99.9350,1.0,9.99,99.9347,mm
4,11:07:56,卖,99.9500,1.0,10.00,99.9416,mm
4,11:08:03,买,99.9400,1.0,9.99,99.9475,mm
4,11:08:04,买,99.9250,1.0,9.99,99.9262,mm
4,11:08:08,买,99.9200,1.0,9.99,99.9191,mm
4,11:08:14,卖,99.9200,1.0,9.99,99.9145,mm
4,11:08:47,买,99.9200,1.0,9.99,99.9302,mm
4,11:09:16,卖,99.9150,1.0,9.99,99.9077,mm
4,11:09:29,卖,99.8950,1.0,9.99,99.8878,mm
4,11:09:30,买,99.8750,1.0,9.99,99.8799,mm
4,11:09:55,买,99.8750,1.0,9.99,99.8811,mm
4,11:10:19,卖,99.8350,1.0,9.98,99.8397,mm
4,11:10:30,买,99.8250,1.0,9.98,99.8299,mm
4,11:10:37,买,99.8050,1.0,9.98,99.8075,mm
4,11:10:38,卖,99.8150,1.0,9.98,99.8134,mm
4,11:10:47,卖,99.8150,1.0,9.98,99.8131,mm
4,11:11:01,买,99.7850,1.0,9.98,99.7848,mm
4,11:11:36,卖,99.7850,1.0,9.98,99.7788,mm
4,11:11:38,买,99.7750,1.0,9.98,99.7811,mm
4,11:11:41,卖,99.7950,1.0,9.98,99.7904,mm
4,11:11:45,买,99.7800,1.0,9.98,99.7851,mm
4,11:11:46,买,99.7700,1.0,9.98,99.7714,mm
4,11:11:58,买,99.7450,1.0,9.97,99.7498,mm
4,11:12:10,卖,99.7200,1.0,9.97,99.7159,mm
4,11:12:24,卖,99.6850,1.0,9.97,99.6943,mm
4,11:12:28,卖,99.7000,1.0,9.97,99.6932,mm
4,11:12:31,买,99.6950,1.0,9.97,99.7010,mm
4,11:12:35,卖,99.7250,1.0,9.97,99.7165,mm
4,11:12:42,卖,99.7650,1.0,9.98,99.7608,mm
4,11:12:53,卖,99.7950,1.0,9.98,99.7860,mm
4,11:13:10,买,99.7850,1.0,9.98,99.7897,mm
4,11:13:12,买,99.7950,1.0,9.98,99.7947,mm
4,11:13:22,卖,99.7950,1.0,9.98,99.7846,mm
4,11:13:25,买,99.7650,1.0,9.98,99.7712,mm
4,11:13:30,买,99.7700,1.0,9.98,99.7690,mm
4,11:13:38,卖,99.7750,1.0,9.98,99.7714,mm
4,11:13:52,卖,99.8100,1.0,9.98,99.8097,mm
4,11:13:53,买,99.8000,1.0,9.98,99.8041,mm
4,11:14:21,买,99.7850,1.0,9.98,99.7912,mm
4,11:14:39,买,99.7300,1.0,9.97,99.7324,mm
4,11:14:42,卖,99.7350,1.0,9.97,99.7291,mm
4,11:14:53,卖,99.7250,1.0,9.97,99.7189,mm
4,11:14:55,卖,99.7250,1.0,9.97,99.7209,mm
4,11:15:00,买,99.7050,1.0,9.97,99.7086,mm
4,11:15:03,卖,99.7250,1.0,9.97,99.7207,mm
4,11:15:17,买,99.7350,1.0,9.97,99.7397,mm
4,11:15:20,卖,99.7500,1.0,9.98,99.7496,mm
4,11:15:40,买,99.7450,1.0,9.97,99.7460,mm
4,11:15:48,卖,99.7500,1.0,9.98,99.7441,mm
4,11:16:05,买,99.7100,1.0,9.97,99.7142,mm
4,11:16:06,卖,99.7300,1.0,9.97,99.7262,mm
4,11:16:08,买,99.7200,1.0,9.97,99.7252,mm
4,11:16:11,买,99.7100,1.0,9.97,99.7154,mm
4,11:16:42,卖,99.6750,1.0,9.97,99.6729,mm
4,11:16:50,卖,99.7000,1.0,9.97,99.6977,mm
4,11:17:02,买,99.6750,1.0,9.97,99.6754,mm
4,11:17:03,卖,99.6900,1.0,9.97,99.6788,mm
4,11:17:10,买,99.6650,1.0,9.97,99.6636,mm
4,11:17:30,卖,99.7250,1.0,9.97,99.7137,mm
4,11:17:36,买,99.7000,1.0,9.97,99.7138,mm
4,11:17:48,买,99.7000,1.0,9.97,99.7098,mm
4,11:17:52,买,99.7000,1.0,9.97,99.7144,mm
4,11:17:54,卖,99.7050,1.0,9.97,99.7026,mm
4,11:18:11,卖,99.6700,1.0,9.97,99.6651,mm
4,11:18:29,买,99.6700,1.0,9.97,99.6740,mm
4,11:18:34,买,99.6550,1.0,9.97,99.6602,mm
4,11:18:40,卖,99.6550,1.0,9.97,99.6557,mm
4,11:18:46,卖,99.6850,1.0,9.97,99.6797,mm
4,11:18:48,买,99.6700,1.0,9.97,99.6797,mm
4,11:18:51,卖,99.7000,1.0,9.97,99.6978,mm
4,11:19:18,卖,99.7600,1.0,9.98,99.7494,mm
4,11:19:19,卖,99.7700,1.0,9.98,99.7739,mm
4,11:19:22,买,99.7650,1.0,9.98,99.7657,mm
4,11:19:23,买,99.7500,1.0,9.98,99.7537,mm
4,11:19:25,卖,99.7650,1.0,9.98,99.7560,mm
4,11:19:28,买,99.7550,1.0,9.98,99.7587,mm
4,11:19:31,卖,99.7700,1.0,9.98,99.7644,mm
4,11:19:33,买,99.7550,1.0,9.98,99.7610,mm
4,11:19:34,卖,99.7750,1.0,9.98,99.7713,mm
4,11:19:42,买,99.7550,1.0,9.98,99.7590,mm
4,11:19:44,买,99.7400,1.0,9.97,99.7442,mm
4,11:19:45,卖,99.7500,1.0,9.98,99.7433,mm
4,11:19:47,买,99.7250,1.0,9.97,99.7273,mm
4,11:20:02,卖,99.7000,1.0,9.97,99.6964,mm
4,11:20:05,买,99.6800,1.0,9.97,99.6847,mm
4,11:20:34,卖,99.7100,1.0,9.97,99.7063,mm
4,11:20:34,卖,99.7300,1.0,9.97,99.7377,mm
4,11:20:54,买,99.7400,1.0,9.97,99.7404,mm
4,11:20:54,买,99.7250,1.0,9.97,99.7240,mm
4,11:21:08,卖,99.7150,1.0,9.97,99.7214,mm
4,11:21:12,卖,99.7350,1.0,9.97,99.7291,mm
4,11:21:26,买,99.7350,1.0,9.97,99.7412,mm
4,11:21:35,买,99.7250,1.0,9.97,99.7302,mm
4,11:21:35,卖,99.7400,1.0,9.97,99.7438,mm
4,11:22:10,卖,99.7450,1.0,9.97,99.7450,mm
4,11:22:14,买,99.7250,1.0,9.97,99.7281,mm
4,11:22:48,买,99.7800,1.0,9.98,99.7828,mm
4,11:23:05,卖,99.7600,1.0,9.98,99.7564,mm
4,11:23:16,买,99.7650,1.0,9.98,99.7679,mm
4,11:23:26,卖,99.7650,1.0,9.98,99.7570,mm
4,11:23:46,买,99.7500,1.0,9.98,99.7504,mm
4,11:23:56,卖,99.7600,1.0,9.98,99.7594,mm
4,11:24:16,买,99.7200,1.0,9.97,99.7257,mm
4,11:24:19,卖,99.7250,1.0,9.97,99.7221,mm
4,11:24:27,卖,99.7350,1.0,9.97,99.7331,mm
4,11:24:30,卖,99.7450,1.0,9.97,99.7414,mm
4,11:24:33,买,99.7300,1.0,9.97,99.7355,mm
4,11:24:42,买,99.7350,1.0,9.97,99.7341,mm
4,11:25:07,买,99.6850,1.0,9.97,99.6814,mm
4,11:25:18,卖,99.6850,1.0,9.97,99.6797,mm
4,11:25:19,卖,99.6950,1.0,9.97,99.6861,mm
4,11:25:20,买,99.6750,1.0,9.97,99.6768,mm
4,11:25:24,买,99.6600,1.0,9.97,99.6661,mm
4,11:25:25,买,99.6500,1.0,9.97,99.6527,mm
4,11:25:28,卖,99.6500,1.0,9.97,99.6473,mm
4,11:25:32,卖,99.6550,1.0,9.97,99.6479,mm
4,11:26:01,买,99.6650,1.0,9.97,99.6702,mm
4,11:26:03,卖,99.6750,1.0,9.97,99.6626,mm
4,11:26:07,买,99.6550,1.0,9.97,99.6560,mm
4,11:26:13,卖,99.6700,1.0,9.97,99.6647,mm
4,11:26:23,卖,99.6600,1.0,9.97,99.6541,mm
4,11:26:26,买,99.6300,1.0,9.96,99.6290,mm
4,11:26:35,买,99.6100,1.0,9.96,99.6220,mm
4,11:26:47,卖,99.6150,1.0,9.96,99.6053,mm
4,11:26:52,卖,99.6100,1.0,9.96,99.5989,mm
4,11:27:03,买,99.5650,1.0,9.96,99.5685,mm
4,11:27:09,买,99.5450,1.0,9.95,99.5482,mm
4,11:27:11,卖,99.5600,1.0,9.96,99.5604,mm
4,11:27:24,买,99.5450,1.0,9.95,99.5436,mm
4,11:27:34,卖,99.5650,1.0,9.96,99.5668,mm
4,11:27:38,买,99.5650,1.0,9.96,99.5675,mm
4,11:27:39,买,99.5500,1.0,9.96,99.5554,mm
4,11:27:43,卖,99.5550,1.0,9.96,99.5517,mm
4,11:27:54,卖,99.5500,1.0,9.96,99.5447,mm
4,11:28:17,买,99.4700,1.0,9.95,99.4758,mm
4,11:28:19,卖,99.4900,1.0,9.95,99.4838,mm
4,11:28:30,买,99.5050,1.0,9.95,99.5108,mm
4,11:28:33,卖,99.5300,1.0,9.95,99.5267,mm
4,11:28:37,卖,99.5500,1.0,9.96,99.5416,mm
4,11:28:37,买,99.5300,1.0,9.95,99.5370,mm
4,11:28:41,卖,99.5550,1.0,9.96,99.5554,mm
4,11:28:42,买,99.5500,1.0,9.96,99.5471,mm
4,11:28:59,买,99.5500,1.0,9.96,99.5503,mm
4,11:29:17,卖,99.5750,1.0,9.96,99.5710,mm
4,11:29:26,买,99.5550,1.0,9.96,99.5590,mm
4,11:29:31,卖,99.5650,1.0,9.96,99.5578,mm
4,11:29:33,买,99.5500,1.0,9.96,99.5530,mm
4,11:29:37,卖,99.5700,1.0,9.96,99.5684,mm
4,11:29:44,买,99.5600,1.0,9.96,99.5622,mm
4,11:29:45,买,99.5450,1.0,9.95,99.5472,mm
4,11:29:55,卖,99.5550,1.0,9.96,99.5492,mm
4,11:29:57,买,99.5350,1.0,9.95,99.5391,mm
4,13:00:32,卖,99.5250,1.0,9.95,99.5202,mm
4,13:00:44,卖,99.5350,1.0,9.95,99.5276,mm
4,13:00:54,卖,99.5150,1.0,9.95,99.5166,mm
4,13:01:00,买,99.5250,1.0,9.95,99.5307,mm
4,13:01:02,卖,99.5450,1.0,9.95,99.5332,mm
4,13:01:07,买,99.5500,1.0,9.96,99.5542,mm
4,13:01:21,卖,99.6300,1.0,9.96,99.6287,mm
4,13:01:25,买,99.6200,1.0,9.96,99.6256,mm
4,13:02:02,买,99.6900,1.0,9.97,99.6947,mm
4,13:02:09,卖,99.7000,1.0,9.97,99.6978,mm
4,13:02:12,买,99.6800,1.0,9.97,99.6854,mm
4,13:02:33,卖,99.7200,1.0,9.97,99.7014,mm
4,13:02:43,买,99.6600,1.0,9.97,99.6646,mm
4,13:02:45,卖,99.6750,1.0,9.97,99.6693,mm
4,13:02:51,卖,99.6850,1.0,9.97,99.6799,mm
4,13:02:59,买,99.6950,1.0,9.97,99.6995,mm
4,13:03:02,卖,99.6950,1.0,9.97,99.6923,mm
4,13:03:18,买,99.6850,1.0,9.97,99.6892,mm
4,13:03:21,买,99.6750,1.0,9.97,99.6811,mm
4,13:03:23,卖,99.6900,1.0,9.97,99.6848,mm
4,13:03:28,买,99.6700,1.0,9.97,99.6744,mm
4,13:03:37,卖,99.7000,1.0,9.97,99.6938,mm
4,13:03:47,买,99.6600,1.0,9.97,99.6656,mm
4,13:03:51,卖,99.6600,1.0,9.97,99.6490,mm
4,13:04:08,卖,99.6700,1.0,9.97,99.6676,mm
4,13:04:10,卖,99.6850,1.0,9.97,99.6844,mm
4,13:04:13,买,99.6750,1.0,9.97,99.6848,mm
4,13:04:16,买,99.6800,1.0,9.97,99.6800,mm
4,13:04:24,买,99.6700,1.0,9.97,99.6751,mm
4,13:04:25,卖,99.6850,1.0,9.97,99.6815,mm
4,13:04:30,买,99.6700,1.0,9.97,99.6757,mm
4,13:04:31,卖,99.6850,1.0,9.97,99.6815,mm
4,13:04:33,卖,99.6950,1.0,9.97,99.6843,mm
4,13:04:40,买,99.6750,1.0,9.97,99.6799,mm
4,13:04:49,卖,99.7050,1.0,9.97,99.7037,mm
4,13:04:57,买,99.6900,1.0,9.97,99.6915,mm
4,13:05:17,买,99.6750,1.0,9.97,99.6724,mm
4,13:05:23,买,99.6600,1.0,9.97,99.6595,mm
4,13:05:25,卖,99.6700,1.0,9.97,99.6666,mm
4,13:05:37,卖,99.6900,1.0,9.97,99.6843,mm
4,13:05:38,卖,99.7000,1.0,9.97,99.6987,mm
4,13:05:45,卖,99.7050,1.0,9.97,99.6998,mm
4,13:05:48,买,99.7050,1.0,9.97,99.7100,mm
4,13:05:51,买,99.6950,1.0,9.97,99.6986,mm
4,13:06:17,卖,99.7550,1.0,9.98,99.7417,mm
4,13:06:37,买,99.7300,1.0,9.97,99.7348,mm
4,13:06:38,买,99.7200,1.0,9.97,99.7163,mm
4,13:06:42,买,99.6900,1.0,9.97,99.6930,mm
4,13:06:48,卖,99.6750,1.0,9.97,99.6702,mm
4,13:06:56,买,99.6500,1.0,9.97,99.6562,mm
4,13:07:04,卖,99.6400,1.0,9.96,99.6371,mm
4,13:07:22,卖,99.6550,1.0,9.97,99.6574,mm
4,13:07:32,买,99.6100,1.0,9.96,99.6153,mm
4,13:07:57,卖,99.6150,1.0,9.96,99.6123,mm
4,13:07:58,买,99.6050,1.0,9.96,99.6094,mm
4,13:08:05,卖,99.6300,1.0,9.96,99.6237,mm
4,13:08:21,卖,99.6500,1.0,9.97,99.6340,mm
4,13:08:23,买,99.6200,1.0,9.96,99.6260,mm
4,13:08:43,买,99.6350,1.0,9.96,99.6345,mm
4,13:09:04,卖,99.6050,1.0,9.96,99.6001,mm
4,13:09:05,买,99.5850,1.0,9.96,99.5834,mm
4,13:09:14,卖,99.5600,1.0,9.96,99.5569,mm
4,13:09:23,买,99.5500,1.0,9.96,99.5562,mm
4,13:09:24,买,99.5400,1.0,9.95,99.5420,mm
4,13:09:56,卖,99.5950,1.0,9.96,99.5977,mm
4,13:10:00,卖,99.6100,1.0,9.96,99.6057,mm
4,13:10:05,买,99.5750,1.0,9.96,99.5811,mm
4,13:10:23,卖,99.6050,1.0,9.96,99.6005,mm
4,13:10:30,卖,99.6150,1.0,9.96,99.6101,mm
4,13:10:32,买,99.6100,1.0,9.96,99.6105,mm
4,13:10:33,卖,99.6200,1.0,9.96,99.6153,mm
4,13:10:40,买,99.6150,1.0,9.96,99.6201,mm
4,13:10:45,卖,99.6150,1.0,9.96,99.6096,mm
4,13:10:56,卖,99.6250,1.0,9.96,99.6168,mm
4,13:11:04,买,99.5850,1.0,9.96,99.5833,mm
4,13:11:11,买,99.5600,1.0,9.96,99.5600,mm
4,13:11:14,卖,99.5750,1.0,9.96,99.5708,mm
4,13:11:14,买,99.5600,1.0,9.96,99.5586,mm
4,13:11:16,卖,99.5800,1.0,9.96,99.5774,mm
4,13:11:54,买,99.5350,1.0,9.95,99.5411,mm
4,13:11:56,卖,99.5550,1.0,9.96,99.5473,mm
4,13:12:04,买,99.5450,1.0,9.95,99.5446,mm
4,13:12:23,买,99.5200,1.0,9.95,99.5211,mm
4,13:12:26,卖,99.5350,1.0,9.95,99.5239,mm
4,13:13:01,卖,99.5300,1.0,9.95,99.5272,mm
4,13:13:19,卖,99.5750,1.0,9.96,99.5664,mm
4,13:13:30,买,99.5750,1.0,9.96,99.5770,mm
4,13:13:48,卖,99.6300,1.0,9.96,99.6235,mm
4,13:13:51,买,99.6250,1.0,9.96,99.6286,mm
4,13:13:58,买,99.6250,1.0,9.96,99.6295,mm
4,13:14:17,买,99.6350,1.0,9.96,99.6373,mm
4,13:14:25,卖,99.6650,1.0,9.97,99.6613,mm
4,13:14:33,卖,99.6650,1.0,9.97,99.6603,mm
4,13:14:36,买,99.6600,1.0,9.97,99.6646,mm
4,13:14:54,买,99.6900,1.0,9.97,99.6944,mm
4,13:15:07,卖,99.7050,1.0,9.97,99.7036,mm
4,13:15:13,买,99.6900,1.0,9.97,99.6956,mm
4,13:15:19,卖,99.6950,1.0,9.97,99.6929,mm
4,13:15:24,卖,99.7100,1.0,9.97,99.7077,mm
4,13:15:26,卖,99.7350,1.0,9.97,99.7298,mm
4,13:15:29,买,99.7200,1.0,9.97,99.7254,mm
4,13:15:42,买,99.7150,1.0,9.97,99.7270,mm
4,13:15:48,买,99.7200,1.0,9.97,99.7318,mm
4,13:15:49,卖,99.7450,1.0,9.97,99.7469,mm
4,13:15:52,买,99.7350,1.0,9.97,99.7383,mm
4,13:15:54,买,99.7200,1.0,9.97,99.7260,mm
4,13:15:56,卖,99.7300,1.0,9.97,99.7264,mm
4,13:16:08,买,99.6850,1.0,9.97,99.6894,mm
4,13:16:10,卖,99.6950,1.0,9.97,99.6932,mm
4,13:16:14,卖,99.7050,1.0,9.97,99.6983,mm
4,13:16:33,买,99.6450,1.0,9.96,99.6498,mm
4,13:16:58,卖,99.6250,1.0,9.96,99.6230,mm
4,13:17:01,买,99.6150,1.0,9.96,99.6210,mm
4,13:17:04,卖,99.6300,1.0,9.96,99.6266,mm
4,13:17:19,卖,99.6550,1.0,9.97,99.6524,mm
4,13:17:30,买,99.6450,1.0,9.96,99.6507,mm
4,13:17:36,买,99.6500,1.0,9.97,99.6525,mm
4,13:17:52,卖,99.6350,1.0,9.96,99.6363,mm
4,13:17:59,买,99.6200,1.0,9.96,99.6227,mm
4,13:18:07,卖,99.6550,1.0,9.97,99.6662,mm
4,13:18:21,卖,99.6800,1.0,9.97,99.6783,mm
4,13:18:30,买,99.6500,1.0,9.97,99.6500,mm
4,13:18:39,卖,99.6600,1.0,9.97,99.6554,mm
4,13:18:41,买,99.6500,1.0,9.97,99.6559,mm
4,13:18:42,卖,99.6700,1.0,9.97,99.6652,mm
4,13:18:44,卖,99.6900,1.0,9.97,99.6765,mm
4,13:18:45,买,99.6700,1.0,9.97,99.6724,mm
4,13:18:52,买,99.6800,1.0,9.97,99.6932,mm
4,13:18:53,买,99.6800,1.0,9.97,99.6875,mm
4,13:18:58,卖,99.6950,1.0,9.97,99.6899,mm
4,13:19:05,卖,99.6950,1.0,9.97,99.6850,mm
4,13:19:19,买,99.6800,1.0,9.97,99.6856,mm
4,13:19:38,买,99.6500,1.0,9.97,99.6559,mm
4,13:19:44,买,99.6500,1.0,9.97,99.6579,mm
4,13:19:52,卖,99.6550,1.0,9.97,99.6578,mm
4,13:19:54,买,99.6450,1.0,9.96,99.6578,mm
4,13:19:57,卖,99.6700,1.0,9.97,99.6694,mm
4,13:20:02,卖,99.6800,1.0,9.97,99.6857,mm
4,13:20:15,卖,99.7300,1.0,9.97,99.7208,mm
4,13:20:28,买,99.7200,1.0,9.97,99.7204,mm
4,13:20:41,买,99.7100,1.0,9.97,99.7107,mm
4,13:20:49,卖,99.6950,1.0,9.97,99.6948,mm
4,13:20:50,买,99.6800,1.0,9.97,99.6826,mm
4,13:21:06,卖,99.7000,1.0,9.97,99.6957,mm
4,13:21:14,卖,99.7250,1.0,9.97,99.7188,mm
4,13:21:15,买,99.7150,1.0,9.97,99.7194,mm
4,13:21:33,卖,99.7400,1.0,9.97,99.7299,mm
4,13:21:47,卖,99.7600,1.0,9.98,99.7507,mm
4,13:21:58,买,99.7800,1.0,9.98,99.7781,mm
4,13:22:04,买,99.7700,1.0,9.98,99.7732,mm
4,13:22:11,买,99.7700,1.0,9.98,99.7752,mm
4,13:22:13,卖,99.7850,1.0,9.98,99.7813,mm
4,13:22:26,卖,99.7950,1.0,9.98,99.7890,mm
4,13:22:33,买,99.7600,1.0,9.98,99.7651,mm
4,13:22:36,买,99.7550,1.0,9.98,99.7611,mm
4,13:23:03,卖,99.7200,1.0,9.97,99.7191,mm
4,13:23:11,买,99.7150,1.0,9.97,99.7175,mm
4,13:23:12,卖,99.7250,1.0,9.97,99.7285,mm
4,13:23:22,买,99.7200,1.0,9.97,99.7248,mm
4,13:23:24,买,99.7050,1.0,9.97,99.7049,mm
4,13:23:26,卖,99.7100,1.0,9.97,99.7084,mm
4,13:23:37,买,99.7000,1.0,9.97,99.6990,mm
4,13:23:51,卖,99.6900,1.0,9.97,99.6866,mm
4,13:23:58,卖,99.6900,1.0,9.97,99.6867,mm
4,13:24:05,卖,99.6950,1.0,9.97,99.6892,mm
4,13:24:18,买,99.6700,1.0,9.97,99.6725,mm
4,13:24:22,买,99.6500,1.0,9.97,99.6520,mm
4,13:24:28,买,99.6450,1.0,9.96,99.6506,mm
4,13:24:30,卖,99.6550,1.0,9.97,99.6514,mm
4,13:24:41,卖,99.6700,1.0,9.97,99.6678,mm
4,13:24:49,买,99.6400,1.0,9.96,99.6438,mm
4,13:24:51,卖,99.6600,1.0,9.97,99.6648,mm
4,13:24:53,买,99.6400,1.0,9.96,99.6399,mm
4,13:24:56,卖,99.6600,1.0,9.97,99.6614,mm
4,13:25:06,买,99.6750,1.0,9.97,99.6707,mm
4,13:25:15,卖,99.6750,1.0,9.97,99.6643,mm
4,13:25:22,卖,99.6700,1.0,9.97,99.6671,mm
4,13:25:24,买,99.6550,1.0,9.97,99.6578,mm
4,13:25:39,卖,99.7050,1.0,9.97,99.6997,mm
4,13:25:43,买,99.6900,1.0,9.97,99.6946,mm
4,13:26:00,买,99.6650,1.0,9.97,99.6688,mm
4,13:26:02,卖,99.6750,1.0,9.97,99.6713,mm
4,13:26:19,买,99.6700,1.0,9.97,99.6748,mm
4,13:26:33,卖,99.6550,1.0,9.97,99.6525,mm
4,13:26:37,买,99.6250,1.0,9.96,99.6297,mm
4,13:26:39,卖,99.6400,1.0,9.96,99.6344,mm
4,13:26:40,买,99.6200,1.0,9.96,99.6259,mm
4,13:26:51,卖,99.6100,1.0,9.96,99.6100,mm
4,13:26:52,买,99.5950,1.0,9.96,99.6004,mm
4,13:26:54,卖,99.5950,1.0,9.96,99.5904,mm
4,13:26:55,买,99.5750,1.0,9.96,99.5801,mm
4,13:27:29,卖,99.5450,1.0,9.95,99.5450,mm
4,13:27:51,买,99.5450,1.0,9.95,99.5442,mm
4,13:27:58,卖,99.5600,1.0,9.96,99.5565,mm
4,13:28:15,买,99.5500,1.0,9.96,99.5540,mm
4,13:28:20,卖,99.5600,1.0,9.96,99.5545,mm
4,13:28:21,买,99.5400,1.0,9.95,99.5463,mm
4,13:28:22,买,99.5300,1.0,9.95,99.5354,mm
4,13:28:34,卖,99.5500,1.0,9.96,99.5482,mm
4,13:28:37,卖,99.5500,1.0,9.96,99.5453,mm
4,13:28:53,卖,99.5300,1.0,9.95,99.5293,mm
4,13:28:59,买,99.5250,1.0,9.95,99.5312,mm
4,13:29:38,买,99.5450,1.0,9.95,99.5454,mm
4,13:29:41,卖,99.5400,1.0,9.95,99.5441,mm
4,13:30:02,买,99.4900,1.0,9.95,99.4863,mm
4,13:30:09,卖,99.5000,1.0,9.95,99.4968,mm
4,13:30:15,买,99.4900,1.0,9.95,99.4924,mm
4,13:30:26,卖,99.4550,1.0,9.95,99.4494,mm
4,13:30:28,卖,99.4700,1.0,9.95,99.4645,mm
4,13:30:28,买,99.4550,1.0,9.95,99.4554,mm
4,13:30:42,买,99.4400,1.0,9.94,99.4446,mm
4,13:30:56,买,99.4500,1.0,9.95,99.4554,mm
4,13:30:57,卖,99.4650,1.0,9.95,99.4629,mm
4,13:31:08,买,99.4650,1.0,9.95,99.4670,mm
4,13:31:19,卖,99.4250,1.0,9.94,99.4268,mm
4,13:31:30,卖,99.4200,1.0,9.94,99.4157,mm
4,13:31:32,卖,99.4350,1.0,9.94,99.4290,mm
4,13:31:35,买,99.4200,1.0,9.94,99.4240,mm
4,13:31:41,卖,99.4350,1.0,9.94,99.4311,mm
4,13:31:44,买,99.4200,1.0,9.94,99.4212,mm
4,13:31:52,买,99.3950,1.0,9.94,99.3996,mm
4,13:32:38,卖,99.4200,1.0,9.94,99.4168,mm
4,13:32:39,买,99.4050,1.0,9.94,99.4069,mm
4,13:32:53,卖,99.4200,1.0,9.94,99.4136,mm
4,13:33:06,买,99.3900,1.0,9.94,99.3923,mm
4,13:33:14,买,99.3650,1.0,9.94,99.3683,mm
4,13:33:15,卖,99.3650,1.0,9.94,99.3630,mm
4,13:33:17,卖,99.3800,1.0,9.94,99.3761,mm
4,13:33:22,买,99.3700,1.0,9.94,99.3760,mm
4,13:33:23,卖,99.3850,1.0,9.94,99.3860,mm
4,13:33:27,卖,99.4050,1.0,9.94,99.4102,mm
4,13:33:30,买,99.4050,1.0,9.94,99.4044,mm
4,13:33:45,买,99.4100,1.0,9.94,99.4161,mm
4,13:33:47,卖,99.4250,1.0,9.94,99.4159,mm
4,13:33:49,买,99.4100,1.0,9.94,99.4207,mm
4,13:34:00,买,99.3950,1.0,9.94,99.3972,mm
4,13:34:17,卖,99.4000,1.0,9.94,99.3991,mm
4,13:34:18,卖,99.4100,1.0,9.94,99.4047,mm
4,13:34:28,买,99.4000,1.0,9.94,99.3978,mm
4,13:34:40,卖,99.3850,1.0,9.94,99.3788,mm
4,13:34:44,买,99.3650,1.0,9.94,99.3695,mm
4,13:34:52,卖,99.3650,1.0,9.94,99.3622,mm
4,13:34:59,卖,99.3800,1.0,9.94,99.3644,mm
4,13:35:13,买,99.3800,1.0,9.94,99.3830,mm
4,13:35:27,卖,99.4300,1.0,9.94,99.4239,mm
4,13:35:32,买,99.4250,1.0,9.94,99.4266,mm
4,13:35:43,买,99.3750,1.0,9.94,99.3812,mm
4,13:35:44,卖,99.3900,1.0,9.94,99.3848,mm
4,13:35:45,卖,99.4000,1.0,9.94,99.3959,mm
4,13:35:53,买,99.3850,1.0,9.94,99.3866,mm
4,13:36:14,买,99.3950,1.0,9.94,99.3966,mm
4,13:36:24,卖,99.4100,1.0,9.94,99.4010,mm
4,13:36:46,买,99.3950,1.0,9.94,99.4010,mm
4,13:36:47,买,99.3850,1.0,9.94,99.3910,mm
4,13:36:49,卖,99.4050,1.0,9.94,99.4017,mm
4,13:36:53,卖,99.4100,1.0,9.94,99.4070,mm
4,13:37:04,买,99.4000,1.0,9.94,99.3965,mm
4,13:37:32,卖,99.4150,1.0,9.94,99.4132,mm
4,13:37:37,卖,99.4400,1.0,9.94,99.4304,mm
4,13:37:38,卖,99.4500,1.0,9.95,99.4517,mm
4,13:37:46,买,99.4600,1.0,9.95,99.4659,mm
4,13:37:48,买,99.4550,1.0,9.95,99.4609,mm
4,13:37:56,卖,99.4850,1.0,9.95,99.4798,mm
4,13:37:58,买,99.4800,1.0,9.95,99.4824,mm
4,13:38:01,买,99.4600,1.0,9.95,99.4647,mm
4,13:38:03,买,99.4500,1.0,9.95,99.4548,mm
4,13:38:29,买,99.4250,1.0,9.94,99.4265,mm
4,13:38:42,卖,99.4350,1.0,9.94,99.4293,mm
4,13:39:06,卖,99.4350,1.0,9.94,99.4252,mm
4,13:39:27,卖,99.4450,1.0,9.94,99.4416,mm
4,13:39:39,买,99.4200,1.0,9.94,99.4207,mm
4,13:39:45,卖,99.4500,1.0,9.95,99.4462,mm
4,13:39:46,卖,99.4600,1.0,9.95,99.4497,mm
4,13:39:50,卖,99.4700,1.0,9.95,99.4638,mm
4,13:39:56,买,99.4600,1.0,9.95,99.4570,mm
4,13:40:02,买,99.4550,1.0,9.95,99.4574,mm
4,13:40:07,卖,99.4750,1.0,9.95,99.4699,mm
4,13:40:07,买,99.4600,1.0,9.95,99.4633,mm
4,13:40:09,买,99.4550,1.0,9.95,99.4586,mm
4,13:40:13,卖,99.4750,1.0,9.95,99.4720,mm
4,13:40:22,卖,99.4950,1.0,9.95,99.4905,mm
4,13:40:31,买,99.4750,1.0,9.95,99.4812,mm
4,13:40:31,买,99.4700,1.0,9.95,99.4731,mm
4,13:40:41,买,99.4450,1.0,9.94,99.4485,mm
4,13:40:55,卖,99.4350,1.0,9.94,99.4288,mm
4,13:41:20,买,99.4400,1.0,9.94,99.4425,mm
4,13:41:32,买,99.4850,1.0,9.95,99.4911,mm
4,13:41:36,卖,99.5050,1.0,9.95,99.5027,mm
4,13:41:39,卖,99.5150,1.0,9.95,99.5104,mm
4,13:41:57,买,99.4900,1.0,9.95,99.5026,mm
4,13:42:06,买,99.4800,1.0,9.95,99.4982,mm
4,13:42:23,卖,99.4700,1.0,9.95,99.4695,mm
4,13:42:27,卖,99.4800,1.0,9.95,99.4749,mm
4,13:42:31,卖,99.4850,1.0,9.95,99.4810,mm
4,13:42:41,买,99.4750,1.0,9.95,99.4801,mm
4,13:42:46,卖,99.4900,1.0,9.95,99.4845,mm
4,13:43:07,买,99.4600,1.0,9.95,99.4555,mm
4,13:43:08,卖,99.4700,1.0,9.95,99.4732,mm
4,13:43:11,卖,99.4900,1.0,9.95,99.4871,mm
4,13:43:12,买,99.4750,1.0,9.95,99.4794,mm
4,13:43:24,买,99.4550,1.0,9.95,99.4600,mm
4,13:43:37,卖,99.4600,1.0,9.95,99.4596,mm
4,13:43:44,卖,99.4750,1.0,9.95,99.4643,mm
4,13:43:49,买,99.4650,1.0,9.95,99.4721,mm
4,13:43:53,卖,99.4800,1.0,9.95,99.4769,mm
4,13:44:01,买,99.4650,1.0,9.95,99.4709,mm
4,13:44:03,买,99.4600,1.0,9.95,99.4598,mm
4,13:44:33,卖,99.4250,1.0,9.94,99.4193,mm
4,13:44:50,买,99.3900,1.0,9.94,99.3948,mm
4,13:45:22,卖,99.3450,1.0,9.93,99.3481,mm
4,13:45:36,卖,99.3350,1.0,9.93,99.3282,mm
4,13:45:39,买,99.3050,1.0,9.93,99.3101,mm
4,13:45:52,买,99.2650,1.0,9.93,99.2710,mm
4,13:45:58,买,99.2550,1.0,9.93,99.2609,mm
4,13:46:13,卖,99.2800,1.0,9.93,99.2738,mm
4,13:46:17,买,99.2900,1.0,9.93,99.3002,mm
4,13:46:19,卖,99.3150,1.0,9.93,99.3121,mm
4,13:46:29,卖,99.3400,1.0,9.93,99.3385,mm
4,13:46:31,卖,99.3450,1.0,9.93,99.3391,mm
4,13:47:03,买,99.3600,1.0,9.94,99.3613,mm
4,13:47:12,卖,99.3750,1.0,9.94,99.3648,mm
4,13:47:15,卖,99.4000,1.0,9.94,99.3915,mm
4,13:47:19,买,99.3900,1.0,9.94,99.3967,mm
4,13:47:23,买,99.3750,1.0,9.94,99.3805,mm
4,13:47:33,买,99.3650,1.0,9.94,99.3707,mm
4,13:47:41,买,99.3550,1.0,9.94,99.3606,mm
4,13:47:47,卖,99.3650,1.0,9.94,99.3626,mm
4,13:48:26,卖,99.3850,1.0,9.94,99.3803,mm
4,13:48:30,卖,99.4100,1.0,9.94,99.4113,mm
4,13:48:38,卖,99.4250,1.0,9.94,99.4208,mm
4,13:48:39,买,99.4100,1.0,9.94,99.4161,mm
4,13:49:15,买,99.4000,1.0,9.94,99.4045,mm
4,13:49:19,买,99.3950,1.0,9.94,99.4011,mm
4,13:49:23,卖,99.4150,1.0,9.94,99.4118,mm
4,13:49:27,卖,99.4250,1.0,9.94,99.4144,mm
4,13:49:53,买,99.4600,1.0,9.95,99.4583,mm
4,13:50:20,买,99.4600,1.0,9.95,99.4638,mm
4,13:50:25,买,99.4550,1.0,9.95,99.4608,mm
4,13:50:34,卖,99.4450,1.0,9.94,99.4428,mm
4,13:50:46,卖,99.4750,1.0,9.95,99.4698,mm
4,13:50:53,买,99.4550,1.0,9.95,99.4600,mm
4,13:50:58,买,99.4500,1.0,9.95,99.4530,mm
4,13:50:59,卖,99.4600,1.0,9.95,99.4654,mm
4,13:51:06,卖,99.4700,1.0,9.95,99.4583,mm
4,13:51:10,买,99.4450,1.0,9.94,99.4453,mm
4,13:51:19,买,99.3950,1.0,9.94,99.3929,mm
4,13:51:21,卖,99.4000,1.0,9.94,99.3918,mm
4,13:51:30,卖,99.4300,1.0,9.94,99.4286,mm
4,13:51:33,卖,99.4450,1.0,9.94,99.4414,mm
4,13:51:35,买,99.4350,1.0,9.94,99.4324,mm
4,13:51:59,卖,99.4400,1.0,9.94,99.4374,mm
4,13:52:22,买,99.4650,1.0,9.95,99.4688,mm
4,13:52:24,卖,99.4900,1.0,9.95,99.4941,mm
4,13:52:32,卖,99.5100,1.0,9.95,99.5019,mm
4,13:52:35,卖,99.5300,1.0,9.95,99.5270,mm
4,13:52:38,买,99.5300,1.0,9.95,99.5337,mm
4,13:52:39,买,99.5250,1.0,9.95,99.5249,mm
4,13:52:40,买,99.5150,1.0,9.95,99.5210,mm
4,13:53:08,买,99.4600,1.0,9.95,99.4630,mm
4,13:53:10,买,99.4450,1.0,9.94,99.4506,mm
4,13:53:18,卖,99.4500,1.0,9.95,99.4397,mm
4,13:53:34,买,99.4300,1.0,9.94,99.4358,mm
4,13:53:37,买,99.4200,1.0,9.94,99.4240,mm
4,13:53:40,卖,99.4250,1.0,9.94,99.4232,mm
4,13:53:41,卖,99.4350,1.0,9.94,99.4275,mm
4,13:53:47,卖,99.4350,1.0,9.94,99.4367,mm
4,13:54:06,买,99.4400,1.0,9.94,99.4448,mm
4,13:54:18,卖,99.4050,1.0,9.94,99.4076,mm
4,13:54:23,买,99.3850,1.0,9.94,99.3895,mm
4,13:54:31,卖,99.3950,1.0,9.94,99.3870,mm
4,13:55:22,买,99.3400,1.0,9.93,99.3428,mm
4,13:56:04,买,99.3500,1.0,9.94,99.3549,mm
4,13:56:43,卖,99.3900,1.0,9.94,99.3895,mm
4,13:56:52,卖,99.3700,1.0,9.94,99.3713,mm
4,13:56:58,买,99.3550,1.0,9.94,99.3565,mm
4,13:57:06,买,99.3450,1.0,9.93,99.3477,mm
4,13:57:16,卖,99.3650,1.0,9.94,99.3558,mm
4,13:57:23,卖,99.3550,1.0,9.94,99.3469,mm
4,13:57:34,卖,99.3950,1.0,9.94,99.3967,mm
4,13:57:50,卖,99.4350,1.0,9.94,99.4358,mm
4,13:57:53,买,99.4150,1.0,9.94,99.4167,mm
4,13:57:54,卖,99.4450,1.0,9.94,99.4506,mm
4,13:57:58,买,99.4450,1.0,9.94,99.4502,mm
4,13:58:10,买,99.4650,1.0,9.95,99.4701,mm
4,13:58:12,买,99.4400,1.0,9.94,99.4391,mm
4,13:58:30,卖,99.4500,1.0,9.95,99.4445,mm
4,13:58:43,买,99.4400,1.0,9.94,99.4353,mm
4,13:58:44,卖,99.4450,1.0,9.94,99.4402,mm
4,13:58:51,卖,99.4250,1.0,9.94,99.4186,mm
4,13:58:57,买,99.4250,1.0,9.94,99.4307,mm
4,13:59:01,买,99.4300,1.0,9.94,99.4339,mm
4,13:59:07,买,99.4100,1.0,9.94,99.4103,mm
4,13:59:17,卖,99.3950,1.0,9.94,99.3977,mm
4,13:59:21,买,99.3750,1.0,9.94,99.3792,mm
4,13:59:26,卖,99.3900,1.0,9.94,99.3834,mm
4,13:59:53,买,99.3350,1.0,9.93,99.3397,mm
4,13:59:59,买,99.3450,1.0,9.93,99.3504,mm
4,14:00:09,卖,99.3400,1.0,9.93,99.3357,mm
4,14:00:13,卖,99.3450,1.0,9.93,99.3352,mm
4,14:00:24,卖,99.3400,1.0,9.93,99.3342,mm
4,14:00:25,买,99.3200,1.0,9.93,99.3225,mm
4,14:00:43,卖,99.3300,1.0,9.93,99.3247,mm
4,14:00:44,买,99.3100,1.0,9.93,99.3146,mm
4,14:00:49,卖,99.3350,1.0,9.93,99.3359,mm
4,14:00:51,卖,99.3500,1.0,9.94,99.3452,mm
4,14:00:59,卖,99.3350,1.0,9.93,99.3337,mm
4,14:01:12,买,99.3450,1.0,9.93,99.3497,mm
4,14:01:17,买,99.3350,1.0,9.93,99.3397,mm
4,14:01:26,买,99.3350,1.0,9.93,99.3398,mm
4,14:01:49,买,99.3450,1.0,9.93,99.3584,mm
4,14:01:58,卖,99.3550,1.0,9.94,99.3571,mm
4,14:02:02,卖,99.3800,1.0,9.94,99.3816,mm
4,14:02:07,卖,99.3850,1.0,9.94,99.3809,mm
4,14:02:28,买,99.3800,1.0,9.94,99.3861,mm
4,14:02:48,卖,99.4000,1.0,9.94,99.3972,mm
4,14:02:53,卖,99.4050,1.0,9.94,99.3960,mm
4,14:02:54,买,99.3850,1.0,9.94,99.3889,mm
4,14:02:55,买,99.3800,1.0,9.94,99.3811,mm
4,14:03:06,卖,99.4200,1.0,9.94,99.4179,mm
4,14:03:21,买,99.4000,1.0,9.94,99.3999,mm
4,14:03:34,买,99.3900,1.0,9.94,99.3945,mm
4,14:03:42,卖,99.4250,1.0,9.94,99.4220,mm
4,14:03:47,卖,99.4450,1.0,9.94,99.4436,mm
4,14:03:49,卖,99.4650,1.0,9.95,99.4616,mm
4,14:03:55,卖,99.4850,1.0,9.95,99.4767,mm
4,14:03:55,买,99.4700,1.0,9.95,99.4615,mm
4,14:03:58,买,99.4400,1.0,9.94,99.4455,mm
4,14:04:08,买,99.4650,1.0,9.95,99.4679,mm
4,14:04:14,买,99.4550,1.0,9.95,99.4482,mm
4,14:04:18,卖,99.4600,1.0,9.95,99.4564,mm
4,14:04:25,买,99.4450,1.0,9.94,99.4495,mm
4,14:04:39,卖,99.4950,1.0,9.95,99.4928,mm
4,14:04:43,卖,99.5000,1.0,9.95,99.4944,mm
4,14:04:46,卖,99.5050,1.0,9.95,99.4995,mm
4,14:04:47,买,99.5000,1.0,9.95,99.5047,mm
4,14:04:48,买,99.4950,1.0,9.95,99.4998,mm
4,14:05:02,卖,99.5000,1.0,9.95,99.4928,mm
4,14:05:05,买,99.4750,1.0,9.95,99.4769,mm
4,14:05:13,买,99.4800,1.0,9.95,99.4843,mm
4,14:05:17,买,99.4700,1.0,9.95,99.4664,mm
4,14:05:22,卖,99.4900,1.0,9.95,99.4890,mm
4,14:05:28,卖,99.4900,1.0,9.95,99.4840,mm
4,14:05:35,买,99.4650,1.0,9.95,99.4686,mm
4,14:05:40,卖,99.4750,1.0,9.95,99.4664,mm
4,14:05:45,卖,99.4600,1.0,9.95,99.4578,mm
4,14:05:49,买,99.4450,1.0,9.94,99.4496,mm
4,14:05:55,买,99.4300,1.0,9.94,99.4342,mm
4,14:06:01,卖,99.4600,1.0,9.95,99.4538,mm
4,14:06:07,卖,99.4700,1.0,9.95,99.4599,mm
4,14:06:10,买,99.4500,1.0,9.95,99.4549,mm
4,14:06:24,卖,99.4750,1.0,9.95,99.4716,mm
4,14:06:27,买,99.4600,1.0,9.95,99.4639,mm
4,14:06:31,买,99.4600,1.0,9.95,99.4659,mm
4,14:07:18,卖,99.4900,1.0,9.95,99.4879,mm
4,14:07:19,卖,99.5050,1.0,9.95,99.5080,mm
4,14:07:45,卖,99.5100,1.0,9.95,99.5006,mm
4,14:07:50,买,99.4950,1.0,9.95,99.4999,mm
4,14:07:54,买,99.4900,1.0,9.95,99.4940,mm
4,14:08:02,买,99.4900,1.0,9.95,99.4931,mm
4,14:08:21,卖,99.5150,1.0,9.95,99.5139,mm
4,14:08:25,买,99.5100,1.0,9.95,99.5155,mm
4,14:08:27,卖,99.5250,1.0,9.95,99.5200,mm
4,14:08:51,卖,99.5400,1.0,9.95,99.5363,mm
4,14:08:55,买,99.5200,1.0,9.95,99.5185,mm
4,14:08:56,买,99.5050,1.0,9.95,99.5112,mm
4,14:08:58,买,99.4900,1.0,9.95,99.4910,mm
4,14:09:05,卖,99.5300,1.0,9.95,99.5239,mm
4,14:09:05,买,99.5100,1.0,9.95,99.5197,mm
4,14:09:14,买,99.5150,1.0,9.95,99.5271,mm
4,14:09:34,卖,99.5250,1.0,9.95,99.5192,mm
4,14:09:36,卖,99.5250,1.0,9.95,99.5092,mm
4,14:09:41,买,99.4950,1.0,9.95,99.4997,mm
4,14:09:45,卖,99.5300,1.0,9.95,99.5258,mm
4,14:10:00,卖,99.5500,1.0,9.96,99.5343,mm
4,14:10:17,买,99.4900,1.0,9.95,99.4915,mm
4,14:10:40,卖,99.4750,1.0,9.95,99.4689,mm
4,14:10:41,买,99.4650,1.0,9.95,99.4691,mm
4,14:10:46,卖,99.4750,1.0,9.95,99.4736,mm
4,14:10:52,买,99.4750,1.0,9.95,99.4808,mm
4,14:10:57,买,99.4600,1.0,9.95,99.4597,mm
4,14:11:04,卖,99.4750,1.0,9.95,99.4705,mm
4,14:11:26,卖,99.4500,1.0,9.95,99.4477,mm
4,14:11:39,卖,99.4750,1.0,9.95,99.4717,mm
4,14:11:42,买,99.4600,1.0,9.95,99.4645,mm
4,14:11:45,卖,99.4800,1.0,9.95,99.4740,mm
4,14:11:52,买,99.4700,1.0,9.95,99.4635,mm
4,14:11:53,卖,99.4800,1.0,9.95,99.4719,mm
4,14:12:07,买,99.4700,1.0,9.95,99.4701,mm
4,14:12:11,买,99.4500,1.0,9.95,99.4521,mm
4,14:12:36,买,99.4050,1.0,9.94,99.4109,mm
4,14:12:37,卖,99.4200,1.0,9.94,99.4037,mm
4,14:12:54,卖,99.4350,1.0,9.94,99.4296,mm
4,14:13:00,买,99.4150,1.0,9.94,99.4211,mm
4,14:13:10,卖,99.4450,1.0,9.94,99.4424,mm
4,14:13:35,买,99.4300,1.0,9.94,99.4338,mm
4,14:13:40,卖,99.4450,1.0,9.94,99.4480,mm
4,14:13:51,卖,99.4900,1.0,9.95,99.4680,mm
4,14:14:02,买,99.4700,1.0,9.95,99.4824,mm
4,14:14:17,买,99.4600,1.0,9.95,99.4658,mm
4,14:14:18,卖,99.4700,1.0,9.95,99.4726,mm
4,14:14:21,卖,99.4800,1.0,9.95,99.4792,mm
4,14:14:26,买,99.4900,1.0,9.95,99.4864,mm
4,14:14:26,买,99.4750,1.0,9.95,99.4758,mm
4,14:14:29,卖,99.4850,1.0,9.95,99.4818,mm
4,14:14:35,买,99.4550,1.0,9.95,99.4603,mm
4,14:14:41,卖,99.4900,1.0,9.95,99.4875,mm
4,14:14:42,卖,99.5000,1.0,9.95,99.4903,mm
4,14:14:45,买,99.4700,1.0,9.95,99.4741,mm
4,14:14:49,买,99.4850,1.0,9.95,99.4894,mm
4,14:14:51,卖,99.5000,1.0,9.95,99.4946,mm
4,14:15:03,买,99.4600,1.0,9.95,99.4654,mm
4,14:15:21,买,99.4200,1.0,9.94,99.4212,mm
4,14:15:26,卖,99.4550,1.0,9.95,99.4489,mm
4,14:15:27,买,99.4300,1.0,9.94,99.4351,mm
4,14:15:32,卖,99.4400,1.0,9.94,99.4344,mm
4,14:15:40,买,99.4000,1.0,9.94,99.4039,mm
4,14:15:47,买,99.3900,1.0,9.94,99.3960,mm
4,14:15:50,卖,99.4050,1.0,9.94,99.4089,mm
4,14:15:56,卖,99.4250,1.0,9.94,99.4192,mm
4,14:16:00,卖,99.4150,1.0,9.94,99.4068,mm
4,14:16:04,买,99.3900,1.0,9.94,99.3923,mm
4,14:16:05,买,99.3800,1.0,9.94,99.3828,mm
4,14:16:11,卖,99.3850,1.0,9.94,99.3905,mm
4,14:16:12,买,99.3750,1.0,9.94,99.3746,mm
4,14:16:16,买,99.3650,1.0,9.94,99.3707,mm
4,14:16:20,卖,99.3950,1.0,9.94,99.3947,mm
4,14:16:21,卖,99.4050,1.0,9.94,99.4065,mm
4,14:16:32,卖,99.4300,1.0,9.94,99.4217,mm
4,14:16:46,买,99.3950,1.0,9.94,99.4012,mm
4,14:16:55,卖,99.4100,1.0,9.94,99.4007,mm
4,14:16:57,买,99.3900,1.0,9.94,99.3926,mm
4,14:17:10,卖,99.4300,1.0,9.94,99.4301,mm
4,14:17:22,卖,99.4450,1.0,9.94,99.4429,mm
4,14:17:24,卖,99.4550,1.0,9.95,99.4491,mm
4,14:17:27,买,99.4350,1.0,9.94,99.4341,mm
4,14:17:39,买,99.4400,1.0,9.94,99.4440,mm
4,14:17:40,买,99.4300,1.0,9.94,99.4325,mm
4,14:17:42,卖,99.4450,1.0,9.94,99.4413,mm
4,14:18:02,买,99.4550,1.0,9.95,99.4599,mm
4,14:18:12,买,99.4450,1.0,9.94,99.4508,mm
4,14:18:33,卖,99.4700,1.0,9.95,99.4678,mm
4,14:18:38,买,99.4500,1.0,9.95,99.4534,mm
4,14:18:42,卖,99.4700,1.0,9.95,99.4640,mm
4,14:18:42,买,99.4500,1.0,9.95,99.4488,mm
4,14:18:43,卖,99.4600,1.0,9.95,99.4564,mm
4,14:19:01,买,99.4200,1.0,9.94,99.4258,mm
4,14:19:04,卖,99.4300,1.0,9.94,99.4329,mm
4,14:19:24,卖,99.4500,1.0,9.95,99.4503,mm
4,14:19:44,卖,99.4550,1.0,9.95,99.4521,mm
4,14:19:56,买,99.4350,1.0,9.94,99.4382,mm
4,14:19:57,卖,99.4500,1.0,9.95,99.4327,mm
4,14:19:58,卖,99.4450,1.0,9.94,99.4310,mm
4,14:19:59,买,99.4200,1.0,9.94,99.4231,mm
4,14:20:01,买,99.4150,1.0,9.94,99.4188,mm
4,14:20:08,买,99.4050,1.0,9.94,99.4099,mm
4,14:20:14,卖,99.4300,1.0,9.94,99.4237,mm
4,14:20:25,卖,99.4050,1.0,9.94,99.4007,mm
4,14:20:26,买,99.3800,1.0,9.94,99.3794,mm
4,14:20:31,买,99.3650,1.0,9.94,99.3711,mm
4,14:20:37,买,99.3400,1.0,9.93,99.3408,mm
4,14:20:39,卖,99.3600,1.0,9.94,99.3587,mm
4,14:20:42,卖,99.3600,1.0,9.94,99.3543,mm
4,14:20:52,买,99.3200,1.0,9.93,99.3260,mm
4,14:20:54,买,99.3200,1.0,9.93,99.3243,mm
4,14:21:04,买,99.2900,1.0,9.93,99.2920,mm
4,14:21:09,卖,99.2900,1.0,9.93,99.2829,mm
4,14:21:11,卖,99.3000,1.0,9.93,99.2941,mm
4,14:21:11,卖,99.3050,1.0,9.93,99.3066,mm
4,14:21:13,买,99.3000,1.0,9.93,99.3042,mm
4,14:21:15,卖,99.3150,1.0,9.93,99.3205,mm
4,14:21:29,卖,99.3600,1.0,9.94,99.3578,mm
4,14:21:35,买,99.3400,1.0,9.93,99.3458,mm
4,14:21:38,买,99.3350,1.0,9.93,99.3345,mm
4,14:21:52,买,99.3200,1.0,9.93,99.3256,mm
4,14:22:05,买,99.3250,1.0,9.93,99.3274,mm
4,14:22:08,卖,99.3450,1.0,9.93,99.3428,mm
4,14:22:12,卖,99.3550,1.0,9.94,99.3493,mm
4,14:22:28,卖,99.3650,1.0,9.94,99.3572,mm
4,14:22:30,卖,99.3800,1.0,9.94,99.3705,mm
4,14:22:39,买,99.3800,1.0,9.94,99.3835,mm
4,14:22:57,卖,99.3850,1.0,9.94,99.3804,mm
4,14:23:14,买,99.4200,1.0,9.94,99.4224,mm
4,14:23:24,买,99.3950,1.0,9.94,99.3982,mm
4,14:23:34,卖,99.4100,1.0,9.94,99.4063,mm
4,14:23:35,买,99.3950,1.0,9.94,99.4071,mm
4,14:23:36,卖,99.4200,1.0,9.94,99.4139,mm
4,14:23:39,买,99.4000,1.0,9.94,99.4043,mm
4,14:23:43,卖,99.4050,1.0,9.94,99.4024,mm
4,14:23:58,卖,99.4350,1.0,9.94,99.4316,mm
4,14:24:01,买,99.4300,1.0,9.94,99.4287,mm
4,14:24:06,卖,99.4250,1.0,9.94,99.4261,mm
4,14:24:09,买,99.4100,1.0,9.94,99.4156,mm
4,14:24:45,买,99.3800,1.0,9.94,99.3829,mm
4,14:24:49,买,99.3700,1.0,9.94,99.3750,mm
4,14:24:51,卖,99.3850,1.0,9.94,99.3795,mm
4,14:25:07,卖,99.3950,1.0,9.94,99.3897,mm
4,14:25:16,买,99.3850,1.0,9.94,99.3906,mm
4,14:25:21,卖,99.4050,1.0,9.94,99.3966,mm
4,14:25:22,买,99.3850,1.0,9.94,99.3870,mm
4,14:25:31,卖,99.3900,1.0,9.94,99.3941,mm
4,14:25:44,买,99.3750,1.0,9.94,99.3808,mm
4,14:25:46,买,99.3700,1.0,9.94,99.3694,mm
4,14:25:58,卖,99.3750,1.0,9.94,99.3621,mm
4,14:25:59,卖,99.3750,1.0,9.94,99.3668,mm
4,14:26:05,卖,99.3700,1.0,9.94,99.3609,mm
4,14:26:12,买,99.3500,1.0,9.94,99.3589,mm
4,14:26:16,卖,99.3700,1.0,9.94,99.3608,mm
4,14:26:20,买,99.3500,1.0,9.94,99.3517,mm
4,14:26:36,卖,99.3700,1.0,9.94,99.3754,mm
4,14:26:37,买,99.3650,1.0,9.94,99.3670,mm
4,14:26:40,买,99.3400,1.0,9.93,99.3428,mm
4,14:27:04,卖,99.3700,1.0,9.94,99.3654,mm
4,14:27:05,卖,99.3800,1.0,9.94,99.3756,mm
4,14:27:09,买,99.3650,1.0,9.94,99.3645,mm
4,14:27:31,卖,99.3700,1.0,9.94,99.3613,mm
4,14:27:32,卖,99.3750,1.0,9.94,99.3657,mm
4,14:27:38,买,99.3700,1.0,9.94,99.3757,mm
4,14:27:51,买,99.3750,1.0,9.94,99.3807,mm
4,14:28:05,买,99.3750,1.0,9.94,99.3797,mm
4,14:28:07,买,99.3650,1.0,9.94,99.3654,mm
4,14:28:13,卖,99.3750,1.0,9.94,99.3727,mm
4,14:28:14,卖,99.3900,1.0,9.94,99.3913,mm
4,14:28:20,买,99.3700,1.0,9.94,99.3713,mm
4,14:28:27,买,99.3500,1.0,9.94,99.3546,mm
4,14:28:27,卖,99.3650,1.0,9.94,99.3673,mm
4,14:28:29,买,99.3500,1.0,9.94,99.3555,mm
4,14:28:33,卖,99.3800,1.0,9.94,99.3705,mm
4,14:28:33,卖,99.3800,1.0,9.94,99.3670,mm
4,14:28:40,卖,99.3750,1.0,9.94,99.3676,mm
4,14:28:54,买,99.3750,1.0,9.94,99.3801,mm
4,14:29:05,买,99.3600,1.0,9.94,99.3655,mm
4,14:29:12,卖,99.3650,1.0,9.94,99.3607,mm
4,14:29:27,卖,99.3750,1.0,9.94,99.3693,mm
4,14:29:29,买,99.3600,1.0,9.94,99.3615,mm
4,14:29:43,买,99.3450,1.0,9.93,99.3511,mm
4,14:29:45,买,99.3350,1.0,9.93,99.3330,mm
4,14:30:29,卖,99.3550,1.0,9.94,99.3417,mm
4,14:30:32,买,99.3300,1.0,9.93,99.3320,mm
4,14:30:33,买,99.3200,1.0,9.93,99.3217,mm
4,14:30:36,卖,99.3350,1.0,9.93,99.3288,mm
4,14:30:37,买,99.3150,1.0,9.93,99.3190,mm
4,14:30:37,卖,99.3300,1.0,9.93,99.3336,mm
4,14:31:01,卖,99.3200,1.0,9.93,99.3108,mm
4,14:31:04,卖,99.3250,1.0,9.93,99.3190,mm
4,14:31:12,卖,99.3400,1.0,9.93,99.3355,mm
4,14:31:35,买,99.3100,1.0,9.93,99.3219,mm
4,14:31:59,卖,99.3650,1.0,9.94,99.3595,mm
4,14:32:03,卖,99.3750,1.0,9.94,99.3708,mm
4,14:32:20,买,99.4000,1.0,9.94,99.4057,mm
4,14:32:20,买,99.3950,1.0,9.94,99.3955,mm
4,14:32:21,买,99.3850,1.0,9.94,99.3784,mm
4,14:32:25,买,99.3650,1.0,9.94,99.3694,mm
4,14:32:30,买,99.3600,1.0,9.94,99.3653,mm
4,14:33:03,买,99.3450,1.0,9.93,99.3511,mm
4,14:33:08,卖,99.3600,1.0,9.94,99.3559,mm
4,14:33:10,卖,99.3800,1.0,9.94,99.3759,mm
4,14:33:16,卖,99.3700,1.0,9.94,99.3657,mm
4,14:33:24,买,99.3450,1.0,9.93,99.3493,mm
4,14:33:25,买,99.3350,1.0,9.93,99.3346,mm
4,14:33:28,卖,99.3500,1.0,9.94,99.3496,mm
4,14:33:41,买,99.3250,1.0,9.93,99.3187,mm
4,14:33:43,卖,99.3200,1.0,9.93,99.3178,mm
4,14:33:53,买,99.3050,1.0,9.93,99.3085,mm
4,14:34:12,买,99.3000,1.0,9.93,99.3062,mm
4,14:34:14,卖,99.3150,1.0,9.93,99.3099,mm
4,14:34:15,卖,99.3200,1.0,9.93,99.3144,mm
4,14:34:16,卖,99.3250,1.0,9.93,99.3283,mm
4,14:34:22,买,99.3350,1.0,9.93,99.3411,mm
4,14:34:26,卖,99.3500,1.0,9.94,99.3462,mm
4,14:34:39,买,99.3350,1.0,9.93,99.3393,mm
4,14:34:44,卖,99.3450,1.0,9.93,99.3402,mm
4,14:34:48,买,99.3400,1.0,9.93,99.3431,mm
4,14:34:55,卖,99.3550,1.0,9.94,99.3488,mm
4,14:35:06,卖,99.3400,1.0,9.93,99.3338,mm
4,14:35:08,卖,99.3450,1.0,9.93,99.3450,mm
4,14:35:24,卖,99.3400,1.0,9.93,99.3414,mm
4,14:35:24,买,99.3300,1.0,9.93,99.3319,mm
4,14:35:26,卖,99.3450,1.0,9.93,99.3397,mm
4,14:35:34,买,99.3500,1.0,9.94,99.3556,mm
4,14:35:41,买,99.3450,1.0,9.93,99.3500,mm
4,14:35:50,买,99.3200,1.0,9.93,99.3250,mm
4,14:35:55,卖,99.3100,1.0,9.93,99.3060,mm
4,14:35:56,买,99.2900,1.0,9.93,99.2900,mm
4,14:36:07,卖,99.3050,1.0,9.93,99.3016,mm
4,14:36:10,卖,99.3150,1.0,9.93,99.3193,mm
4,14:36:12,卖,99.3450,1.0,9.93,99.3488,mm
4,14:36:16,买,99.3450,1.0,9.93,99.3460,mm
4,14:36:22,买,99.3450,1.0,9.93,99.3444,mm
4,14:36:28,买,99.3450,1.0,9.93,99.3488,mm
4,14:36:29,卖,99.3600,1.0,9.94,99.3545,mm
4,14:36:38,买,99.3350,1.0,9.93,99.3357,mm
4,14:37:02,卖,99.3800,1.0,9.94,99.3767,mm
4,14:37:10,卖,99.3900,1.0,9.94,99.3872,mm
4,14:37:12,卖,99.4000,1.0,9.94,99.3966,mm
4,14:37:17,买,99.3750,1.0,9.94,99.3797,mm
4,14:37:25,买,99.3750,1.0,9.94,99.3789,mm
4,14:37:29,买,99.3650,1.0,9.94,99.3655,mm
4,14:37:30,买,99.3550,1.0,9.94,99.3578,mm
4,14:37:32,卖,99.3700,1.0,9.94,99.3688,mm
4,14:37:39,卖,99.3800,1.0,9.94,99.3813,mm
4,14:37:44,买,99.3700,1.0,9.94,99.3697,mm
4,14:37:55,卖,99.3650,1.0,9.94,99.3604,mm
4,14:38:06,买,99.3850,1.0,9.94,99.3883,mm
4,14:38:17,卖,99.4150,1.0,9.94,99.4103,mm
4,14:38:18,卖,99.4250,1.0,9.94,99.4221,mm
4,14:38:20,卖,99.4400,1.0,9.94,99.4366,mm
4,14:38:23,买,99.4250,1.0,9.94,99.4273,mm
4,14:38:35,买,99.4500,1.0,9.95,99.4551,mm
4,14:38:36,买,99.4400,1.0,9.94,99.4460,mm
4,14:38:47,买,99.4400,1.0,9.94,99.4458,mm
4,14:38:53,卖,99.4650,1.0,9.95,99.4599,mm
4,14:38:58,卖,99.4450,1.0,9.94,99.4399,mm
4,14:39:06,卖,99.4550,1.0,9.95,99.4548,mm
4,14:39:08,买,99.4400,1.0,9.94,99.4445,mm
4,14:39:18,卖,99.4600,1.0,9.95,99.4575,mm
4,14:39:20,卖,99.4650,1.0,9.95,99.4643,mm
4,14:39:25,买,99.4650,1.0,9.95,99.4709,mm
4,14:39:35,卖,99.4600,1.0,9.95,99.4566,mm
4,14:39:37,卖,99.4750,1.0,9.95,99.4712,mm
4,14:39:39,买,99.4550,1.0,9.95,99.4557,mm
4,14:39:41,买,99.4450,1.0,9.94,99.4510,mm
4,14:39:47,买,99.4550,1.0,9.95,99.4596,mm
4,14:39:50,卖,99.4550,1.0,9.95,99.4528,mm
4,14:39:54,卖,99.4550,1.0,9.95,99.4505,mm
4,14:40:02,买,99.4450,1.0,9.94,99.4473,mm
4,14:40:13,买,99.4650,1.0,9.95,99.4705,mm
4,14:40:31,买,99.4700,1.0,9.95,99.4703,mm
4,14:40:43,卖,99.4850,1.0,9.95,99.4797,mm
4,14:40:50,买,99.4550,1.0,9.95,99.4600,mm
4,14:41:02,卖,99.4800,1.0,9.95,99.4784,mm
4,14:41:02,买,99.4650,1.0,9.95,99.4632,mm
4,14:41:04,买,99.4450,1.0,9.94,99.4438,mm
4,14:41:13,卖,99.4350,1.0,9.94,99.4323,mm
4,14:41:21,卖,99.4300,1.0,9.94,99.4169,mm
4,14:41:51,买,99.4500,1.0,9.95,99.4447,mm
4,14:41:57,买,99.4250,1.0,9.94,99.4312,mm
4,14:41:58,卖,99.4450,1.0,9.94,99.4390,mm
4,14:42:02,买,99.4300,1.0,9.94,99.4351,mm
4,14:42:04,卖,99.4500,1.0,9.95,99.4466,mm
4,14:42:08,卖,99.4500,1.0,9.95,99.4469,mm
4,14:42:14,卖,99.4650,1.0,9.95,99.4601,mm
4,14:42:22,买,99.4600,1.0,9.95,99.4646,mm
4,14:42:24,卖,99.4750,1.0,9.95,99.4709,mm
4,14:42:32,买,99.4600,1.0,9.95,99.4690,mm
4,14:42:38,卖,99.4950,1.0,9.95,99.4910,mm
4,14:42:42,买,99.4850,1.0,9.95,99.4901,mm
4,14:42:47,买,99.4650,1.0,9.95,99.4686,mm
4,14:42:49,卖,99.4700,1.0,9.95,99.4674,mm
4,14:42:50,买,99.4550,1.0,9.95,99.4588,mm
4,14:42:56,卖,99.4750,1.0,9.95,99.4746,mm
4,14:43:13,买,99.4750,1.0,9.95,99.4741,mm
4,14:43:32,买,99.4350,1.0,9.94,99.4387,mm
4,14:43:32,卖,99.4500,1.0,9.95,99.4466,mm
4,14:43:37,买,99.4450,1.0,9.94,99.4442,mm
4,14:43:45,卖,99.4750,1.0,9.95,99.4731,mm
4,14:43:48,买,99.4400,1.0,9.94,99.4416,mm
4,14:43:56,卖,99.4400,1.0,9.94,99.4352,mm
4,14:44:18,买,99.4550,1.0,9.95,99.4598,mm
4,14:44:27,卖,99.4800,1.0,9.95,99.4753,mm
4,14:44:33,卖,99.4700,1.0,9.95,99.4671,mm
4,14:44:49,买,99.4550,1.0,9.95,99.4570,mm
4,14:44:58,卖,99.4450,1.0,9.94,99.4397,mm
4,14:45:00,卖,99.4800,1.0,9.95,99.4750,mm
4,14:45:13,卖,99.5000,1.0,9.95,99.4973,mm
4,14:45:14,买,99.4850,1.0,9.95,99.4886,mm
4,14:45:21,买,99.4850,1.0,9.95,99.4909,mm
4,14:45:22,买,99.4750,1.0,9.95,99.4746,mm
4,14:45:25,卖,99.4850,1.0,9.95,99.4789,mm
4,14:45:35,买,99.4900,1.0,9.95,99.4954,mm
4,14:45:44,买,99.4750,1.0,9.95,99.4775,mm
4,14:45:58,买,99.4850,1.0,9.95,99.4907,mm
4,14:46:06,卖,99.4950,1.0,9.95,99.4847,mm
4,14:46:09,买,99.4750,1.0,9.95,99.4726,mm
4,14:46:11,买,99.4600,1.0,9.95,99.4622,mm
4,14:46:15,卖,99.4700,1.0,9.95,99.4754,mm
4,14:46:23,买,99.4650,1.0,9.95,99.4702,mm
4,14:46:32,卖,99.4600,1.0,9.95,99.4549,mm
4,14:46:40,卖,99.4850,1.0,9.95,99.4789,mm
4,14:46:41,买,99.4650,1.0,9.95,99.4698,mm
4,14:46:42,买,99.4500,1.0,9.95,99.4553,mm
4,14:46:49,卖,99.4850,1.0,9.95,99.4788,mm
4,14:46:51,买,99.4650,1.0,9.95,99.4703,mm
4,14:46:56,买,99.4500,1.0,9.95,99.4544,mm
4,14:46:58,卖,99.4650,1.0,9.95,99.4614,mm
4,14:46:59,买,99.4450,1.0,9.94,99.4506,mm
4,14:47:00,卖,99.4600,1.0,9.95,99.4573,mm
4,14:47:07,卖,99.4700,1.0,9.95,99.4653,mm
4,14:47:10,卖,99.4750,1.0,9.95,99.4706,mm
4,14:47:14,买,99.4550,1.0,9.95,99.4595,mm
4,14:47:17,卖,99.4800,1.0,9.95,99.4744,mm
4,14:47:35,卖,99.5000,1.0,9.95,99.5102,mm
4,14:47:45,卖,99.5400,1.0,9.95,99.5373,mm
4,14:47:52,卖,99.5650,1.0,9.96,99.5612,mm
4,14:47:57,买,99.5450,1.0,9.95,99.5509,mm
4,14:48:05,卖,99.5700,1.0,9.96,99.5652,mm
4,14:48:12,卖,99.5750,1.0,9.96,99.5740,mm
4,14:48:16,买,99.5750,1.0,9.96,99.5746,mm
4,14:48:33,卖,99.5950,1.0,9.96,99.5928,mm
4,14:48:39,卖,99.5800,1.0,9.96,99.5840,mm
4,14:48:55,卖,99.6300,1.0,9.96,99.6246,mm
4,14:48:58,买,99.6100,1.0,9.96,99.6108,mm
4,14:48:59,卖,99.6250,1.0,9.96,99.6228,mm
4,14:49:02,买,99.6100,1.0,9.96,99.6159,mm
4,14:49:04,买,99.6000,1.0,9.96,99.6054,mm
4,14:49:06,买,99.5900,1.0,9.96,99.5960,mm
4,14:49:09,买,99.5900,1.0,9.96,99.5945,mm
4,14:49:12,买,99.5950,1.0,9.96,99.6002,mm
4,14:49:16,买,99.5800,1.0,9.96,99.5755,mm
4,14:49:18,买,99.5800,1.0,9.96,99.5816,mm
4,14:49:25,卖,99.5800,1.0,9.96,99.5755,mm
4,14:49:28,卖,99.5850,1.0,9.96,99.5851,mm
4,14:49:48,卖,99.6250,1.0,9.96,99.6257,mm
4,14:50:09,买,99.6200,1.0,9.96,99.6257,mm
4,14:50:10,卖,99.6450,1.0,9.96,99.6395,mm
4,14:50:16,卖,99.6700,1.0,9.97,99.6617,mm
4,14:50:19,卖,99.6650,1.0,9.97,99.6620,mm
4,14:50:27,买,99.6650,1.0,9.97,99.6641,mm
4,14:50:32,卖,99.6850,1.0,9.97,99.6881,mm
4,14:50:34,卖,99.7050,1.0,9.97,99.7013,mm
4,14:50:38,买,99.6950,1.0,9.97,99.7008,mm
4,14:50:39,买,99.6900,1.0,9.97,99.6896,mm
4,14:50:45,买,99.6800,1.0,9.97,99.6824,mm
4,14:50:46,卖,99.6950,1.0,9.97,99.6898,mm
4,14:51:07,卖,99.7000,1.0,9.97,99.6969,mm
4,14:51:08,卖,99.7150,1.0,9.97,99.7090,mm
4,14:51:32,买,99.6950,1.0,9.97,99.6957,mm
4,14:51:34,买,99.6900,1.0,9.97,99.6939,mm
4,14:51:36,买,99.6750,1.0,9.97,99.6807,mm
4,14:51:56,买,99.7200,1.0,9.97,99.7249,mm
4,14:52:05,卖,99.7050,1.0,9.97,99.7012,mm
4,14:52:08,卖,99.7100,1.0,9.97,99.7041,mm
4,14:52:16,买,99.6950,1.0,9.97,99.7073,mm
4,14:52:17,卖,99.7200,1.0,9.97,99.7158,mm
4,14:52:18,卖,99.7300,1.0,9.97,99.7242,mm
4,14:52:22,卖,99.7450,1.0,9.97,99.7380,mm
4,14:52:48,买,99.7100,1.0,9.97,99.7120,mm
4,14:53:10,买,99.7100,1.0,9.97,99.7158,mm
4,14:53:14,买,99.7000,1.0,9.97,99.7020,mm
4,14:53:23,买,99.6800,1.0,9.97,99.6859,mm
4,14:53:26,买,99.6750,1.0,9.97,99.6759,mm
4,14:53:52,买,99.6750,1.0,9.97,99.6758,mm
4,14:54:04,卖,99.7200,1.0,9.97,99.7226,mm
4,14:54:07,买,99.7050,1.0,9.97,99.7066,mm
4,14:54:11,买,99.6950,1.0,9.97,99.6949,mm
4,14:54:14,卖,99.7150,1.0,9.97,99.7161,mm
4,14:54:16,卖,99.7350,1.0,9.97,99.7314,mm
4,14:54:18,卖,99.7450,1.0,9.97,99.7390,mm
4,14:54:37,卖,99.7650,1.0,9.98,99.7551,mm
4,14:54:43,买,99.7550,1.0,9.98,99.7643,mm
4,14:54:44,买,99.7550,1.0,9.98,99.7658,mm
4,14:54:45,买,99.7500,1.0,9.98,99.7508,mm
4,14:54:51,买,99.7400,1.0,9.97,99.7461,mm
4,14:54:53,卖,99.7550,1.0,9.98,99.7608,mm
4,14:54:54,卖,99.7700,1.0,9.98,99.7677,mm
4,14:54:57,卖,99.7750,1.0,9.98,99.7673,mm
4,14:54:59,卖,99.7900,1.0,9.98,99.7754,mm
4,14:55:01,卖,99.7750,1.0,9.98,99.7662,mm
4,14:55:06,卖,99.7750,1.0,9.98,99.7641,mm
4,14:55:17,卖,99.7700,1.0,9.98,99.7678,mm
4,14:55:31,买,99.7700,1.0,9.98,99.7744,mm
4,14:55:33,卖,99.7950,1.0,9.98,99.7916,mm
4,14:55:38,卖,99.8150,1.0,9.98,99.8090,mm
4,14:55:39,买,99.8000,1.0,9.98,99.8040,mm
4,14:55:45,买,99.8050,1.0,9.98,99.8108,mm
4,14:55:48,卖,99.8350,1.0,9.98,99.8204,mm
4,14:55:49,卖,99.8350,1.0,9.98,99.8265,mm
4,14:56:00,买,99.8350,1.0,9.98,99.8401,mm
4,14:56:05,卖,99.8400,1.0,9.98,99.8385,mm
4,14:56:26,买,99.8400,1.0,9.98,99.8403,mm
4,14:56:33,买,99.8150,1.0,9.98,99.8208,mm
4,14:56:40,买,99.8350,1.0,9.98,99.8352,mm
4,14:56:49,卖,99.8450,1.0,9.98,99.8317,mm
4,14:56:51,买,99.8200,1.0,9.98,99.8243,mm
4,14:57:07,卖,99.8600,1.0,9.99,99.8650,mm
4,14:57:12,买,99.8750,1.0,9.99,99.8796,mm
4,14:57:30,买,99.8850,1.0,9.99,99.8907,mm
4,14:57:41,卖,99.8900,1.0,9.99,99.8838,mm
4,14:57:44,卖,99.9000,1.0,9.99,99.9013,mm
4,14:57:45,买,99.8850,1.0,9.99,99.8885,mm
4,14:57:49,买,99.8850,1.0,9.99,99.8912,mm
4,14:58:19,买,99.8850,1.0,9.99,99.8837,mm
4,14:58:25,买,99.8900,1.0,9.99,99.8947,mm
4,14:58:35,卖,99.8950,1.0,9.99,99.8856,mm
4,14:59:14,卖,99.9000,1.0,9.99,99.8949,mm
4,14:59:19,买,99.8850,1.0,9.99,99.8910,mm
4,14:59:21,买,99.8850,1.0,9.99,99.8880,mm
4,14:59:41,买,99.8550,1.0,9.99,99.8589,mm
4,14:59:50,卖,99.8750,1.0,9.99,99.8748,mm
4,14:59:50,买,99.8600,1.0,9.99,99.8592,mm
4,14:59:59,卖,99.8800,1.0,9.99,99.8745,mm
4,15:00:04,卖,99.8750,1.0,9.99,99.8689,mm
4,15:00:07,卖,99.8550,1.0,9.99,99.8567,mm
5,09:15:03,卖,99.8800,1.0,9.99,99.8899,mm
5,09:15:13,卖,99.9050,1.0,9.99,99.9078,mm
5,09:15:23,买,99.9200,1.0,9.99,99.9259,mm
5,09:15:35,买,99.9500,1.0,10.00,99.9560,mm
5,09:15:44,买,99.9400,1.0,9.99,99.9418,mm
5,09:15:45,买,99.9250,1.0,9.99,99.9289,mm
5,09:15:50,卖,99.9350,1.0,9.99,99.9307,mm
5,09:15:55,卖,99.9500,1.0,10.00,99.9397,mm
5,09:15:58,买,99.9500,1.0,10.00,99.9511,mm
5,09:16:00,卖,99.9650,1.0,10.00,99.9589,mm
5,09:16:06,买,99.9400,1.0,9.99,99.9453,mm
5,09:16:13,买,99.9450,1.0,9.99,99.9506,mm
5,09:16:23,卖,99.9450,1.0,9.99,99.9414,mm
5,09:16:24,卖,99.9600,1.0,10.00,99.9574,mm
5,09:16:26,买,99.9350,1.0,9.99,99.9378,mm
5,09:16:29,卖,99.9500,1.0,10.00,99.9563,mm
5,09:16:37,卖,99.9600,1.0,10.00,99.9572,mm
5,09:16:39,买,99.9450,1.0,9.99,99.9499,mm
5,09:17:07,卖,99.9900,1.0,10.00,99.9809,mm
5,09:17:12,卖,99.9900,1.0,10.00,99.9776,mm
5,09:17:17,买,99.9500,1.0,10.00,99.9549,mm
5,09:17:21,卖,99.9700,1.0,10.00,99.9599,mm
5,09:17:45,卖,99.9550,1.0,10.00,99.9370,mm
5,09:17:46,卖,99.9550,1.0,10.00,99.9386,mm
5,09:17:53,卖,99.9400,1.0,9.99,99.9212,mm
5,09:17:54,买,99.9250,1.0,9.99,99.9329,mm
5,09:18:03,买,99.9300,1.0,9.99,99.9306,mm
5,09:18:13,买,99.9300,1.0,9.99,99.9309,mm
5,09:18:16,买,99.9350,1.0,9.99,99.9369,mm
5,09:18:21,卖,99.9700,1.0,10.00,99.9683,mm
5,09:18:25,买,99.9500,1.0,10.00,99.9553,mm
5,09:18:45,买,99.9550,1.0,10.00,99.9590,mm
5,09:18:50,卖,99.9750,1.0,10.00,99.9680,mm
5,09:18:57,买,99.9600,1.0,10.00,99.9653,mm
5,09:19:02,买,99.9450,1.0,9.99,99.9412,mm
5,09:19:10,卖,99.9500,1.0,10.00,99.9450,mm
5,09:19:17,买,99.9250,1.0,9.99,99.9263,mm
5,09:19:21,买,99.9050,1.0,9.99,99.9105,mm
5,09:19:27,卖,99.9350,1.0,9.99,99.9336,mm
5,09:19:33,卖,99.9350,1.0,9.99,99.9292,mm
5,09:19:44,买,99.9050,1.0,9.99,99.9038,mm
5,09:20:34,卖,99.8800,1.0,9.99,99.8841,mm
5,09:20:34,买,99.8700,1.0,9.99,99.8695,mm
5,09:20:52,卖,99.8650,1.0,9.99,99.8577,mm
5,09:21:00,卖,99.8850,1.0,9.99,99.8810,mm
5,09:21:03,买,99.8550,1.0,9.99,99.8589,mm
5,09:21:04,买,99.8450,1.0,9.98,99.8483,mm
5,09:21:08,卖,99.8650,1.0,9.99,99.8494,mm
5,09:21:10,卖,99.8650,1.0,9.99,99.8569,mm
5,09:21:11,卖,99.8750,1.0,9.99,99.8705,mm
5,09:21:16,买,99.8800,1.0,9.99,99.8813,mm
5,09:21:20,买,99.8900,1.0,9.99,99.8874,mm
5,09:21:37,买,99.8700,1.0,9.99,99.8755,mm
5,09:21:47,卖,99.8750,1.0,9.99,99.8703,mm
5,09:22:03,买,99.8600,1.0,9.99,99.8630,mm
5,09:22:04,买,99.8450,1.0,9.98,99.8462,mm
5,09:22:06,卖,99.8400,1.0,9.98,99.8404,mm
5,09:22:18,卖,99.8550,1.0,9.99,99.8504,mm
5,09:22:21,买,99.8300,1.0,9.98,99.8358,mm
5,09:22:41,卖,99.8650,1.0,9.99,99.8631,mm
5,09:22:50,卖,99.8750,1.0,9.99,99.8723,mm
5,09:22:52,买,99.8700,1.0,9.99,99.8739,mm
5,09:22:59,买,99.8500,1.0,9.99,99.8556,mm
5,09:23:02,卖,99.8650,1.0,9.99,99.8596,mm
5,09:23:07,卖,99.8750,1.0,9.99,99.8788,mm
5,09:23:13,买,99.8650,1.0,9.99,99.8697,mm
5,09:23:28,买,99.8650,1.0,9.99,99.8702,mm
5,09:23:38,买,99.8400,1.0,9.98,99.8451,mm
5,09:23:41,卖,99.8700,1.0,9.99,99.8735,mm
5,09:23:46,卖,99.8800,1.0,9.99,99.8721,mm
5,09:23:47,买,99.8550,1.0,9.99,99.8597,mm
5,09:24:03,卖,99.8400,1.0,9.98,99.8338,mm
5,09:24:10,卖,99.8400,1.0,9.98,99.8339,mm
5,09:24:15,买,99.8250,1.0,9.98,99.8331,mm
5,09:24:16,卖,99.8350,1.0,9.98,99.8299,mm
5,09:24:24,卖,99.8800,1.0,9.99,99.8693,mm
5,09:24:26,买,99.8600,1.0,9.99,99.8654,mm
5,09:24:28,买,99.8550,1.0,9.99,99.8603,mm
5,09:24:54,买,99.8800,1.0,9.99,99.8833,mm
5,09:24:59,卖,99.8950,1.0,9.99,99.8897,mm
5,09:25:04,买,99.8900,1.0,9.99,99.8930,mm
5,09:25:09,卖,99.8950,1.0,9.99,99.8962,mm
5,09:25:24,买,99.9000,1.0,9.99,99.9043,mm
5,09:25:53,买,99.8750,1.0,9.99,99.8787,mm
5,09:26:20,卖,99.8200,1.0,9.98,99.8163,mm
5,09:26:30,卖,99.7900,1.0,9.98,99.7916,mm
5,09:27:07,卖,99.7900,1.0,9.98,99.7830,mm
5,09:27:10,买,99.7850,1.0,9.98,99.7841,mm
5,09:27:41,买,99.7850,1.0,9.98,99.7856,mm
5,09:27:43,卖,99.7850,1.0,9.98,99.7756,mm
5,09:28:03,买,99.7550,1.0,9.98,99.7587,mm
5,09:28:11,卖,99.7500,1.0,9.98,99.7526,mm
5,09:28:24,卖,99.7650,1.0,9.98,99.7642,mm
5,09:28:26,买,99.7600,1.0,9.98,99.7651,mm
5,09:28:39,买,99.7800,1.0,9.98,99.7842,mm
5,09:28:43,卖,99.8000,1.0,9.98,99.7971,mm
5,09:28:44,卖,99.8100,1.0,9.98,99.8063,mm
5,09:28:47,买,99.7850,1.0,9.98,99.7828,mm
5,09:28:56,卖,99.7900,1.0,9.98,99.7810,mm
5,09:29:12,买,99.8000,1.0,9.98,99.8012,mm
5,09:29:13,卖,99.8200,1.0,9.98,99.8061,mm
5,09:29:35,买,99.8000,1.0,9.98,99.8059,mm
5,09:29:36,买,99.7900,1.0,9.98,99.7954,mm
5,09:29:40,卖,99.8050,1.0,9.98,99.8033,mm
5,09:29:52,买,99.7850,1.0,9.98,99.7906,mm
5,09:29:59,卖,99.8250,1.0,9.98,99.8199,mm
5,09:30:01,买,99.8050,1.0,9.98,99.8106,mm
5,09:30:10,卖,99.8150,1.0,9.98,99.8148,mm
5,09:30:14,买,99.8000,1.0,9.98,99.8057,mm
5,09:30:17,卖,99.8100,1.0,9.98,99.8013,mm
5,09:30:45,卖,99.8750,1.0,9.99,99.8763,mm
5,09:30:47,买,99.8800,1.0,9.99,99.8861,mm
5,09:30:55,买,99.8650,1.0,9.99,99.8667,mm
5,09:30:59,卖,99.8750,1.0,9.99,99.8706,mm
5,09:31:01,买,99.8550,1.0,9.99,99.8517,mm
5,09:31:03,卖,99.8550,1.0,9.99,99.8531,mm
5,09:31:08,卖,99.8700,1.0,9.99,99.8710,mm
5,09:31:11,买,99.8600,1.0,9.99,99.8607,mm
5,09:31:13,买,99.8500,1.0,9.99,99.8523,mm
5,09:31:16,卖,99.8650,1.0,9.99,99.8592,mm
5,09:31:24,买,99.8400,1.0,9.98,99.8404,mm
5,09:31:26,卖,99.8450,1.0,9.98,99.8428,mm
5,09:31:28,买,99.8200,1.0,9.98,99.8213,mm
5,09:31:30,卖,99.8300,1.0,9.98,99.8287,mm
5,09:31:32,卖,99.8450,1.0,9.98,99.8396,mm
5,09:31:42,买,99.8450,1.0,9.98,99.8501,mm
5,09:31:47,卖,99.8850,1.0,9.99,99.8865,mm
5,09:31:52,买,99.8950,1.0,9.99,99.9001,mm
5,09:32:09,卖,99.9200,1.0,9.99,99.9173,mm
5,09:32:14,买,99.9100,1.0,9.99,99.9146,mm
5,09:32:15,卖,99.9300,1.0,9.99,99.9239,mm
5,09:32:22,买,99.9100,1.0,9.99,99.9083,mm
5,09:32:36,卖,99.9300,1.0,9.99,99.9229,mm
5,09:32:40,买,99.9300,1.0,9.99,99.9353,mm
5,09:32:41,卖,99.9500,1.0,10.00,99.9523,mm
5,09:32:44,买,99.9450,1.0,9.99,99.9493,mm
5,09:32:47,卖,99.9650,1.0,10.00,99.9636,mm
5,09:32:49,买,99.9600,1.0,10.00,99.9650,mm
5,09:33:05,买,99.9500,1.0,10.00,99.9556,mm
5,09:33:06,卖,99.9650,1.0,10.00,99.9559,mm
5,09:33:28,买,99.9400,1.0,9.99,99.9402,mm
5,09:33:30,卖,99.9450,1.0,9.99,99.9420,mm
5,09:33:34,买,99.9150,1.0,9.99,99.9194,mm
5,09:33:39,卖,99.9300,1.0,9.99,99.9241,mm
5,09:33:40,买,99.9100,1.0,9.99,99.9160,mm
5,09:33:45,卖,99.9200,1.0,9.99,99.9191,mm
5,09:34:08,买,99.9400,1.0,9.99,99.9425,mm
5,09:34:26,卖,99.9400,1.0,9.99,99.9358,mm
5,09:34:37,买,99.9400,1.0,9.99,99.9461,mm
5,09:34:48,卖,99.9600,1.0,10.00,99.9553,mm
5,09:35:02,买,99.9100,1.0,9.99,99.9123,mm
5,09:35:29,卖,99.8700,1.0,9.99,99.8663,mm
5,09:35:35,卖,99.9150,1.0,9.99,99.9042,mm
5,09:35:42,买,99.8650,1.0,9.99,99.8603,mm
5,09:36:19,卖,99.8200,1.0,9.98,99.8155,mm
5,09:36:20,买,99.8050,1.0,9.98,99.8073,mm
5,09:37:36,卖,99.8600,1.0,9.99,99.8547,mm
5,09:37:39,买,99.8550,1.0,9.99,99.8562,mm
5,09:38:02,卖,99.8350,1.0,9.98,99.8332,mm
5,09:38:04,买,99.8250,1.0,9.98,99.8310,mm
5,09:38:15,卖,99.8550,1.0,9.99,99.8447,mm
5,09:38:16,买,99.8400,1.0,9.98,99.8377,mm
5,09:38:31,卖,99.8300,1.0,9.98,99.8263,mm
5,09:38:46,卖,99.8700,1.0,9.99,99.8642,mm
5,09:38:47,买,99.8600,1.0,9.99,99.8639,mm
5,09:38:59,买,99.8300,1.0,9.98,99.8334,mm
5,09:39:04,买,99.8400,1.0,9.98,99.8412,mm
5,09:39:30,卖,99.8800,1.0,9.99,99.8743,mm
5,09:39:47,买,99.8150,1.0,9.98,99.8188,mm
5,09:39:48,卖,99.8300,1.0,9.98,99.8264,mm
5,09:40:20,卖,99.8550,1.0,9.99,99.8516,mm
5,09:40:21,买,99.8450,1.0,9.98,99.8453,mm
5,09:40:41,卖,99.8350,1.0,9.98,99.8293,mm
5,09:40:50,买,99.8350,1.0,9.98,99.8374,mm
5,09:40:58,买,99.8350,1.0,9.98,99.8389,mm
5,09:41:01,卖,99.8450,1.0,9.98,99.8479,mm
5,09:41:02,买,99.8300,1.0,9.98,99.8351,mm
5,09:41:03,卖,99.8350,1.0,9.98,99.8330,mm
5,09:42:04,卖,99.8350,1.0,9.98,99.8322,mm
5,09:42:11,买,99.8400,1.0,9.98,99.8462,mm
5,09:42:13,买,99.8250,1.0,9.98,99.8289,mm
5,09:42:13,卖,99.8400,1.0,9.98,99.8349,mm
5,09:42:16,买,99.8250,1.0,9.98,99.8258,mm
5,09:42:18,卖,99.8300,1.0,9.98,99.8269,mm
5,09:42:53,卖,99.8400,1.0,9.98,99.8447,mm
5,09:42:55,买,99.8300,1.0,9.98,99.8358,mm
5,09:43:04,买,99.8250,1.0,9.98,99.8273,mm
5,09:43:08,卖,99.8300,1.0,9.98,99.8277,mm
5,09:43:25,买,99.8250,1.0,9.98,99.8252,mm
5,09:43:29,卖,99.8250,1.0,9.98,99.8192,mm
5,09:43:31,卖,99.8350,1.0,9.98,99.8298,mm
5,09:43:36,买,99.8200,1.0,9.98,99.8240,mm
5,09:43:44,买,99.8250,1.0,9.98,99.8292,mm
5,09:43:45,卖,99.8350,1.0,9.98,99.8320,mm
5,09:44:34,买,99.8750,1.0,9.99,99.8792,mm
5,09:44:43,卖,99.8800,1.0,9.99,99.8828,mm
5,09:44:47,卖,99.8950,1.0,9.99,99.8891,mm
5,09:44:54,买,99.8900,1.0,9.99,99.8936,mm
5,09:45:04,卖,99.8900,1.0,9.99,99.8851,mm
5,09:45:08,买,99.8750,1.0,9.99,99.8771,mm
5,09:45:14,卖,99.8700,1.0,9.99,99.8585,mm
5,09:45:26,买,99.8700,1.0,9.99,99.8754,mm
5,09:46:02,买,99.8800,1.0,9.99,99.8840,mm
5,09:46:06,卖,99.9050,1.0,9.99,99.9030,mm
5,09:46:20,买,99.9050,1.0,9.99,99.9051,mm
5,09:46:24,卖,99.9150,1.0,9.99,99.9190,mm
5,09:46:43,卖,99.9250,1.0,9.99,99.9233,mm
5,09:46:51,买,99.8800,1.0,9.99,99.8845,mm
5,09:47:03,买,99.8550,1.0,9.99,99.8602,mm
5,09:47:13,卖,99.8450,1.0,9.98,99.8414,mm
5,09:47:22,买,99.8200,1.0,9.98,99.8195,mm
5,09:47:25,买,99.8000,1.0,9.98,99.8016,mm
5,09:47:34,卖,99.8100,1.0,9.98,99.8130,mm
5,09:47:36,卖,99.8150,1.0,9.98,99.8091,mm
5,09:47:37,卖,99.8250,1.0,9.98,99.8146,mm
5,09:47:52,买,99.8000,1.0,9.98,99.8058,mm
5,09:48:05,买,99.7750,1.0,9.98,99.7806,mm
5,09:48:07,卖,99.7900,1.0,9.98,99.7927,mm
5,09:48:08,卖,99.8100,1.0,9.98,99.8085,mm
5,09:48:15,买,99.8050,1.0,9.98,99.8088,mm
5,09:48:30,卖,99.8350,1.0,9.98,99.8244,mm
5,09:49:11,买,99.8400,1.0,9.98,99.8438,mm
5,09:49:16,卖,99.8450,1.0,9.98,99.8375,mm
5,09:49:21,买,99.8300,1.0,9.98,99.8383,mm
5,09:49:22,买,99.8250,1.0,9.98,99.8308,mm
5,09:49:32,卖,99.8250,1.0,9.98,99.8213,mm
5,09:49:43,买,99.8050,1.0,9.98,99.8146,mm
5,09:50:03,卖,99.8150,1.0,9.98,99.8094,mm
5,09:50:06,买,99.7900,1.0,9.98,99.7929,mm
5,09:50:10,买,99.7600,1.0,9.98,99.7652,mm
5,09:50:15,卖,99.7900,1.0,9.98,99.7916,mm
5,09:50:23,卖,99.8000,1.0,9.98,99.7925,mm
5,09:50:57,买,99.8000,1.0,9.98,99.8004,mm
5,09:51:15,卖,99.8250,1.0,9.98,99.8279,mm
5,09:51:24,买,99.8200,1.0,9.98,99.8219,mm
5,09:51:35,卖,99.8400,1.0,9.98,99.8282,mm
5,09:51:53,卖,99.8600,1.0,9.99,99.8463,mm
5,09:51:59,买,99.8500,1.0,9.99,99.8672,mm
5,09:52:05,卖,99.8700,1.0,9.99,99.8673,mm
5,09:52:11,买,99.8450,1.0,9.98,99.8500,mm
5,09:52:21,卖,99.8850,1.0,9.99,99.8874,mm
5,09:52:34,买,99.8750,1.0,9.99,99.8792,mm
5,09:53:27,卖,99.9450,1.0,9.99,99.9383,mm
5,09:53:39,买,99.9200,1.0,9.99,99.9261,mm
5,09:53:41,买,99.9150,1.0,9.99,99.9197,mm
5,09:53:42,买,99.9000,1.0,9.99,99.9058,mm
5,09:53:55,卖,99.8900,1.0,9.99,99.8983,mm
5,09:54:00,卖,99.8950,1.0,9.99,99.8898,mm
5,09:54:13,卖,99.8900,1.0,9.99,99.8941,mm
5,09:54:21,买,99.8850,1.0,9.99,99.8888,mm
5,09:54:32,买,99.9000,1.0,9.99,99.9052,mm
5,09:54:41,卖,99.9250,1.0,9.99,99.9304,mm
5,09:54:52,买,99.9150,1.0,9.99,99.9204,mm
5,09:54:54,卖,99.9350,1.0,9.99,99.9391,mm
5,09:55:00,卖,99.9400,1.0,9.99,99.9260,mm
5,09:55:03,买,99.9150,1.0,9.99,99.9209,mm
5,09:55:32,卖,99.9550,1.0,10.00,99.9492,mm
5,09:55:37,买,99.9550,1.0,10.00,99.9611,mm
5,09:56:02,买,99.9500,1.0,10.00,99.9495,mm
5,09:56:07,卖,99.9600,1.0,10.00,99.9580,mm
5,09:56:10,卖,99.9700,1.0,10.00,99.9616,mm
5,09:56:12,买,99.9500,1.0,10.00,99.9498,mm
5,09:56:32,买,99.9450,1.0,9.99,99.9505,mm
5,09:56:41,卖,99.9650,1.0,10.00,99.9589,mm
5,09:56:50,买,99.9400,1.0,9.99,99.9437,mm
5,09:57:09,卖,99.9500,1.0,10.00,99.9460,mm
5,09:57:13,买,99.9200,1.0,9.99,99.9243,mm
5,09:57:29,卖,99.9300,1.0,9.99,99.9344,mm
5,09:57:40,买,99.9350,1.0,9.99,99.9408,mm
5,09:57:42,卖,99.9500,1.0,10.00,99.9378,mm
5,09:57:46,买,99.9300,1.0,9.99,99.9335,mm
5,09:57:47,卖,99.9500,1.0,10.00,99.9525,mm
5,09:57:48,卖,99.9650,1.0,10.00,99.9573,mm
5,09:57:51,买,99.9450,1.0,9.99,99.9487,mm
5,09:57:58,买,99.9450,1.0,9.99,99.9485,mm
5,09:58:02,卖,99.9600,1.0,10.00,99.9566,mm
5,09:58:18,卖,99.9650,1.0,10.00,99.9609,mm
5,09:58:19,卖,99.9700,1.0,10.00,99.9529,mm
5,09:58:27,卖,99.9850,1.0,10.00,99.9629,mm
5,09:58:35,买,99.9550,1.0,10.00,99.9514,mm
5,09:58:37,买,99.9400,1.0,9.99,99.9406,mm
5,09:58:41,买,99.9200,1.0,9.99,99.9227,mm
5,09:58:47,卖,99.9400,1.0,9.99,99.9404,mm
5,09:58:52,买,99.9550,1.0,10.00,99.9606,mm
5,09:59:21,卖,99.9700,1.0,10.00,99.9615,mm
5,09:59:26,买,99.9700,1.0,10.00,99.9754,mm
5,09:59:32,买,99.9600,1.0,10.00,99.9659,mm
5,09:59:41,卖,100.0050,1.0,10.00,100.0089,mm
5,09:59:51,买,99.9750,1.0,10.00,99.9808,mm
5,10:00:06,卖,99.9950,1.0,10.00,99.9891,mm
5,10:00:10,卖,100.0200,1.0,10.00,100.0094,mm
5,10:00:27,买,100.0400,1.0,10.00,100.0448,mm
5,10:00:28,卖,100.0600,1.0,10.01,100.0504,mm
5,10:01:00,买,100.0500,1.0,10.01,100.0543,mm
5,10:01:01,买,100.0400,1.0,10.00,100.0441,mm
5,10:01:09,卖,100.0550,1.0,10.01,100.0583,mm
5,10:01:14,卖,100.0700,1.0,10.01,100.0660,mm
5,10:01:15,买,100.0550,1.0,10.01,100.0563,mm
5,10:01:19,买,100.0400,1.0,10.00,100.0459,mm
5,10:01:44,卖,100.0550,1.0,10.01,100.0519,mm
5,10:01:50,买,100.0250,1.0,10.00,100.0281,mm
5,10:02:23,卖,100.0150,1.0,10.00,100.0194,mm
5,10:02:26,卖,100.0300,1.0,10.00,100.0192,mm
5,10:02:32,买,100.0250,1.0,10.00,100.0307,mm
5,10:02:51,卖,100.0300,1.0,10.00,100.0243,mm
5,10:02:57,买,100.0050,1.0,10.00,100.0094,mm
5,10:03:03,卖,100.0200,1.0,10.00,100.0054,mm
5,10:03:16,买,100.0200,1.0,10.00,100.0253,mm
5,10:03:32,买,100.0150,1.0,10.00,100.0180,mm
5,10:03:44,卖,100.0100,1.0,10.00,100.0113,mm
5,10:03:58,买,99.9700,1.0,10.00,99.9725,mm
5,10:04:00,卖,99.9800,1.0,10.00,99.9760,mm
5,10:04:06,卖,100.0000,1.0,10.00,99.9871,mm
5,10:04:21,买,100.0000,1.0,10.00,100.0033,mm
5,10:04:46,买,99.9950,1.0,10.00,100.0002,mm
5,10:04:48,卖,100.0050,1.0,10.00,100.0006,mm
5,10:04:50,买,99.9850,1.0,10.00,99.9905,mm
5,10:04:53,卖,100.0050,1.0,10.00,100.0094,mm
5,10:04:55,卖,100.0200,1.0,10.00,100.0089,mm
5,10:05:03,买,99.9950,1.0,10.00,99.9993,mm
5,10:05:06,买,99.9750,1.0,10.00,99.9730,mm
5,10:05:27,卖,99.9550,1.0,10.00,99.9570,mm
5,10:05:29,买,99.9450,1.0,9.99,99.9492,mm
5,10:05:40,卖,99.9400,1.0,9.99,99.9339,mm
5,10:05:44,卖,99.9400,1.0,9.99,99.9419,mm
5,10:05:46,买,99.9250,1.0,9.99,99.9259,mm
5,10:05:48,卖,99.9350,1.0,9.99,99.9198,mm
5,10:05:50,买,99.8950,1.0,9.99,99.8935,mm
5,10:07:01,买,99.8450,1.0,9.98,99.8435,mm
5,10:07:16,卖,99.8300,1.0,9.98,99.8264,mm
5,10:07:32,买,99.8350,1.0,9.98,99.8401,mm
5,10:07:43,卖,99.8400,1.0,9.98,99.8345,mm
5,10:07:52,买,99.8400,1.0,9.98,99.8436,mm
5,10:08:01,卖,99.8550,1.0,9.99,99.8490,mm
5,10:08:27,买,99.8000,1.0,9.98,99.8038,mm
5,10:08:32,卖,99.8200,1.0,9.98,99.8159,mm
5,10:08:35,买,99.8000,1.0,9.98,99.8051,mm
5,10:08:48,卖,99.8150,1.0,9.98,99.8113,mm
5,10:08:54,买,99.8350,1.0,9.98,99.8390,mm
5,10:08:57,卖,99.8500,1.0,9.99,99.8449,mm
5,10:09:14,买,99.8450,1.0,9.98,99.8423,mm
5,10:09:29,卖,99.8450,1.0,9.98,99.8392,mm
5,10:09:39,买,99.8100,1.0,9.98,99.8140,mm
5,10:09:54,卖,99.8200,1.0,9.98,99.8182,mm
5,10:10:13,卖,99.8600,1.0,9.99,99.8540,mm
5,10:10:13,买,99.8450,1.0,9.98,99.8483,mm
5,10:10:18,卖,99.8700,1.0,9.99,99.8729,mm
5,10:10:30,买,99.8700,1.0,9.99,99.8750,mm
5,10:10:41,买,99.8650,1.0,9.99,99.8712,mm
5,10:10:50,卖,99.8400,1.0,9.98,99.8331,mm
5,10:11:09,买,99.8100,1.0,9.98,99.8093,mm
5,10:11:10,卖,99.8250,1.0,9.98,99.8224,mm
5,10:11:24,买,99.8000,1.0,9.98,99.8061,mm
5,10:11:34,卖,99.8150,1.0,9.98,99.8091,mm
5,10:11:43,卖,99.8150,1.0,9.98,99.8140,mm
5,10:11:50,买,99.8050,1.0,9.98,99.8057,mm
5,10:12:00,卖,99.7950,1.0,9.98,99.7988,mm
5,10:12:22,买,99.8450,1.0,9.98,99.8447,mm
5,10:12:24,卖,99.8600,1.0,9.99,99.8488,mm
5,10:12:28,买,99.8450,1.0,9.98,99.8507,mm
5,10:12:39,买,99.8400,1.0,9.98,99.8377,mm
5,10:12:44,卖,99.8450,1.0,9.98,99.8407,mm
5,10:13:26,卖,99.8000,1.0,9.98,99.7941,mm
5,10:13:36,买,99.8050,1.0,9.98,99.8085,mm
5,10:13:50,卖,99.8400,1.0,9.98,99.8360,mm
5,10:13:55,买,99.8300,1.0,9.98,99.8325,mm
5,10:14:06,买,99.8250,1.0,9.98,99.8245,mm
5,10:14:25,卖,99.8300,1.0,9.98,99.8249,mm
5,10:14:29,卖,99.8350,1.0,9.98,99.8392,mm
5,10:14:37,买,99.8300,1.0,9.98,99.8355,mm
5,10:14:45,买,99.8150,1.0,9.98,99.8188,mm
5,10:14:52,卖,99.8450,1.0,9.98,99.8415,mm
5,10:15:28,卖,99.8750,1.0,9.99,99.8699,mm
5,10:15:29,卖,99.8800,1.0,9.99,99.8787,mm
5,10:15:34,买,99.8950,1.0,9.99,99.8947,mm
5,10:15:41,买,99.9050,1.0,9.99,99.9068,mm
5,10:16:01,卖,99.9050,1.0,9.99,99.8978,mm
5,10:16:02,买,99.8900,1.0,9.99,99.8897,mm
5,10:16:23,卖,99.9300,1.0,9.99,99.9245,mm
5,10:16:25,买,99.9100,1.0,9.99,99.9107,mm
5,10:16:52,卖,99.8750,1.0,9.99,99.8716,mm
5,10:17:16,买,99.8600,1.0,9.99,99.8609,mm
5,10:17:31,买,99.8650,1.0,9.99,99.8692,mm
5,10:17:35,卖,99.8850,1.0,9.99,99.8809,mm
5,10:17:35,卖,99.8950,1.0,9.99,99.8908,mm
5,10:17:38,买,99.8850,1.0,9.99,99.8897,mm
5,10:17:46,买,99.8650,1.0,9.99,99.8678,mm
5,10:17:59,卖,99.8850,1.0,9.99,99.8865,mm
5,10:18:04,卖,99.8900,1.0,9.99,99.8808,mm
5,10:18:09,买,99.8950,1.0,9.99,99.9003,mm
5,10:18:15,卖,99.9050,1.0,9.99,99.8990,mm
5,10:18:17,买,99.8900,1.0,9.99,99.8923,mm
5,10:18:31,买,99.8700,1.0,9.99,99.8749,mm
5,10:18:36,卖,99.9000,1.0,9.99,99.8949,mm
5,10:18:56,卖,99.9100,1.0,9.99,99.8977,mm
5,10:19:01,买,99.8800,1.0,9.99,99.8831,mm
5,10:19:10,买,99.8750,1.0,9.99,99.8784,mm
5,10:19:30,卖,99.8750,1.0,9.99,99.8600,mm
5,10:19:46,卖,99.8450,1.0,9.98,99.8455,mm
5,10:19:51,买,99.8400,1.0,9.98,99.8412,mm
5,10:19:56,买,99.8150,1.0,9.98,99.8181,mm
5,10:19:59,卖,99.8200,1.0,9.98,99.8155,mm
5,10:20:17,卖,99.8200,1.0,9.98,99.8074,mm
5,10:20:23,买,99.7850,1.0,9.98,99.7892,mm
5,10:20:29,卖,99.7950,1.0,9.98,99.7912,mm
5,10:20:31,买,99.7650,1.0,9.98,99.7631,mm
5,10:20:33,买,99.7550,1.0,9.98,99.7591,mm
5,10:20:38,卖,99.7550,1.0,9.98,99.7569,mm
5,10:20:41,买,99.7400,1.0,9.97,99.7461,mm
5,10:20:50,卖,99.7650,1.0,9.98,99.7656,mm
5,10:20:56,卖,99.7700,1.0,9.98,99.7663,mm
5,10:21:01,买,99.7900,1.0,9.98,99.7927,mm
5,10:21:17,卖,99.7900,1.0,9.98,99.7829,mm
5,10:21:19,买,99.7800,1.0,9.98,99.7827,mm
5,10:21:31,买,99.7550,1.0,9.98,99.7585,mm
5,10:21:43,卖,99.7450,1.0,9.97,99.7393,mm
5,10:22:05,买,99.7550,1.0,9.98,99.7601,mm
5,10:22:08,卖,99.7650,1.0,9.98,99.7588,mm
5,10:22:11,买,99.7500,1.0,9.98,99.7554,mm
5,10:22:15,卖,99.7700,1.0,9.98,99.7661,mm
5,10:22:27,买,99.7750,1.0,9.98,99.7810,mm
5,10:22:29,卖,99.7900,1.0,9.98,99.7789,mm
5,10:22:33,卖,99.7800,1.0,9.98,99.7796,mm
5,10:22:34,买,99.7700,1.0,9.98,99.7740,mm
5,10:23:00,卖,99.7350,1.0,9.97,99.7289,mm
5,10:23:06,买,99.7150,1.0,9.97,99.7183,mm
5,10:23:20,卖,99.7150,1.0,9.97,99.7116,mm
5,10:23:35,买,99.7000,1.0,9.97,99.7047,mm
5,10:24:31,卖,99.8000,1.0,9.98,99.7922,mm
5,10:24:41,买,99.8050,1.0,9.98,99.8103,mm
5,10:25:16,买,99.8450,1.0,9.98,99.8504,mm
5,10:25:17,卖,99.8600,1.0,9.99,99.8536,mm
5,10:25:29,买,99.8150,1.0,9.98,99.8179,mm
5,10:25:55,卖,99.7900,1.0,9.98,99.7860,mm
5,10:26:04,买,99.7800,1.0,9.98,99.7749,mm
5,10:26:07,卖,99.7950,1.0,9.98,99.7891,mm
5,10:26:32,卖,99.8450,1.0,9.98,99.8399,mm
5,10:26:39,买,99.8400,1.0,9.98,99.8461,mm
5,10:27:12,卖,99.8400,1.0,9.98,99.8355,mm
5,10:27:19,买,99.8300,1.0,9.98,99.8361,mm
5,10:27:48,买,99.7750,1.0,9.98,99.7792,mm
5,10:27:51,卖,99.7800,1.0,9.98,99.7791,mm
5,10:28:18,买,99.7800,1.0,9.98,99.7807,mm
5,10:28:31,卖,99.7650,1.0,9.98,99.7588,mm
5,10:29:00,买,99.7500,1.0,9.98,99.7552,mm
5,10:29:14,卖,99.7400,1.0,9.97,99.7372,mm
5,10:29:24,买,99.7050,1.0,9.97,99.7101,mm
5,10:30:10,卖,99.6450,1.0,9.96,99.6463,mm
5,10:30:24,卖,99.6650,1.0,9.97,99.6474,mm
5,10:31:10,买,99.6600,1.0,9.97,99.6646,mm
5,10:31:14,买,99.6400,1.0,9.96,99.6460,mm
5,10:31:38,卖,99.6500,1.0,9.97,99.6483,mm
5,10:32:22,买,99.6100,1.0,9.96,99.6139,mm
5,10:32:31,买,99.5850,1.0,9.96,99.5849,mm
5,10:32:31,卖,99.5900,1.0,9.96,99.5918,mm
5,10:32:34,卖,99.5950,1.0,9.96,99.6002,mm
5,10:32:43,卖,99.5900,1.0,9.96,99.5804,mm
5,10:32:45,买,99.5700,1.0,9.96,99.5761,mm
5,10:32:48,卖,99.5900,1.0,9.96,99.5834,mm
5,10:33:00,买,99.5950,1.0,9.96,99.5996,mm
5,10:33:32,卖,99.6300,1.0,9.96,99.6155,mm
5,10:33:42,买,99.6100,1.0,9.96,99.6169,mm
5,10:33:48,卖,99.6300,1.0,9.96,99.6308,mm
5,10:33:54,买,99.6350,1.0,9.96,99.6407,mm
5,10:33:56,买,99.6200,1.0,9.96,99.6259,mm
5,10:33:58,卖,99.6350,1.0,9.96,99.6245,mm
5,10:34:07,卖,99.6300,1.0,9.96,99.6247,mm
5,10:34:17,买,99.6150,1.0,9.96,99.6142,mm
5,10:34:37,买,99.6100,1.0,9.96,99.6130,mm
5,10:34:46,卖,99.6450,1.0,9.96,99.6384,mm
5,10:34:51,卖,99.6650,1.0,9.97,99.6545,mm
5,10:34:56,买,99.6300,1.0,9.96,99.6336,mm
5,10:35:29,买,99.6150,1.0,9.96,99.6186,mm
5,10:35:39,卖,99.6250,1.0,9.96,99.6205,mm
5,10:35:46,卖,99.6450,1.0,9.96,99.6490,mm
5,10:35:48,买,99.6350,1.0,9.96,99.6369,mm
5,10:35:54,卖,99.6650,1.0,9.97,99.6620,mm
5,10:35:58,买,99.6500,1.0,9.97,99.6517,mm
5,10:35:59,卖,99.6750,1.0,9.97,99.6709,mm
5,10:36:10,买,99.6600,1.0,9.97,99.6643,mm
5,10:36:38,买,99.6950,1.0,9.97,99.7039,mm
5,10:36:44,卖,99.7100,1.0,9.97,99.7035,mm
5,10:36:51,卖,99.7100,1.0,9.97,99.7040,mm
5,10:36:55,买,99.6850,1.0,9.97,99.6909,mm
5,10:37:01,买,99.6800,1.0,9.97,99.6861,mm
5,10:37:04,卖,99.6900,1.0,9.97,99.6869,mm
5,10:37:10,卖,99.7100,1.0,9.97,99.7046,mm
5,10:37:18,买,99.6900,1.0,9.97,99.6944,mm
5,10:37:38,卖,99.7450,1.0,9.97,99.7446,mm
5,10:37:45,买,99.7250,1.0,9.97,99.7301,mm
5,10:38:03,卖,99.7400,1.0,9.97,99.7401,mm
5,10:38:24,买,99.7600,1.0,9.98,99.7603,mm
5,10:38:31,买,99.7400,1.0,9.97,99.7460,mm
5,10:38:46,卖,99.7600,1.0,9.98,99.7564,mm
5,10:38:53,买,99.7250,1.0,9.97,99.7291,mm
5,10:39:17,卖,99.7300,1.0,9.97,99.7241,mm
5,10:39:37,卖,99.7600,1.0,9.98,99.7606,mm
5,10:39:41,买,99.7450,1.0,9.97,99.7495,mm
5,10:40:12,买,99.7200,1.0,9.97,99.7258,mm
5,10:40:17,卖,99.7300,1.0,9.97,99.7312,mm
5,10:40:19,卖,99.7400,1.0,9.97,99.7403,mm
5,10:40:23,买,99.7350,1.0,9.97,99.7359,mm
5,10:40:43,卖,99.7300,1.0,9.97,99.7266,mm
5,10:40:52,卖,99.7600,1.0,9.98,99.7446,mm
5,10:41:05,买,99.7400,1.0,9.97,99.7399,mm
5,10:41:06,买,99.7250,1.0,9.97,99.7239,mm
5,10:41:07,买,99.7100,1.0,9.97,99.7153,mm
5,10:41:14,卖,99.7350,1.0,9.97,99.7402,mm
5,10:41:21,买,99.7300,1.0,9.97,99.7328,mm
5,10:41:22,卖,99.7400,1.0,9.97,99.7360,mm
5,10:41:26,卖,99.7350,1.0,9.97,99.7319,mm
5,10:41:27,买,99.7200,1.0,9.97,99.7242,mm
5,10:41:40,买,99.7300,1.0,9.97,99.7344,mm
5,10:41:54,卖,99.7150,1.0,9.97,99.7076,mm
5,10:42:20,卖,99.7350,1.0,9.97,99.7301,mm
5,10:42:36,买,99.7650,1.0,9.98,99.7693,mm
5,10:42:44,卖,99.7850,1.0,9.98,99.7803,mm
5,10:42:46,买,99.7700,1.0,9.98,99.7762,mm
5,10:42:57,买,99.7750,1.0,9.98,99.7791,mm
5,10:42:59,卖,99.7850,1.0,9.98,99.7823,mm
5,10:43:14,买,99.7650,1.0,9.98,99.7710,mm
5,10:43:15,卖,99.7850,1.0,9.98,99.7859,mm
5,10:43:49,卖,99.7950,1.0,9.98,99.7895,mm
5,10:43:55,买,99.7750,1.0,9.98,99.7783,mm
5,10:44:30,买,99.7500,1.0,9.98,99.7547,mm
5,10:44:32,卖,99.7600,1.0,9.98,99.7594,mm
5,10:44:34,卖,99.7750,1.0,9.98,99.7688,mm
5,10:44:34,买,99.7600,1.0,9.98,99.7608,mm
5,10:44:49,卖,99.7400,1.0,9.97,99.7325,mm
5,10:45:07,买,99.7300,1.0,9.97,99.7321,mm
5,10:45:13,买,99.6900,1.0,9.97,99.6930,mm
5,10:45:19,卖,99.7050,1.0,9.97,99.7031,mm
5,10:45:36,卖,99.7100,1.0,9.97,99.7031,mm
5,10:45:40,买,99.6900,1.0,9.97,99.6936,mm
5,10:45:55,卖,99.7300,1.0,9.97,99.7263,mm
5,10:45:57,买,99.7150,1.0,9.97,99.7214,mm
5,10:46:03,买,99.7100,1.0,9.97,99.7151,mm
5,10:46:30,卖,99.7150,1.0,9.97,99.7052,mm
5,10:46:33,卖,99.7300,1.0,9.97,99.7279,mm
5,10:46:38,买,99.7150,1.0,9.97,99.7140,mm
5,10:46:42,卖,99.7150,1.0,9.97,99.7106,mm
5,10:46:47,买,99.7150,1.0,9.97,99.7212,mm
5,10:46:49,买,99.7000,1.0,9.97,99.7031,mm
5,10:46:52,卖,99.7050,1.0,9.97,99.7103,mm
5,10:47:05,买,99.6750,1.0,9.97,99.6714,mm
5,10:47:07,卖,99.6800,1.0,9.97,99.6751,mm
5,10:47:08,卖,99.6850,1.0,9.97,99.6811,mm
5,10:47:11,买,99.6850,1.0,9.97,99.6847,mm
5,10:48:07,买,99.6350,1.0,9.96,99.6404,mm
5,10:48:11,卖,99.6350,1.0,9.96,99.6273,mm
5,10:48:15,卖,99.6400,1.0,9.96,99.6355,mm
5,10:48:17,买,99.6200,1.0,9.96,99.6139,mm
5,10:48:40,买,99.6050,1.0,9.96,99.6061,mm
5,10:48:41,卖,99.6100,1.0,9.96,99.6074,mm
5,10:48:45,买,99.5900,1.0,9.96,99.5938,mm
5,10:49:04,卖,99.6050,1.0,9.96,99.6078,mm
5,10:49:29,卖,99.6300,1.0,9.96,99.6190,mm
5,10:49:35,买,99.6100,1.0,9.96,99.6133,mm
5,10:49:40,卖,99.6150,1.0,9.96,99.6133,mm
5,10:49:41,买,99.6050,1.0,9.96,99.6031,mm
5,10:49:42,卖,99.6200,1.0,9.96,99.6174,mm
5,10:49:53,买,99.6650,1.0,9.97,99.6675,mm
5,10:50:05,买,99.6600,1.0,9.97,99.6653,mm
5,10:50:17,卖,99.6450,1.0,9.96,99.6418,mm
5,10:50:23,买,99.6400,1.0,9.96,99.6403,mm
5,10:50:38,卖,99.6700,1.0,9.97,99.6644,mm
5,10:50:41,买,99.6550,1.0,9.97,99.6594,mm
5,10:50:46,买,99.6350,1.0,9.96,99.6409,mm
5,10:50:50,卖,99.6500,1.0,9.97,99.6387,mm
5,10:51:04,卖,99.6150,1.0,9.96,99.6134,mm
5,10:51:13,卖,99.6300,1.0,9.96,99.6239,mm
5,10:51:24,买,99.6400,1.0,9.96,99.6423,mm
5,10:51:25,卖,99.6550,1.0,9.97,99.6460,mm
5,10:51:38,买,99.6650,1.0,9.97,99.6594,mm
5,10:51:41,卖,99.6650,1.0,9.97,99.6568,mm
5,10:51:46,买,99.6550,1.0,9.97,99.6612,mm
5,10:52:11,卖,99.6950,1.0,9.97,99.6915,mm
5,10:52:28,买,99.6950,1.0,9.97,99.6996,mm
5,10:52:33,卖,99.7300,1.0,9.97,99.7240,mm
5,10:52:34,买,99.7200,1.0,9.97,99.7241,mm
5,10:52:36,卖,99.7400,1.0,9.97,99.7350,mm
5,10:52:58,买,99.7700,1.0,9.98,99.7707,mm
5,10:53:35,卖,99.7600,1.0,9.98,99.7542,mm
5,10:53:40,买,99.7500,1.0,9.98,99.7549,mm
5,10:53:48,卖,99.7550,1.0,9.98,99.7477,mm
5,10:53:49,买,99.7350,1.0,9.97,99.7407,mm
5,10:54:13,卖,99.7850,1.0,9.98,99.7818,mm
5,10:54:39,买,99.8200,1.0,9.98,99.8240,mm
5,10:54:55,卖,99.8100,1.0,9.98,99.8001,mm
5,10:54:57,买,99.7900,1.0,9.98,99.7949,mm
5,10:55:21,卖,99.8200,1.0,9.98,99.8142,mm
5,10:55:33,买,99.8300,1.0,9.98,99.8373,mm
5,10:55:50,买,99.8150,1.0,9.98,99.8208,mm
5,10:55:51,卖,99.8300,1.0,9.98,99.8259,mm
5,10:56:01,卖,99.8600,1.0,9.99,99.8511,mm
5,10:56:10,买,99.8350,1.0,9.98,99.8362,mm
5,10:56:20,卖,99.8700,1.0,9.99,99.8616,mm
5,10:56:22,买,99.8550,1.0,9.99,99.8611,mm
5,10:56:31,买,99.8700,1.0,9.99,99.8714,mm
5,10:56:31,卖,99.8800,1.0,9.99,99.8769,mm
5,10:56:37,买,99.8500,1.0,9.99,99.8508,mm
5,10:56:56,卖,99.8250,1.0,9.98,99.8183,mm
5,10:57:04,卖,99.8100,1.0,9.98,99.8007,mm
5,10:57:12,买,99.7850,1.0,9.98,99.7911,mm
5,10:57:24,买,99.8050,1.0,9.98,99.8163,mm
5,10:57:29,卖,99.8200,1.0,9.98,99.8107,mm
5,10:58:30,买,99.7900,1.0,9.98,99.7959,mm
5,10:58:38,买,99.7750,1.0,9.98,99.7795,mm
5,10:58:43,卖,99.7700,1.0,9.98,99.7680,mm
5,10:58:48,卖,99.7850,1.0,9.98,99.7793,mm
5,10:59:13,买,99.7700,1.0,9.98,99.7736,mm
5,10:59:31,卖,99.7500,1.0,9.98,99.7424,mm
5,10:59:34,买,99.7200,1.0,9.97,99.7247,mm
5,10:59:40,卖,99.7350,1.0,9.97,99.7315,mm
5,10:59:51,买,99.7100,1.0,9.97,99.7132,mm
5,11:00:07,卖,99.7400,1.0,9.97,99.7367,mm
5,11:00:27,卖,99.7550,1.0,9.98,99.7492,mm
5,11:00:28,买,99.7400,1.0,9.97,99.7433,mm
5,11:00:32,卖,99.7450,1.0,9.97,99.7438,mm
5,11:00:35,买,99.7450,1.0,9.97,99.7498,mm
5,11:00:39,卖,99.7700,1.0,9.98,99.7640,mm
5,11:00:44,买,99.7550,1.0,9.98,99.7559,mm
5,11:00:57,买,99.7200,1.0,9.97,99.7165,mm
5,11:01:07,买,99.7200,1.0,9.97,99.7358,mm
5,11:01:09,卖,99.7600,1.0,9.98,99.7625,mm
5,11:01:18,卖,99.7550,1.0,9.98,99.7491,mm
5,11:01:27,卖,99.7500,1.0,9.98,99.7440,mm
5,11:01:31,买,99.7500,1.0,9.98,99.7548,mm
5,11:01:37,买,99.7300,1.0,9.97,99.7338,mm
5,11:01:44,卖,99.7250,1.0,9.97,99.7221,mm
5,11:01:49,卖,99.7300,1.0,9.97,99.7295,mm
5,11:02:04,买,99.7550,1.0,9.98,99.7541,mm
5,11:02:26,买,99.7200,1.0,9.97,99.7218,mm
5,11:02:33,卖,99.7200,1.0,9.97,99.7247,mm
5,11:02:35,买,99.7150,1.0,9.97,99.7206,mm
5,11:02:47,卖,99.6950,1.0,9.97,99.6905,mm
5,11:02:48,卖,99.7050,1.0,9.97,99.7030,mm
5,11:03:05,买,99.7500,1.0,9.98,99.7504,mm
5,11:03:13,买,99.7500,1.0,9.98,99.7499,mm
5,11:03:14,卖,99.7600,1.0,9.98,99.7620,mm
5,11:03:15,卖,99.7750,1.0,9.98,99.7758,mm
5,11:03:16,买,99.7650,1.0,9.98,99.7698,mm
5,11:03:25,买,99.7750,1.0,9.98,99.7810,mm
5,11:03:43,卖,99.7600,1.0,9.98,99.7542,mm
5,11:03:46,卖,99.7750,1.0,9.98,99.7687,mm
5,11:04:04,买,99.7500,1.0,9.98,99.7528,mm
5,11:04:31,买,99.7200,1.0,9.97,99.7257,mm
5,11:04:36,卖,99.7350,1.0,9.97,99.7390,mm
5,11:04:37,卖,99.7550,1.0,9.98,99.7434,mm
5,11:04:40,卖,99.7600,1.0,9.98,99.7553,mm
5,11:04:41,买,99.7400,1.0,9.97,99.7402,mm
5,11:04:45,买,99.7200,1.0,9.97,99.7208,mm
5,11:05:01,卖,99.7200,1.0,9.97,99.7178,mm
5,11:05:11,买,99.7200,1.0,9.97,99.7258,mm
5,11:05:14,卖,99.7500,1.0,9.98,99.7472,mm
5,11:05:15,买,99.7350,1.0,9.97,99.7369,mm
5,11:05:33,买,99.7250,1.0,9.97,99.7288,mm
5,11:05:51,买,99.6950,1.0,9.97,99.7005,mm
5,11:06:00,卖,99.7100,1.0,9.97,99.7057,mm
5,11:06:02,卖,99.7150,1.0,9.97,99.7125,mm
5,11:06:21,买,99.7250,1.0,9.97,99.7271,mm
5,11:06:32,卖,99.7450,1.0,9.97,99.7390,mm
5,11:06:48,买,99.7300,1.0,9.97,99.7331,mm
5,11:06:50,卖,99.7550,1.0,9.98,99.7463,mm
5,11:07:09,买,99.7500,1.0,9.98,99.7553,mm
5,11:07:14,卖,99.7650,1.0,9.98,99.7695,mm
5,11:07:34,卖,99.7900,1.0,9.98,99.7732,mm
5,11:07:34,卖,99.7900,1.0,9.98,99.7802,mm
5,11:07:37,买,99.7800,1.0,9.98,99.7865,mm
5,11:07:48,买,99.7900,1.0,9.98,99.7957,mm
5,11:07:58,卖,99.7800,1.0,9.98,99.7692,mm
5,11:08:11,卖,99.8000,1.0,9.98,99.7924,mm
5,11:08:12,买,99.7850,1.0,9.98,99.7903,mm
5,11:08:16,买,99.7950,1.0,9.98,99.7989,mm
5,11:08:17,买,99.7850,1.0,9.98,99.7874,mm
5,11:08:18,卖,99.8000,1.0,9.98,99.7943,mm
5,11:08:32,买,99.7950,1.0,9.98,99.7996,mm
5,11:08:44,卖,99.8050,1.0,9.98,99.7981,mm
5,11:08:56,卖,99.8050,1.0,9.98,99.7951,mm
5,11:09:08,买,99.7850,1.0,9.98,99.7841,mm
5,11:09:09,买,99.7700,1.0,9.98,99.7760,mm
5,11:09:30,卖,99.7850,1.0,9.98,99.7707,mm
5,11:09:31,卖,99.7850,1.0,9.98,99.7747,mm
5,11:09:37,买,99.7600,1.0,9.98,99.7660,mm
5,11:09:37,卖,99.7850,1.0,9.98,99.7896,mm
5,11:09:52,买,99.7950,1.0,9.98,99.8017,mm
5,11:10:08,买,99.7750,1.0,9.98,99.7766,mm
5,11:10:16,卖,99.7750,1.0,9.98,99.7745,mm
5,11:10:21,卖,99.7800,1.0,9.98,99.7738,mm
5,11:10:27,买,99.7600,1.0,9.98,99.7640,mm
5,11:10:43,买,99.7400,1.0,9.97,99.7431,mm
5,11:10:58,卖,99.7650,1.0,9.98,99.7622,mm
5,11:11:00,卖,99.7750,1.0,9.98,99.7730,mm
5,11:11:14,买,99.7950,1.0,9.98,99.7999,mm
5,11:11:21,卖,99.8150,1.0,9.98,99.8104,mm
5,11:11:23,买,99.8050,1.0,9.98,99.8058,mm
5,11:11:38,买,99.7850,1.0,9.98,99.7817,mm
5,11:11:43,卖,99.8000,1.0,9.98,99.7881,mm
5,11:11:52,买,99.7750,1.0,9.98,99.7751,mm
5,11:12:06,卖,99.7750,1.0,9.98,99.7701,mm
5,11:12:15,买,99.7600,1.0,9.98,99.7660,mm
5,11:12:33,卖,99.7800,1.0,9.98,99.7771,mm
5,11:12:41,卖,99.7850,1.0,9.98,99.7739,mm
5,11:12:43,买,99.7550,1.0,9.98,99.7611,mm
5,11:12:55,卖,99.7600,1.0,9.98,99.7496,mm
5,11:12:59,买,99.7450,1.0,9.97,99.7491,mm
5,11:13:04,卖,99.7750,1.0,9.98,99.7691,mm
5,11:13:09,买,99.7700,1.0,9.98,99.7737,mm
5,11:13:12,卖,99.7900,1.0,9.98,99.7922,mm
5,11:13:13,买,99.7800,1.0,9.98,99.7783,mm
5,11:13:17,卖,99.7900,1.0,9.98,99.7724,mm
5,11:13:18,买,99.7600,1.0,9.98,99.7641,mm
5,11:13:20,买,99.7600,1.0,9.98,99.7656,mm
5,11:13:23,卖,99.7750,1.0,9.98,99.7722,mm
5,11:13:43,买,99.7550,1.0,9.98,99.7610,mm
5,11:13:54,卖,99.7850,1.0,9.98,99.7831,mm
5,11:14:13,卖,99.7650,1.0,9.98,99.7623,mm
5,11:14:17,买,99.7500,1.0,9.98,99.7510,mm
5,11:14:29,买,99.7150,1.0,9.97,99.7196,mm
5,11:14:34,卖,99.7250,1.0,9.97,99.7184,mm
5,11:14:39,买,99.6950,1.0,9.97,99.7010,mm
5,11:14:53,卖,99.7050,1.0,9.97,99.7015,mm
5,11:14:56,卖,99.7100,1.0,9.97,99.7041,mm
5,11:15:01,卖,99.7250,1.0,9.97,99.7188,mm
5,11:15:02,买,99.7100,1.0,9.97,99.7201,mm
5,11:15:03,买,99.7100,1.0,9.97,99.7191,mm
5,11:15:03,买,99.7050,1.0,9.97,99.7108,mm
5,11:15:05,买,99.7000,1.0,9.97,99.7046,mm
5,11:15:16,卖,99.7700,1.0,9.98,99.7761,mm
5,11:15:27,卖,99.7800,1.0,9.98,99.7659,mm
5,11:15:27,卖,99.7800,1.0,9.98,99.7762,mm
5,11:15:34,卖,99.8250,1.0,9.98,99.8121,mm
5,11:15:34,买,99.8050,1.0,9.98,99.8007,mm
5,11:15:35,买,99.7900,1.0,9.98,99.7911,mm
5,11:15:59,卖,99.8000,1.0,9.98,99.7953,mm
5,11:16:16,买,99.7950,1.0,9.98,99.7984,mm
5,11:16:18,卖,99.8250,1.0,9.98,99.8215,mm
5,11:16:23,买,99.8050,1.0,9.98,99.8104,mm
5,11:16:28,卖,99.8300,1.0,9.98,99.8265,mm
5,11:16:31,卖,99.8400,1.0,9.98,99.8343,mm
5,11:16:43,买,99.8450,1.0,9.98,99.8471,mm
5,11:16:55,买,99.8350,1.0,9.98,99.8360,mm
5,11:17:07,卖,99.8700,1.0,9.99,99.8686,mm
5,11:17:11,买,99.8500,1.0,9.99,99.8551,mm
5,11:17:32,卖,99.8550,1.0,9.99,99.8514,mm
5,11:17:35,买,99.8650,1.0,9.99,99.8701,mm
5,11:17:37,卖,99.8800,1.0,9.99,99.8772,mm
5,11:17:40,买,99.8600,1.0,9.99,99.8645,mm
5,11:17:43,买,99.8650,1.0,9.99,99.8642,mm
5,11:17:55,买,99.8550,1.0,9.99,99.8595,mm
5,11:17:58,卖,99.8600,1.0,9.99,99.8577,mm
5,11:18:10,卖,99.8700,1.0,9.99,99.8709,mm
5,11:18:40,买,99.9100,1.0,9.99,99.9105,mm
5,11:18:42,买,99.8950,1.0,9.99,99.8966,mm
5,11:18:44,买,99.8750,1.0,9.99,99.8796,mm
5,11:18:47,卖,99.8900,1.0,9.99,99.8938,mm
5,11:18:48,卖,99.9050,1.0,9.99,99.9029,mm
5,11:18:50,买,99.8700,1.0,9.99,99.8762,mm
5,11:18:54,卖,99.8800,1.0,9.99,99.8796,mm
5,11:19:07,卖,99.9000,1.0,9.99,99.8948,mm
5,11:19:07,买,99.8800,1.0,9.99,99.8927,mm
5,11:19:09,卖,99.9050,1.0,9.99,99.8992,mm
5,11:19:25,买,99.9200,1.0,9.99,99.9248,mm
5,11:19:28,卖,99.9350,1.0,9.99,99.9306,mm
5,11:19:36,买,99.8900,1.0,9.99,99.8953,mm
5,11:19:53,买,99.8700,1.0,9.99,99.8734,mm
5,11:19:57,卖,99.8750,1.0,9.99,99.8706,mm
5,11:20:05,买,99.8500,1.0,9.99,99.8542,mm
5,11:20:18,卖,99.8800,1.0,9.99,99.8770,mm
5,11:20:32,卖,99.9150,1.0,9.99,99.9094,mm
5,11:20:34,买,99.8950,1.0,9.99,99.9000,mm
5,11:20:45,买,99.9000,1.0,9.99,99.9087,mm
5,11:21:09,卖,99.8500,1.0,9.99,99.8477,mm
5,11:21:22,买,99.8050,1.0,9.98,99.8105,mm
5,11:21:26,卖,99.8100,1.0,9.98,99.8075,mm
5,11:21:30,卖,99.8100,1.0,9.98,99.8093,mm
5,11:21:30,买,99.7950,1.0,9.98,99.8005,mm
5,11:22:19,卖,99.8050,1.0,9.98,99.8002,mm
5,11:22:32,买,99.7850,1.0,9.98,99.7911,mm
5,11:22:40,卖,99.8000,1.0,9.98,99.7933,mm
5,11:22:43,卖,99.8150,1.0,9.98,99.8080,mm
5,11:22:45,买,99.7900,1.0,9.98,99.7873,mm
5,11:22:49,买,99.7850,1.0,9.98,99.7889,mm
5,11:22:57,卖,99.7550,1.0,9.98,99.7591,mm
5,11:23:00,买,99.7450,1.0,9.97,99.7475,mm
5,11:23:10,买,99.7050,1.0,9.97,99.7106,mm
5,11:23:20,卖,99.7350,1.0,9.97,99.7299,mm
5,11:23:26,卖,99.7300,1.0,9.97,99.7287,mm
5,11:23:33,卖,99.7250,1.0,9.97,99.7160,mm
5,11:23:43,卖,99.7450,1.0,9.97,99.7349,mm
5,11:23:45,买,99.7300,1.0,9.97,99.7305,mm
5,11:24:06,买,99.7750,1.0,9.98,99.7720,mm
5,11:24:24,买,99.7450,1.0,9.97,99.7472,mm
5,11:24:43,买,99.7350,1.0,9.97,99.7396,mm
5,11:24:53,卖,99.7200,1.0,9.97,99.7152,mm
5,11:25:00,卖,99.7150,1.0,9.97,99.7151,mm
5,11:25:07,买,99.7200,1.0,9.97,99.7293,mm
5,11:25:15,卖,99.7550,1.0,9.98,99.7420,mm
5,11:25:16,买,99.7300,1.0,9.97,99.7360,mm
5,11:25:21,卖,99.7450,1.0,9.97,99.7423,mm
5,11:25:22,卖,99.7550,1.0,9.98,99.7494,mm
5,11:25:43,买,99.7450,1.0,9.97,99.7493,mm
5,11:25:46,卖,99.7700,1.0,9.98,99.7628,mm
5,11:25:48,买,99.7500,1.0,9.98,99.7560,mm
5,11:26:00,买,99.7500,1.0,9.98,99.7542,mm
5,11:26:05,卖,99.7650,1.0,9.98,99.7593,mm
5,11:26:18,买,99.7750,1.0,9.98,99.7808,mm
5,11:26:22,卖,99.8100,1.0,9.98,99.8035,mm
5,11:26:24,卖,99.8150,1.0,9.98,99.8114,mm
5,11:26:35,买,99.8150,1.0,9.98,99.8197,mm
5,11:26:57,卖,99.8350,1.0,9.98,99.8276,mm
5,11:27:10,卖,99.8450,1.0,9.98,99.8405,mm
5,11:27:14,买,99.8200,1.0,9.98,99.8259,mm
5,11:27:16,卖,99.8300,1.0,9.98,99.8303,mm
5,11:27:18,买,99.8250,1.0,9.98,99.8303,mm
5,11:27:28,买,99.8250,1.0,9.98,99.8256,mm
5,11:27:38,卖,99.8300,1.0,9.98,99.8259,mm
5,11:27:40,卖,99.8400,1.0,9.98,99.8366,mm
5,11:27:41,买,99.8300,1.0,9.98,99.8222,mm
5,11:27:47,买,99.8100,1.0,9.98,99.8161,mm
5,11:28:03,买,99.7800,1.0,9.98,99.7847,mm
5,11:28:08,卖,99.8050,1.0,9.98,99.7997,mm
5,11:28:18,买,99.7950,1.0,9.98,99.7928,mm
5,11:28:35,卖,99.8350,1.0,9.98,99.8260,mm
5,11:28:37,卖,99.8500,1.0,9.99,99.8401,mm
5,11:28:48,卖,99.8550,1.0,9.99,99.8409,mm
5,11:29:00,买,99.8450,1.0,9.98,99.8540,mm
5,11:29:00,买,99.8450,1.0,9.98,99.8533,mm
5,11:29:06,买,99.8250,1.0,9.98,99.8293,mm
5,11:29:38,买,99.7800,1.0,9.98,99.7850,mm
5,11:29:40,卖,99.7850,1.0,9.98,99.7826,mm
5,11:29:47,卖,99.7850,1.0,9.98,99.7825,mm
5,11:29:48,卖,99.7850,1.0,9.98,99.7802,mm
5,11:29:50,买,99.7650,1.0,9.98,99.7700,mm
5,11:29:50,卖,99.7850,1.0,9.98,99.7936,mm
5,11:29:58,买,99.7950,1.0,9.98,99.7988,mm
5,13:00:05,买,99.8050,1.0,9.98,99.8149,mm
5,13:00:13,买,99.7800,1.0,9.98,99.7851,mm
5,13:00:17,卖,99.7800,1.0,9.98,99.7875,mm
5,13:00:27,卖,99.7950,1.0,9.98,99.7892,mm
5,13:00:31,买,99.7750,1.0,9.98,99.7779,mm
5,13:00:51,卖,99.8300,1.0,9.98,99.8221,mm
5,13:00:58,卖,99.8200,1.0,9.98,99.8183,mm
5,13:01:02,买,99.8150,1.0,9.98,99.8197,mm
5,13:01:14,买,99.8100,1.0,9.98,99.8160,mm
5,13:01:31,买,99.8350,1.0,9.98,99.8446,mm
5,13:01:38,买,99.8350,1.0,9.98,99.8537,mm
5,13:01:42,买,99.8350,1.0,9.98,99.8548,mm
5,13:01:44,卖,99.8600,1.0,9.99,99.8658,mm
5,13:01:46,卖,99.8700,1.0,9.99,99.8766,mm
5,13:01:54,卖,99.8600,1.0,9.99,99.8548,mm
5,13:02:02,买,99.8200,1.0,9.98,99.8258,mm
5,13:02:06,卖,99.8350,1.0,9.98,99.8352,mm
5,13:02:23,卖,99.8650,1.0,9.99,99.8679,mm
5,13:02:30,买,99.8650,1.0,9.99,99.8752,mm
5,13:02:35,卖,99.9100,1.0,9.99,99.9121,mm
5,13:02:37,卖,99.9250,1.0,9.99,99.9198,mm
5,13:02:42,买,99.9150,1.0,9.99,99.9181,mm
5,13:02:49,卖,99.9300,1.0,9.99,99.9197,mm
5,13:03:06,买,99.9250,1.0,9.99,99.9299,mm
5,13:03:16,买,99.9450,1.0,9.99,99.9499,mm
5,13:03:18,卖,99.9600,1.0,10.00,99.9540,mm
5,13:03:22,买,99.9300,1.0,9.99,99.9360,mm
5,13:03:32,卖,99.9700,1.0,10.00,99.9667,mm
5,13:03:45,买,99.9750,1.0,10.00,99.9802,mm
5,13:04:09,卖,100.0250,1.0,10.00,100.0217,mm
5,13:04:40,卖,100.0850,1.0,10.01,100.0848,mm
5,13:04:53,买,100.1100,1.0,10.01,100.1099,mm
5,13:04:57,买,100.0950,1.0,10.01,100.0973,mm
5,13:05:05,卖,100.0900,1.0,10.01,100.0867,mm
5,13:05:30,买,100.0800,1.0,10.01,100.0853,mm
5,13:05:31,买,100.0700,1.0,10.01,100.0750,mm
5,13:05:32,卖,100.0850,1.0,10.01,100.0832,mm
5,13:05:33,买,100.0650,1.0,10.01,100.0684,mm
5,13:05:40,卖,100.0550,1.0,10.01,100.0533,mm
5,13:05:51,买,100.0450,1.0,10.00,100.0497,mm
5,13:05:53,卖,100.0600,1.0,10.01,100.0566,mm
5,13:06:09,卖,100.0350,1.0,10.00,100.0288,mm
5,13:06:12,卖,100.0400,1.0,10.00,100.0378,mm
5,13:06:18,买,100.0100,1.0,10.00,100.0145,mm
5,13:06:22,买,99.9850,1.0,10.00,99.9861,mm
5,13:06:23,卖,99.9950,1.0,10.00,99.9937,mm
5,13:06:26,买,99.9750,1.0,10.00,99.9755,mm
5,13:06:38,卖,100.0100,1.0,10.00,100.0050,mm
5,13:06:48,买,99.9600,1.0,10.00,99.9648,mm
5,13:06:53,买,99.9550,1.0,10.00,99.9574,mm
5,13:06:55,卖,99.9650,1.0,10.00,99.9674,mm
5,13:07:02,卖,99.9800,1.0,10.00,99.9769,mm
5,13:07:07,卖,100.0000,1.0,10.00,99.9978,mm
5,13:07:10,买,99.9950,1.0,10.00,99.9984,mm
5,13:07:19,买,99.9650,1.0,10.00,99.9712,mm
5,13:07:35,卖,99.9450,1.0,9.99,99.9395,mm
5,13:07:43,买,99.9250,1.0,9.99,99.9269,mm
5,13:07:46,卖,99.9350,1.0,9.99,99.9360,mm
5,13:07:57,买,99.9450,1.0,9.99,99.9485,mm
5,13:08:00,买,99.9150,1.0,9.99,99.9194,mm
5,13:08:06,卖,99.9200,1.0,9.99,99.9239,mm
5,13:08:09,卖,99.9350,1.0,9.99,99.9355,mm
5,13:08:22,卖,99.9500,1.0,10.00,99.9443,mm
5,13:08:26,买,99.9150,1.0,9.99,99.9173,mm
5,13:08:28,卖,99.9250,1.0,9.99,99.9218,mm
5,13:08:31,买,99.9100,1.0,9.99,99.9137,mm
5,13:08:33,买,99.9000,1.0,9.99,99.9061,mm
5,13:08:50,卖,99.9400,1.0,9.99,99.9356,mm
5,13:09:00,卖,99.9500,1.0,10.00,99.9467,mm
5,13:09:15,买,99.9550,1.0,10.00,99.9598,mm
5,13:09:42,卖,99.9400,1.0,9.99,99.9316,mm
5,13:09:50,卖,99.9600,1.0,10.00,99.9555,mm
5,13:10:01,买,99.9650,1.0,10.00,99.9672,mm
5,13:10:06,卖,99.9900,1.0,10.00,99.9859,mm
5,13:10:09,买,99.9900,1.0,10.00,99.9947,mm
5,13:10:16,买,99.9950,1.0,10.00,100.0010,mm
5,13:10:36,卖,100.0250,1.0,10.00,100.0213,mm
5,13:10:39,买,100.0100,1.0,10.00,100.0160,mm
5,13:10:40,买,100.0050,1.0,10.00,100.0110,mm
5,13:10:50,卖,100.0250,1.0,10.00,100.0188,mm
5,13:10:58,卖,100.0250,1.0,10.00,100.0192,mm
5,13:11:02,买,100.0100,1.0,10.00,100.0151,mm
5,13:11:17,买,100.0100,1.0,10.00,100.0151,mm
5,13:11:19,买,100.0000,1.0,10.00,100.0053,mm
5,13:11:32,卖,99.9850,1.0,10.00,99.9829,mm
5,13:11:35,卖,99.9850,1.0,10.00,99.9795,mm
5,13:11:43,买,99.9750,1.0,10.00,99.9812,mm
5,13:11:52,卖,100.0000,1.0,10.00,99.9987,mm
5,13:11:56,买,99.9850,1.0,10.00,99.9863,mm
5,13:11:59,卖,100.0050,1.0,10.00,100.0008,mm
5,13:12:02,买,99.9850,1.0,10.00,99.9911,mm
5,13:12:05,卖,100.0050,1.0,10.00,99.9993,mm
5,13:12:07,卖,100.0150,1.0,10.00,100.0116,mm
5,13:12:11,买,100.0050,1.0,10.00,100.0107,mm
5,13:12:20,买,100.0150,1.0,10.00,100.0208,mm
5,13:12:29,卖,100.0400,1.0,10.00,100.0326,mm
5,13:12:50,卖,100.0550,1.0,10.01,100.0489,mm
5,13:12:53,买,100.0400,1.0,10.00,100.0447,mm
5,13:12:55,买,100.0300,1.0,10.00,100.0332,mm
5,13:13:06,卖,100.0150,1.0,10.00,100.0173,mm
5,13:13:19,买,99.9700,1.0,10.00,99.9743,mm
5,13:13:30,卖,99.9550,1.0,10.00,99.9511,mm
5,13:13:39,卖,99.9600,1.0,10.00,99.9577,mm
5,13:13:43,卖,99.9800,1.0,10.00,99.9763,mm
5,13:13:55,买,99.9600,1.0,10.00,99.9654,mm
5,13:14:09,买,99.9950,1.0,10.00,99.9990,mm
5,13:14:14,卖,100.0000,1.0,10.00,99.9940,mm
5,13:14:16,卖,100.0150,1.0,10.00,100.0102,mm
5,13:14:21,买,100.0150,1.0,10.00,100.0147,mm
5,13:14:22,买,100.0000,1.0,10.00,100.0037,mm
5,13:14:30,卖,100.0050,1.0,10.00,99.9949,mm
5,13:14:35,卖,100.0100,1.0,10.00,100.0040,mm
5,13:14:40,卖,100.0150,1.0,10.00,100.0119,mm
5,13:14:42,买,100.0150,1.0,10.00,100.0141,mm
5,13:14:46,买,100.0050,1.0,10.00,100.0035,mm
5,13:14:48,买,99.9950,1.0,10.00,99.9955,mm
5,13:15:12,卖,100.0050,1.0,10.00,100.0033,mm
5,13:15:18,买,100.0100,1.0,10.00,100.0150,mm
5,13:15:27,买,100.0500,1.0,10.01,100.0485,mm
5,13:15:37,卖,100.0600,1.0,10.01,100.0687,mm
5,13:15:45,卖,100.0700,1.0,10.01,100.0560,mm
5,13:16:03,买,100.0700,1.0,10.01,100.0760,mm
5,13:16:26,买,100.1150,1.0,10.01,100.1195,mm
5,13:16:32,卖,100.1250,1.0,10.01,100.1151,mm
5,13:16:44,买,100.1100,1.0,10.01,100.1156,mm
5,13:16:47,卖,100.1250,1.0,10.01,100.1195,mm
5,13:16:54,买,100.1000,1.0,10.01,100.1027,mm
5,13:17:08,卖,100.1250,1.0,10.01,100.1209,mm
5,13:17:13,卖,100.1350,1.0,10.01,100.1255,mm
5,13:17:18,卖,100.1650,1.0,10.02,100.1554,mm
5,13:17:28,买,100.1750,1.0,10.02,100.1804,mm
5,13:17:37,买,100.1500,1.0,10.02,100.1558,mm
5,13:17:43,卖,100.1850,1.0,10.02,100.1829,mm
5,13:17:48,买,100.1800,1.0,10.02,100.1840,mm
5,13:18:08,卖,100.2050,1.0,10.02,100.2036,mm
5,13:18:10,买,100.1800,1.0,10.02,100.1784,mm
5,13:18:13,卖,100.1850,1.0,10.02,100.1801,mm
5,13:18:22,买,100.1500,1.0,10.02,100.1536,mm
5,13:18:49,买,100.1800,1.0,10.02,100.1841,mm
5,13:18:51,卖,100.1950,1.0,10.02,100.1894,mm
5,13:18:59,买,100.1700,1.0,10.02,100.1750,mm
5,13:19:12,买,100.1550,1.0,10.02,100.1603,mm
5,13:19:18,买,100.1450,1.0,10.01,100.1504,mm
5,13:19:22,卖,100.1600,1.0,10.02,100.1727,mm
5,13:19:26,卖,100.1800,1.0,10.02,100.1739,mm
5,13:19:35,卖,100.1500,1.0,10.02,100.1448,mm
5,13:19:54,买,100.1700,1.0,10.02,100.1726,mm
5,13:19:55,卖,100.1900,1.0,10.02,100.1843,mm
5,13:20:05,买,100.1700,1.0,10.02,100.1755,mm
5,13:20:09,卖,100.1650,1.0,10.02,100.1497,mm
5,13:20:12,买,100.1350,1.0,10.01,100.1406,mm
5,13:20:25,卖,100.1200,1.0,10.01,100.1140,mm
5,13:20:34,卖,100.1150,1.0,10.01,100.1079,mm
5,13:20:38,买,100.0850,1.0,10.01,100.0818,mm
5,13:20:40,卖,100.0950,1.0,10.01,100.0888,mm
5,13:20:46,买,100.0900,1.0,10.01,100.0898,mm
5,13:20:48,买,100.0750,1.0,10.01,100.0779,mm
5,13:20:56,卖,100.0750,1.0,10.01,100.0644,mm
5,13:21:12,卖,100.1250,1.0,10.01,100.1205,mm
5,13:21:21,买,100.1200,1.0,10.01,100.1257,mm
5,13:21:24,卖,100.1400,1.0,10.01,100.1365,mm
5,13:21:28,买,100.1400,1.0,10.01,100.1458,mm
5,13:21:32,卖,100.1550,1.0,10.02,100.1430,mm
5,13:21:36,买,100.1250,1.0,10.01,100.1303,mm
5,13:22:10,买,100.1100,1.0,10.01,100.1162,mm
5,13:22:24,卖,100.1350,1.0,10.01,100.1239,mm
5,13:22:25,买,100.1150,1.0,10.01,100.1211,mm
5,13:22:27,卖,100.1200,1.0,10.01,100.1150,mm
5,13:22:29,卖,100.1250,1.0,10.01,100.1198,mm
5,13:22:30,买,100.1050,1.0,10.01,100.1028,mm
5,13:22:35,买,100.0950,1.0,10.01,100.0932,mm
5,13:22:45,卖,100.0900,1.0,10.01,100.0962,mm
5,13:23:10,买,100.0950,1.0,10.01,100.0994,mm
5,13:23:18,卖,100.1000,1.0,10.01,100.0995,mm
5,13:23:19,卖,100.1150,1.0,10.01,100.1116,mm
5,13:23:28,买,100.1250,1.0,10.01,100.1312,mm
5,13:23:36,卖,100.1600,1.0,10.02,100.1539,mm
5,13:23:40,买,100.1450,1.0,10.01,100.1486,mm
5,13:23:47,卖,100.1200,1.0,10.01,100.1138,mm
5,13:23:55,卖,100.1400,1.0,10.01,100.1350,mm
5,13:24:05,买,100.1450,1.0,10.01,100.1497,mm
5,13:24:08,买,100.1450,1.0,10.01,100.1491,mm
5,13:24:13,卖,100.1550,1.0,10.02,100.1573,mm
5,13:24:15,买,100.1450,1.0,10.01,100.1470,mm
5,13:24:25,卖,100.1600,1.0,10.02,100.1566,mm
5,13:24:29,卖,100.1950,1.0,10.02,100.1793,mm
5,13:24:29,买,100.1700,1.0,10.02,100.1714,mm
5,13:24:36,买,100.1500,1.0,10.02,100.1538,mm
5,13:24:57,买,100.1600,1.0,10.02,100.1651,mm
5,13:25:02,卖,100.1750,1.0,10.02,100.1680,mm
5,13:25:03,卖,100.1800,1.0,10.02,100.1659,mm
5,13:25:03,卖,100.1800,1.0,10.02,100.1701,mm
5,13:25:05,买,100.1550,1.0,10.02,100.1550,mm
5,13:25:08,买,100.1450,1.0,10.01,100.1490,mm
5,13:25:16,卖,100.1600,1.0,10.02,100.1573,mm
5,13:25:21,买,100.1650,1.0,10.02,100.1675,mm
5,13:25:36,卖,100.2000,1.0,10.02,100.1974,mm
5,13:25:37,买,100.1850,1.0,10.02,100.1873,mm
5,13:25:50,卖,100.2200,1.0,10.02,100.2143,mm
5,13:25:58,买,100.1850,1.0,10.02,100.1895,mm
5,13:26:05,买,100.1850,1.0,10.02,100.1847,mm
5,13:26:14,卖,100.1850,1.0,10.02,100.1909,mm
5,13:26:15,卖,100.2050,1.0,10.02,100.2015,mm
5,13:26:18,买,100.2000,1.0,10.02,100.2061,mm
5,13:26:37,卖,100.2550,1.0,10.03,100.2516,mm
5,13:26:47,买,100.2700,1.0,10.03,100.2721,mm
5,13:26:57,买,100.2650,1.0,10.03,100.2777,mm
5,13:27:09,卖,100.3000,1.0,10.03,100.2975,mm
5,13:27:16,买,100.2800,1.0,10.03,100.2841,mm
5,13:27:23,卖,100.2750,1.0,10.03,100.2680,mm
5,13:27:40,买,100.2500,1.0,10.03,100.2553,mm
5,13:27:41,买,100.2400,1.0,10.02,100.2433,mm
5,13:27:42,卖,100.2500,1.0,10.03,100.2538,mm
5,13:27:44,买,100.2400,1.0,10.02,100.2437,mm
5,13:27:55,卖,100.2300,1.0,10.02,100.2251,mm
5,13:28:04,卖,100.2350,1.0,10.02,100.2304,mm
5,13:28:10,买,100.1950,1.0,10.02,100.2004,mm
5,13:28:23,卖,100.1900,1.0,10.02,100.1859,mm
5,13:28:27,买,100.2050,1.0,10.02,100.2089,mm
5,13:28:49,买,100.1700,1.0,10.02,100.1757,mm
5,13:28:51,卖,100.1900,1.0,10.02,100.1903,mm
5,13:29:09,卖,100.2050,1.0,10.02,100.2002,mm
5,13:29:20,买,100.1750,1.0,10.02,100.1812,mm
5,13:29:40,买,100.1250,1.0,10.01,100.1295,mm
5,13:29:50,卖,100.1000,1.0,10.01,100.0949,mm
5,13:29:51,卖,100.1050,1.0,10.01,100.1102,mm
5,13:29:52,买,100.0950,1.0,10.01,100.0995,mm
5,13:29:54,卖,100.0950,1.0,10.01,100.0913,mm
5,13:30:22,买,100.0950,1.0,10.01,100.0997,mm
5,13:30:28,卖,100.1050,1.0,10.01,100.1025,mm
5,13:30:33,卖,100.1050,1.0,10.01,100.0995,mm
5,13:30:42,买,100.0800,1.0,10.01,100.0810,mm
5,13:30:44,卖,100.1000,1.0,10.01,100.0956,mm
5,13:30:45,买,100.0850,1.0,10.01,100.0907,mm
5,13:31:07,买,100.0450,1.0,10.00,100.0504,mm
5,13:31:14,卖,100.0350,1.0,10.00,100.0297,mm
5,13:31:15,卖,100.0450,1.0,10.00,100.0411,mm
5,13:31:17,买,100.0250,1.0,10.00,100.0294,mm
5,13:31:31,卖,100.0150,1.0,10.00,100.0118,mm
5,13:31:34,买,99.9900,1.0,10.00,99.9928,mm
5,13:31:46,卖,100.0100,1.0,10.00,100.0059,mm
5,13:31:47,买,99.9950,1.0,10.00,100.0063,mm
5,13:31:47,买,99.9950,1.0,10.00,100.0077,mm
5,13:32:04,卖,100.0100,1.0,10.00,100.0051,mm
5,13:32:21,卖,100.0050,1.0,10.00,99.9997,mm
5,13:32:21,买,99.9900,1.0,10.00,99.9895,mm
5,13:32:38,卖,100.0150,1.0,10.00,100.0119,mm
5,13:32:43,买,100.0050,1.0,10.00,100.0111,mm
5,13:32:47,买,100.0150,1.0,10.00,100.0164,mm
5,13:32:50,买,100.0100,1.0,10.00,100.0160,mm
5,13:32:57,卖,100.0200,1.0,10.00,100.0153,mm
5,13:33:01,卖,100.0350,1.0,10.00,100.0302,mm
5,13:33:06,卖,100.0350,1.0,10.00,100.0319,mm
5,13:33:15,卖,100.0500,1.0,10.01,100.0515,mm
5,13:33:17,买,100.0500,1.0,10.01,100.0474,mm
5,13:33:18,买,100.0350,1.0,10.00,100.0324,mm
5,13:33:24,买,100.0250,1.0,10.00,100.0261,mm
5,13:33:31,卖,100.0200,1.0,10.00,100.0151,mm
5,13:33:56,卖,100.0650,1.0,10.01,100.0667,mm
5,13:33:58,卖,100.0900,1.0,10.01,100.0911,mm
5,13:34:03,买,100.1000,1.0,10.01,100.1025,mm
5,13:34:10,买,100.0950,1.0,10.01,100.1003,mm
5,13:34:12,卖,100.1050,1.0,10.01,100.1021,mm
5,13:34:15,买,100.0850,1.0,10.01,100.0908,mm
5,13:34:26,买,100.0700,1.0,10.01,100.0747,mm
5,13:34:37,卖,100.1000,1.0,10.01,100.0950,mm
5,13:34:45,买,100.0950,1.0,10.01,100.0992,mm
5,13:35:01,卖,100.0700,1.0,10.01,100.0718,mm
5,13:35:02,买,100.0650,1.0,10.01,100.0645,mm
5,13:35:11,卖,100.0850,1.0,10.01,100.0820,mm
5,13:35:21,买,100.0600,1.0,10.01,100.0659,mm
5,13:35:27,卖,100.0800,1.0,10.01,100.0795,mm
5,13:35:33,卖,100.1050,1.0,10.01,100.0955,mm
5,13:35:48,买,100.0700,1.0,10.01,100.0761,mm
5,13:35:51,买,100.0500,1.0,10.01,100.0550,mm
5,13:36:01,卖,100.0650,1.0,10.01,100.0593,mm
5,13:36:02,买,100.0550,1.0,10.01,100.0597,mm
5,13:36:13,卖,100.0800,1.0,10.01,100.0684,mm
5,13:36:29,卖,100.0850,1.0,10.01,100.0812,mm
5,13:36:31,买,100.0700,1.0,10.01,100.0761,mm
5,13:36:31,买,100.0600,1.0,10.01,100.0616,mm
5,13:36:42,买,100.0450,1.0,10.00,100.0505,mm
5,13:36:43,卖,100.0600,1.0,10.01,100.0553,mm
5,13:36:51,卖,100.0750,1.0,10.01,100.0741,mm
5,13:36:55,卖,100.0900,1.0,10.01,100.0847,mm
5,13:37:03,买,100.0750,1.0,10.01,100.0766,mm
5,13:37:06,卖,100.1050,1.0,10.01,100.1016,mm
5,13:37:11,买,100.0800,1.0,10.01,100.0817,mm
5,13:37:11,卖,100.1050,1.0,10.01,100.0817,mm
5,13:37:16,买,100.0650,1.0,10.01,100.0677,mm
5,13:37:18,卖,100.0800,1.0,10.01,100.0691,mm
5,13:37:34,买,100.0550,1.0,10.01,100.0571,mm
5,13:37:39,卖,100.0900,1.0,10.01,100.0832,mm
5,13:37:49,卖,100.1200,1.0,10.01,100.1219,mm
5,13:37:52,买,100.1200,1.0,10.01,100.1249,mm
5,13:37:58,买,100.1150,1.0,10.01,100.1177,mm
5,13:38:00,卖,100.1350,1.0,10.01,100.1308,mm
5,13:38:03,买,100.1200,1.0,10.01,100.1229,mm
5,13:38:18,卖,100.1250,1.0,10.01,100.1149,mm
5,13:38:19,买,100.1050,1.0,10.01,100.1081,mm
5,13:38:42,卖,100.1600,1.0,10.02,100.1569,mm
5,13:38:48,买,100.1500,1.0,10.02,100.1536,mm
5,13:38:56,买,100.1400,1.0,10.01,100.1412,mm
5,13:39:02,卖,100.1200,1.0,10.01,100.1149,mm
5,13:39:09,买,100.1150,1.0,10.01,100.1183,mm
5,13:39:23,卖,100.1050,1.0,10.01,100.1036,mm
5,13:39:34,买,100.0750,1.0,10.01,100.0807,mm
5,13:39:47,卖,100.1050,1.0,10.01,100.0992,mm
5,13:39:55,卖,100.1200,1.0,10.01,100.1161,mm
5,13:39:58,买,100.1150,1.0,10.01,100.1192,mm
5,13:40:13,买,100.0900,1.0,10.01,100.0946,mm
5,13:40:17,卖,100.1300,1.0,10.01,100.1342,mm
5,13:40:23,买,100.0950,1.0,10.01,100.1012,mm
5,13:40:34,卖,100.0900,1.0,10.01,100.0912,mm
5,13:40:45,卖,100.1300,1.0,10.01,100.1249,mm
5,13:40:46,买,100.1050,1.0,10.01,100.1110,mm
5,13:40:54,买,100.0900,1.0,10.01,100.0950,mm
5,13:40:55,卖,100.1100,1.0,10.01,100.1073,mm
5,13:41:05,买,100.0850,1.0,10.01,100.0950,mm
5,13:41:25,卖,100.0900,1.0,10.01,100.0738,mm
5,13:41:38,买,100.0900,1.0,10.01,100.0945,mm
5,13:41:39,卖,100.1100,1.0,10.01,100.1152,mm
5,13:41:44,买,100.1050,1.0,10.01,100.1102,mm
5,13:42:09,卖,100.1000,1.0,10.01,100.0942,mm
5,13:42:15,买,100.0750,1.0,10.01,100.0795,mm
5,13:42:17,买,100.0650,1.0,10.01,100.0697,mm
5,13:42:27,卖,100.0500,1.0,10.01,100.0489,mm
5,13:42:37,买,100.0350,1.0,10.00,100.0409,mm
5,13:42:39,卖,100.0500,1.0,10.01,100.0475,mm
5,13:42:45,卖,100.0750,1.0,10.01,100.0657,mm
5,13:42:45,买,100.0500,1.0,10.01,100.0522,mm
5,13:42:49,卖,100.0650,1.0,10.01,100.0602,mm
5,13:42:52,买,100.0500,1.0,10.01,100.0526,mm
5,13:43:12,卖,100.0550,1.0,10.01,100.0544,mm
5,13:43:13,买,100.0350,1.0,10.00,100.0403,mm
5,13:43:26,卖,100.0450,1.0,10.00,100.0381,mm
5,13:43:29,卖,100.0550,1.0,10.01,100.0445,mm
5,13:43:31,买,100.0350,1.0,10.00,100.0398,mm
5,13:43:43,买,100.0500,1.0,10.01,100.0611,mm
5,13:44:03,卖,100.0900,1.0,10.01,100.0847,mm
5,13:44:08,卖,100.1000,1.0,10.01,100.0946,mm
5,13:44:21,卖,100.1200,1.0,10.01,100.1112,mm
5,13:44:25,买,100.1000,1.0,10.01,100.0985,mm
5,13:44:30,卖,100.1100,1.0,10.01,100.1025,mm
5,13:44:39,买,100.0950,1.0,10.01,100.1001,mm
5,13:44:45,卖,100.1150,1.0,10.01,100.1114,mm
5,13:44:47,买,100.1050,1.0,10.01,100.1101,mm
5,13:44:51,买,100.0750,1.0,10.01,100.0808,mm
5,13:44:55,买,100.0650,1.0,10.01,100.0631,mm
5,13:44:57,卖,100.0750,1.0,10.01,100.0737,mm
5,13:45:17,买,100.0250,1.0,10.00,100.0308,mm
5,13:45:42,卖,100.0000,1.0,10.00,99.9916,mm
5,13:45:45,买,99.9850,1.0,10.00,99.9904,mm
5,13:45:46,卖,100.0000,1.0,10.00,100.0007,mm
5,13:46:09,买,99.9950,1.0,10.00,100.0010,mm
5,13:46:10,卖,100.0100,1.0,10.00,100.0116,mm
5,13:46:19,卖,100.0100,1.0,10.00,99.9962,mm
5,13:46:28,卖,100.0150,1.0,10.00,100.0072,mm
5,13:46:34,买,99.9900,1.0,10.00,99.9913,mm
5,13:46:43,买,99.9850,1.0,10.00,99.9908,mm
5,13:46:47,卖,100.0050,1.0,10.00,100.0030,mm
5,13:46:52,买,99.9950,1.0,10.00,99.9898,mm
5,13:46:56,买,99.9750,1.0,10.00,99.9747,mm
5,13:46:58,卖,99.9950,1.0,10.00,99.9909,mm
5,13:46:59,买,99.9750,1.0,10.00,99.9807,mm
5,13:47:03,买,99.9650,1.0,10.00,99.9702,mm
5,13:47:03,卖,99.9800,1.0,10.00,99.9750,mm
5,13:47:05,买,99.9600,1.0,10.00,99.9619,mm
5,13:47:13,卖,99.9500,1.0,10.00,99.9442,mm
5,13:47:21,卖,99.9400,1.0,9.99,99.9415,mm
5,13:47:37,买,99.9250,1.0,9.99,99.9289,mm
5,13:47:48,卖,99.9400,1.0,9.99,99.9343,mm
5,13:47:56,买,99.9250,1.0,9.99,99.9300,mm
5,13:48:01,买,99.9350,1.0,9.99,99.9397,mm
5,13:48:06,卖,99.9600,1.0,10.00,99.9556,mm
5,13:48:13,卖,99.9650,1.0,10.00,99.9634,mm
5,13:48:35,买,99.9600,1.0,10.00,99.9662,mm
5,13:48:44,卖,99.9850,1.0,10.00,99.9823,mm
5,13:49:02,卖,100.0250,1.0,10.00,100.0192,mm
5,13:49:10,买,100.0050,1.0,10.00,100.0052,mm
5,13:49:29,买,100.0100,1.0,10.00,100.0138,mm
5,13:49:43,卖,100.0450,1.0,10.00,100.0404,mm
5,13:49:59,卖,100.0850,1.0,10.01,100.0694,mm
5,13:50:05,卖,100.0850,1.0,10.01,100.0820,mm
5,13:50:08,买,100.0800,1.0,10.01,100.0794,mm
5,13:50:32,买,100.0850,1.0,10.01,100.0909,mm
5,13:50:36,卖,100.1050,1.0,10.01,100.1015,mm
5,13:51:10,买,100.1200,1.0,10.01,100.1227,mm
5,13:51:11,卖,100.1350,1.0,10.01,100.1303,mm
5,13:51:14,买,100.1200,1.0,10.01,100.1231,mm
5,13:51:15,买,100.1200,1.0,10.01,100.1253,mm
5,13:51:27,卖,100.1350,1.0,10.01,100.1310,mm
5,13:51:40,卖,100.1150,1.0,10.01,100.1109,mm
5,13:51:46,买,100.1300,1.0,10.01,100.1338,mm
5,13:52:04,买,100.1200,1.0,10.01,100.1172,mm
5,13:52:10,买,100.0900,1.0,10.01,100.0942,mm
5,13:52:37,卖,100.0900,1.0,10.01,100.0859,mm
5,13:52:38,卖,100.0950,1.0,10.01,100.0892,mm
5,13:52:46,买,100.0750,1.0,10.01,100.0755,mm
5,13:52:57,卖,100.1050,1.0,10.01,100.0986,mm
5,13:53:19,卖,100.0950,1.0,10.01,100.0888,mm
5,13:53:45,买,100.0900,1.0,10.01,100.0960,mm
5,13:54:05,买,100.0850,1.0,10.01,100.0903,mm
5,13:54:15,买,100.0800,1.0,10.01,100.0856,mm
5,13:54:17,卖,100.0900,1.0,10.01,100.0880,mm
5,13:54:21,卖,100.1000,1.0,10.01,100.0946,mm
5,13:54:22,卖,100.1100,1.0,10.01,100.0995,mm
5,13:54:24,买,100.0900,1.0,10.01,100.0953,mm
5,13:54:34,买,100.1000,1.0,10.01,100.1050,mm
5,13:54:36,卖,100.1100,1.0,10.01,100.1041,mm
5,13:54:37,卖,100.1150,1.0,10.01,100.1197,mm
5,13:54:40,买,100.1300,1.0,10.01,100.1309,mm
5,13:54:41,买,100.1150,1.0,10.01,100.1149,mm
5,13:54:42,卖,100.1250,1.0,10.01,100.1232,mm
5,13:54:47,买,100.1000,1.0,10.01,100.1060,mm
5,13:54:54,卖,100.1000,1.0,10.01,100.0983,mm
5,13:54:55,买,100.0850,1.0,10.01,100.0885,mm
5,13:55:35,买,100.0950,1.0,10.01,100.1091,mm
5,13:55:44,卖,100.1350,1.0,10.01,100.1298,mm
5,13:55:45,卖,100.1350,1.0,10.01,100.1319,mm
5,13:56:58,买,100.2250,1.0,10.02,100.2271,mm
5,13:57:15,卖,100.2550,1.0,10.03,100.2538,mm
5,13:57:27,买,100.2450,1.0,10.02,100.2510,mm
5,13:57:36,卖,100.2550,1.0,10.03,100.2500,mm
5,13:57:37,卖,100.2650,1.0,10.03,100.2551,mm
5,13:57:40,买,100.2500,1.0,10.03,100.2503,mm
5,13:57:50,卖,100.2600,1.0,10.03,100.2551,mm
5,13:57:52,卖,100.2700,1.0,10.03,100.2750,mm
5,13:57:54,买,100.2700,1.0,10.03,100.2745,mm
5,13:58:01,买,100.2600,1.0,10.03,100.2660,mm
5,13:58:07,卖,100.2800,1.0,10.03,100.2652,mm
5,13:58:11,卖,100.2800,1.0,10.03,100.2693,mm
5,13:58:12,买,100.2600,1.0,10.03,100.2573,mm
5,13:58:29,买,100.2350,1.0,10.02,100.2331,mm
5,13:58:36,买,100.2000,1.0,10.02,100.2054,mm
5,13:58:54,卖,100.2350,1.0,10.02,100.2242,mm
5,13:58:57,买,100.2150,1.0,10.02,100.2150,mm
5,13:59:00,买,100.1950,1.0,10.02,100.1980,mm
5,13:59:06,卖,100.2050,1.0,10.02,100.1992,mm
5,13:59:15,买,100.1700,1.0,10.02,100.1707,mm
5,13:59:39,买,100.1250,1.0,10.01,100.1295,mm
5,13:59:43,卖,100.1350,1.0,10.01,100.1364,mm
5,13:59:46,卖,100.1350,1.0,10.01,100.1340,mm
5,13:59:48,买,100.1200,1.0,10.01,100.1261,mm
5,14:00:05,卖,100.1050,1.0,10.01,100.0996,mm
5,14:00:06,买,100.0850,1.0,10.01,100.0900,mm
5,14:00:09,卖,100.1000,1.0,10.01,100.0901,mm
5,14:00:15,买,100.0800,1.0,10.01,100.0758,mm
5,14:00:26,卖,100.0700,1.0,10.01,100.0665,mm
5,14:00:29,卖,100.0700,1.0,10.01,100.0643,mm
5,14:00:38,买,100.0650,1.0,10.01,100.0693,mm
5,14:01:01,买,100.0150,1.0,10.00,100.0159,mm
5,14:01:04,卖,100.0350,1.0,10.00,100.0328,mm
5,14:01:07,卖,100.0350,1.0,10.00,100.0309,mm
5,14:01:10,卖,100.0450,1.0,10.00,100.0477,mm
5,14:01:14,买,100.0400,1.0,10.00,100.0432,mm
5,14:01:28,卖,100.0550,1.0,10.01,100.0464,mm
5,14:01:51,卖,100.0750,1.0,10.01,100.0671,mm
5,14:01:56,买,100.0600,1.0,10.01,100.0586,mm
5,14:02:01,买,100.0250,1.0,10.00,100.0250,mm
5,14:02:27,买,99.9950,1.0,10.00,99.9968,mm
5,14:02:31,卖,100.0150,1.0,10.00,100.0111,mm
5,14:02:33,买,99.9900,1.0,10.00,99.9952,mm
5,14:02:37,卖,100.0100,1.0,10.00,100.0059,mm
5,14:02:42,买,99.9900,1.0,10.00,99.9924,mm
5,14:02:44,卖,100.0000,1.0,10.00,99.9934,mm
5,14:02:46,买,99.9750,1.0,10.00,99.9805,mm
5,14:03:04,卖,99.9700,1.0,10.00,99.9654,mm
5,14:03:21,卖,100.0000,1.0,10.00,99.9912,mm
5,14:03:22,买,99.9800,1.0,10.00,99.9847,mm
5,14:03:28,买,99.9750,1.0,10.00,99.9792,mm
5,14:03:53,买,99.9550,1.0,10.00,99.9578,mm
5,14:03:56,卖,99.9750,1.0,10.00,99.9724,mm
5,14:04:15,买,99.9550,1.0,10.00,99.9577,mm
5,14:04:19,卖,99.9550,1.0,10.00,99.9500,mm
5,14:04:44,卖,99.9950,1.0,10.00,99.9913,mm
5,14:04:46,卖,100.0200,1.0,10.00,100.0159,mm
5,14:04:47,卖,100.0300,1.0,10.00,100.0217,mm
5,14:04:50,卖,100.0500,1.0,10.01,100.0409,mm
5,14:05:04,买,100.0700,1.0,10.01,100.0742,mm
5,14:05:06,买,100.0650,1.0,10.01,100.0712,mm
5,14:05:10,买,100.0500,1.0,10.01,100.0548,mm
5,14:05:16,买,100.0550,1.0,10.01,100.0602,mm
5,14:05:17,卖,100.0700,1.0,10.01,100.0716,mm
5,14:05:19,买,100.0600,1.0,10.01,100.0592,mm
5,14:05:24,卖,100.0650,1.0,10.01,100.0583,mm
5,14:05:32,卖,100.0600,1.0,10.01,100.0505,mm
5,14:05:34,买,100.0400,1.0,10.00,100.0456,mm
5,14:05:51,买,100.0500,1.0,10.01,100.0524,mm
5,14:05:56,卖,100.0700,1.0,10.01,100.0697,mm
5,14:06:08,买,100.0950,1.0,10.01,100.1008,mm
5,14:06:11,买,100.0900,1.0,10.01,100.0947,mm
5,14:06:14,买,100.0750,1.0,10.01,100.0806,mm
5,14:06:20,卖,100.0700,1.0,10.01,100.0671,mm
5,14:06:22,卖,100.0750,1.0,10.01,100.0770,mm
5,14:06:26,卖,100.0900,1.0,10.01,100.0865,mm
5,14:06:29,卖,100.0950,1.0,10.01,100.0890,mm
5,14:06:32,买,100.0800,1.0,10.01,100.0850,mm
5,14:06:34,卖,100.1050,1.0,10.01,100.0956,mm
5,14:06:44,买,100.0850,1.0,10.01,100.0900,mm
5,14:07:18,买,100.0950,1.0,10.01,100.1008,mm
5,14:07:31,卖,100.1050,1.0,10.01,100.1022,mm
5,14:07:37,卖,100.1050,1.0,10.01,100.1013,mm
5,14:07:38,买,100.0900,1.0,10.01,100.0925,mm
5,14:07:48,卖,100.0900,1.0,10.01,100.0844,mm
5,14:08:07,卖,100.1200,1.0,10.01,100.1207,mm
5,14:08:13,卖,100.1250,1.0,10.01,100.1187,mm
5,14:08:17,买,100.1150,1.0,10.01,100.1212,mm
5,14:08:22,卖,100.1350,1.0,10.01,100.1324,mm
5,14:08:25,卖,100.1600,1.0,10.02,100.1590,mm
5,14:08:28,买,100.1500,1.0,10.02,100.1545,mm
5,14:08:32,买,100.1450,1.0,10.01,100.1502,mm
5,14:08:37,买,100.1250,1.0,10.01,100.1304,mm
5,14:08:39,买,100.1150,1.0,10.01,100.1183,mm
5,14:08:43,买,100.1150,1.0,10.01,100.1161,mm
5,14:08:56,卖,100.1400,1.0,10.01,100.1331,mm
5,14:09:10,卖,100.1450,1.0,10.01,100.1302,mm
5,14:09:10,卖,100.1450,1.0,10.01,100.1353,mm
5,14:09:12,卖,100.1450,1.0,10.01,100.1318,mm
5,14:09:15,买,100.1100,1.0,10.01,100.1152,mm
5,14:09:16,买,100.1050,1.0,10.01,100.1063,mm
5,14:09:19,买,100.0850,1.0,10.01,100.0901,mm
5,14:09:22,买,100.0850,1.0,10.01,100.0876,mm
5,14:09:24,买,100.0800,1.0,10.01,100.0811,mm
5,14:09:28,买,100.0550,1.0,10.01,100.0562,mm
5,14:09:40,卖,100.0700,1.0,10.01,100.0609,mm
5,14:09:44,卖,100.0800,1.0,10.01,100.0765,mm
5,14:09:56,买,100.0500,1.0,10.01,100.0518,mm
5,14:10:09,卖,100.0450,1.0,10.00,100.0488,mm
5,14:10:18,买,100.0250,1.0,10.00,100.0302,mm
5,14:10:25,卖,100.0350,1.0,10.00,100.0263,mm
5,14:10:43,卖,100.0050,1.0,10.00,100.0003,mm
5,14:10:44,卖,100.0150,1.0,10.00,100.0171,mm
5,14:10:47,买,100.0150,1.0,10.00,100.0207,mm
5,14:10:52,卖,100.0200,1.0,10.00,100.0244,mm
5,14:10:58,买,100.0250,1.0,10.00,100.0276,mm
5,14:11:01,卖,100.0350,1.0,10.00,100.0311,mm
5,14:11:05,卖,100.0500,1.0,10.01,100.0402,mm
5,14:11:15,买,100.0350,1.0,10.00,100.0390,mm
5,14:11:16,卖,100.0550,1.0,10.01,100.0479,mm
5,14:11:19,买,100.0450,1.0,10.00,100.0489,mm
5,14:11:24,买,100.0400,1.0,10.00,100.0398,mm
5,14:11:28,买,100.0350,1.0,10.00,100.0409,mm
5,14:11:38,卖,100.0650,1.0,10.01,100.0603,mm
5,14:11:48,卖,100.0800,1.0,10.01,100.0762,mm
5,14:11:49,买,100.0650,1.0,10.01,100.0702,mm
5,14:12:12,买,100.0850,1.0,10.01,100.0906,mm
5,14:12:28,卖,100.0750,1.0,10.01,100.0722,mm
5,14:12:38,卖,100.0850,1.0,10.01,100.0754,mm
5,14:12:39,卖,100.0850,1.0,10.01,100.0723,mm
5,14:12:46,买,100.0650,1.0,10.01,100.0690,mm
5,14:13:05,买,100.0750,1.0,10.01,100.0781,mm
5,14:13:22,买,100.1050,1.0,10.01,100.1089,mm
5,14:13:24,卖,100.1150,1.0,10.01,100.1112,mm
5,14:13:27,买,100.1100,1.0,10.01,100.1121,mm
5,14:13:28,买,100.1000,1.0,10.01,100.1057,mm
5,14:13:37,卖,100.1250,1.0,10.01,100.1191,mm
5,14:13:47,买,100.0900,1.0,10.01,100.0942,mm
5,14:14:01,卖,100.1300,1.0,10.01,100.1261,mm
5,14:14:18,买,100.1300,1.0,10.01,100.1342,mm
5,14:14:21,买,100.1150,1.0,10.01,100.1142,mm
5,14:14:24,卖,100.1200,1.0,10.01,100.1127,mm
5,14:14:26,买,100.1000,1.0,10.01,100.1027,mm
5,14:14:29,卖,100.0950,1.0,10.01,100.0895,mm
5,14:14:42,卖,100.0950,1.0,10.01,100.0880,mm
5,14:14:50,买,100.0600,1.0,10.01,100.0629,mm
5,14:14:54,卖,100.0750,1.0,10.01,100.0699,mm
5,14:14:59,买,100.0700,1.0,10.01,100.0748,mm
5,14:15:09,卖,100.0750,1.0,10.01,100.0693,mm
5,14:15:18,买,100.0600,1.0,10.01,100.0654,mm
5,14:15:29,卖,100.0650,1.0,10.01,100.0613,mm
5,14:15:32,卖,100.0750,1.0,10.01,100.0716,mm
5,14:15:42,买,100.0550,1.0,10.01,100.0610,mm
5,14:15:49,买,100.0600,1.0,10.01,100.0681,mm
5,14:15:54,卖,100.0850,1.0,10.01,100.0813,mm
5,14:16:13,卖,100.0700,1.0,10.01,100.0642,mm
5,14:16:14,买,100.0500,1.0,10.01,100.0485,mm
5,14:16:22,买,100.0500,1.0,10.01,100.0610,mm
5,14:16:30,卖,100.0500,1.0,10.01,100.0448,mm
5,14:16:32,卖,100.0600,1.0,10.01,100.0575,mm
5,14:16:38,卖,100.0600,1.0,10.01,100.0572,mm
5,14:16:39,买,100.0450,1.0,10.00,100.0501,mm
5,14:16:44,买,100.0350,1.0,10.00,100.0370,mm
5,14:17:00,卖,100.0800,1.0,10.01,100.0719,mm
5,14:17:12,买,100.0600,1.0,10.01,100.0637,mm
5,14:17:34,卖,100.0600,1.0,10.01,100.0549,mm
5,14:17:35,买,100.0450,1.0,10.00,100.0492,mm
5,14:17:51,卖,100.0550,1.0,10.01,100.0606,mm
5,14:18:01,卖,100.0900,1.0,10.01,100.0865,mm
5,14:18:04,买,100.0750,1.0,10.01,100.0806,mm
5,14:18:04,买,100.0700,1.0,10.01,100.0704,mm
5,14:18:11,卖,100.0800,1.0,10.01,100.0761,mm
5,14:18:27,卖,100.0950,1.0,10.01,100.0997,mm
5,14:18:31,买,100.0850,1.0,10.01,100.0909,mm
5,14:18:50,买,100.0450,1.0,10.00,100.0497,mm
5,14:19:00,卖,100.0700,1.0,10.01,100.0664,mm
5,14:19:03,买,100.0550,1.0,10.01,100.0595,mm
5,14:19:06,卖,100.0700,1.0,10.01,100.0641,mm
5,14:19:40,卖,100.0950,1.0,10.01,100.0866,mm
5,14:19:41,买,100.0750,1.0,10.01,100.0793,mm
5,14:19:42,买,100.0650,1.0,10.01,100.0697,mm
5,14:19:43,卖,100.0800,1.0,10.01,100.0759,mm
5,14:19:54,买,100.0950,1.0,10.01,100.0995,mm
5,14:20:25,卖,100.0550,1.0,10.01,100.0507,mm
5,14:20:26,买,100.0350,1.0,10.00,100.0399,mm
5,14:20:38,卖,100.0400,1.0,10.00,100.0344,mm
5,14:20:59,买,100.0350,1.0,10.00,100.0397,mm
5,14:21:04,卖,100.0700,1.0,10.01,100.0646,mm
5,14:21:14,买,100.0500,1.0,10.01,100.0518,mm
5,14:21:27,卖,100.0100,1.0,10.00,100.0008,mm
5,14:21:33,卖,100.0200,1.0,10.00,100.0209,mm
5,14:21:44,买,100.0150,1.0,10.00,100.0182,mm
5,14:21:51,卖,100.0300,1.0,10.00,100.0266,mm
5,14:21:55,卖,100.0350,1.0,10.00,100.0279,mm
5,14:22:00,卖,100.0350,1.0,10.00,100.0215,mm
5,14:22:14,卖,100.0400,1.0,10.00,100.0347,mm
5,14:22:35,买,100.0100,1.0,10.00,100.0131,mm
5,14:22:37,买,100.0050,1.0,10.00,100.0098,mm
5,14:22:53,买,100.0300,1.0,10.00,100.0361,mm
5,14:22:54,买,100.0250,1.0,10.00,100.0312,mm
5,14:23:03,卖,100.0150,1.0,10.00,100.0063,mm
5,14:23:06,买,100.0050,1.0,10.00,100.0107,mm
5,14:23:11,买,100.0000,1.0,10.00,100.0029,mm
5,14:23:40,卖,99.9950,1.0,10.00,99.9920,mm
5,14:23:43,买,99.9850,1.0,10.00,99.9898,mm
5,14:23:48,卖,100.0100,1.0,10.00,100.0107,mm
5,14:23:56,卖,100.0550,1.0,10.01,100.0558,mm
5,14:24:00,买,100.0550,1.0,10.01,100.0559,mm
5,14:24:02,卖,100.0700,1.0,10.01,100.0683,mm
5,14:24:04,买,100.0600,1.0,10.01,100.0599,mm
5,14:24:05,买,100.0450,1.0,10.00,100.0485,mm
5,14:24:07,卖,100.0700,1.0,10.01,100.0648,mm
5,14:24:11,买,100.0600,1.0,10.01,100.0639,mm
5,14:24:15,卖,100.0800,1.0,10.01,100.0742,mm
5,14:24:38,买,100.0150,1.0,10.00,100.0211,mm
5,14:24:45,卖,100.0600,1.0,10.01,100.0579,mm
5,14:25:08,买,100.0850,1.0,10.01,100.0836,mm
5,14:25:10,卖,100.1050,1.0,10.01,100.0949,mm
5,14:25:27,卖,100.0900,1.0,10.01,100.0896,mm
5,14:25:32,卖,100.1150,1.0,10.01,100.1185,mm
5,14:25:35,买,100.1050,1.0,10.01,100.1081,mm
5,14:25:39,买,100.1050,1.0,10.01,100.1094,mm
5,14:25:59,买,100.1250,1.0,10.01,100.1295,mm
5,14:26:00,卖,100.1400,1.0,10.01,100.1356,mm
5,14:26:07,买,100.1150,1.0,10.01,100.1201,mm
5,14:26:20,卖,100.1300,1.0,10.01,100.1255,mm
5,14:26:22,买,100.1150,1.0,10.01,100.1207,mm
5,14:26:33,卖,100.1500,1.0,10.02,100.1511,mm
5,14:26:33,买,100.1400,1.0,10.01,100.1402,mm
5,14:26:39,买,100.1350,1.0,10.01,100.1412,mm
5,14:26:43,卖,100.1400,1.0,10.01,100.1432,mm
5,14:26:49,买,100.1300,1.0,10.01,100.1362,mm
5,14:26:56,卖,100.1550,1.0,10.02,100.1507,mm
5,14:26:59,买,100.1150,1.0,10.01,100.1211,mm
5,14:27:00,卖,100.1300,1.0,10.01,100.1276,mm
5,14:27:01,买,100.1150,1.0,10.01,100.1190,mm
5,14:27:06,卖,100.1350,1.0,10.01,100.1293,mm
5,14:27:10,买,100.1250,1.0,10.01,100.1305,mm
5,14:27:13,卖,100.1450,1.0,10.01,100.1391,mm
5,14:27:26,卖,100.1350,1.0,10.01,100.1194,mm
5,14:27:29,卖,100.1250,1.0,10.01,100.1158,mm
5,14:27:31,买,100.1050,1.0,10.01,100.1044,mm
5,14:27:46,买,100.0900,1.0,10.01,100.0938,mm
5,14:27:56,卖,100.1150,1.0,10.01,100.1080,mm
5,14:27:57,买,100.1000,1.0,10.01,100.1128,mm
5,14:28:05,买,100.0900,1.0,10.01,100.0941,mm
5,14:28:05,卖,100.1050,1.0,10.01,100.1100,mm
5,14:28:18,卖,100.1100,1.0,10.01,100.0990,mm
5,14:28:26,卖,100.1500,1.0,10.02,100.1393,mm
5,14:28:29,卖,100.1650,1.0,10.02,100.1679,mm
5,14:28:35,卖,100.2050,1.0,10.02,100.1975,mm
5,14:28:36,买,100.1900,1.0,10.02,100.1948,mm
5,14:28:41,买,100.1700,1.0,10.02,100.1700,mm
5,14:28:44,卖,100.1950,1.0,10.02,100.1906,mm
5,14:29:01,买,100.1650,1.0,10.02,100.1697,mm
5,14:29:24,卖,100.2000,1.0,10.02,100.1851,mm
5,14:29:25,卖,100.2000,1.0,10.02,100.1849,mm
5,14:29:25,卖,100.2000,1.0,10.02,100.1847,mm
5,14:29:26,买,100.1750,1.0,10.02,100.1800,mm
5,14:29:40,买,100.2050,1.0,10.02,100.2057,mm
5,14:29:46,买,100.1950,1.0,10.02,100.1945,mm
5,14:29:49,买,100.2000,1.0,10.02,100.2060,mm
5,14:30:00,买,100.1900,1.0,10.02,100.1955,mm
5,14:30:01,买,100.1800,1.0,10.02,100.1737,mm
5,14:30:12,卖,100.1700,1.0,10.02,100.1662,mm
5,14:30:15,买,100.1550,1.0,10.02,100.1601,mm
5,14:30:27,卖,100.1800,1.0,10.02,100.1757,mm
5,14:30:28,买,100.1600,1.0,10.02,100.1616,mm
5,14:30:32,卖,100.1600,1.0,10.02,100.1542,mm
5,14:30:36,买,100.1400,1.0,10.01,100.1448,mm
5,14:30:39,卖,100.1500,1.0,10.02,100.1476,mm
5,14:30:45,卖,100.1700,1.0,10.02,100.1670,mm
5,14:30:49,买,100.1500,1.0,10.02,100.1512,mm
5,14:31:17,买,100.1500,1.0,10.02,100.1528,mm
5,14:32:05,买,100.1600,1.0,10.02,100.1673,mm
5,14:32:23,卖,100.1550,1.0,10.02,100.1527,mm
5,14:32:25,卖,100.1600,1.0,10.02,100.1542,mm
5,14:32:33,卖,100.1450,1.0,10.01,100.1411,mm
5,14:32:39,买,100.1150,1.0,10.01,100.1194,mm
5,14:32:44,卖,100.1350,1.0,10.01,100.1290,mm
5,14:32:53,卖,100.1200,1.0,10.01,100.1104,mm
5,14:33:00,卖,100.1250,1.0,10.01,100.1179,mm
5,14:33:13,买,100.1350,1.0,10.01,100.1404,mm
5,14:33:20,买,100.1050,1.0,10.01,100.1015,mm
5,14:33:21,买,100.0900,1.0,10.01,100.0960,mm
5,14:33:23,买,100.0650,1.0,10.01,100.0662,mm
5,14:33:39,买,100.0450,1.0,10.00,100.0471,mm
5,14:33:42,卖,100.0550,1.0,10.01,100.0535,mm
5,14:33:53,卖,100.0600,1.0,10.01,100.0588,mm
5,14:33:58,卖,100.0950,1.0,10.01,100.0968,mm
5,14:33:59,卖,100.1150,1.0,10.01,100.1072,mm
5,14:34:02,卖,100.1100,1.0,10.01,100.1060,mm
5,14:34:06,买,100.1050,1.0,10.01,100.1062,mm
5,14:34:07,买,100.1000,1.0,10.01,100.0988,mm
5,14:34:11,买,100.0800,1.0,10.01,100.0858,mm
5,14:34:13,买,100.0750,1.0,10.01,100.0804,mm
5,14:34:19,卖,100.0850,1.0,10.01,100.0788,mm
5,14:34:27,买,100.0500,1.0,10.01,100.0496,mm
5,14:34:40,卖,100.0650,1.0,10.01,100.0592,mm
5,14:34:56,买,100.0450,1.0,10.00,100.0496,mm
5,14:35:04,卖,100.0600,1.0,10.01,100.0596,mm
5,14:35:06,买,100.0500,1.0,10.01,100.0535,mm
5,14:35:21,卖,100.0150,1.0,10.00,100.0117,mm
5,14:35:44,卖,100.0100,1.0,10.00,100.0040,mm
5,14:35:57,买,100.0150,1.0,10.00,100.0136,mm
5,14:36:01,卖,100.0300,1.0,10.00,100.0165,mm
5,14:36:09,买,100.0050,1.0,10.00,100.0110,mm
5,14:36:14,卖,100.0200,1.0,10.00,100.0193,mm
5,14:36:20,买,100.0250,1.0,10.00,100.0277,mm
5,14:36:24,买,100.0200,1.0,10.00,100.0215,mm
5,14:36:47,卖,100.0450,1.0,10.00,100.0487,mm
5,14:36:59,卖,100.0850,1.0,10.01,100.0812,mm
5,14:37:47,卖,100.0750,1.0,10.01,100.0676,mm
5,14:37:54,买,100.0700,1.0,10.01,100.0754,mm
5,14:37:58,买,100.0700,1.0,10.01,100.0762,mm
5,14:38:05,买,100.0750,1.0,10.01,100.0754,mm
5,14:38:08,卖,100.0700,1.0,10.01,100.0698,mm
5,14:38:19,买,100.0650,1.0,10.01,100.0712,mm
5,14:38:20,卖,100.0800,1.0,10.01,100.0841,mm
5,14:38:31,买,100.0450,1.0,10.00,100.0505,mm
5,14:38:48,买,100.0250,1.0,10.00,100.0234,mm
5,14:39:04,卖,100.0000,1.0,10.00,99.9938,mm
5,14:39:11,卖,100.0150,1.0,10.00,100.0117,mm
5,14:39:12,卖,100.0250,1.0,10.00,100.0198,mm
5,14:39:18,卖,100.0250,1.0,10.00,100.0220,mm
5,14:39:30,买,100.0200,1.0,10.00,100.0246,mm
5,14:40:02,买,100.0400,1.0,10.00,100.0467,mm
5,14:40:04,卖,100.0500,1.0,10.01,100.0436,mm
5,14:40:09,买,100.0200,1.0,10.00,100.0258,mm
5,14:40:10,卖,100.0400,1.0,10.00,100.0364,mm
5,14:40:11,买,100.0250,1.0,10.00,100.0276,mm
5,14:40:27,买,99.9900,1.0,10.00,99.9957,mm
5,14:40:35,卖,99.9900,1.0,10.00,99.9831,mm
5,14:40:48,买,99.9800,1.0,10.00,99.9861,mm
5,14:40:52,卖,99.9750,1.0,10.00,99.9696,mm
5,14:40:57,卖,100.0000,1.0,10.00,99.9975,mm
5,14:40:59,买,99.9750,1.0,10.00,99.9752,mm
5,14:41:20,买,99.9500,1.0,10.00,99.9557,mm
5,14:41:32,买,99.9350,1.0,9.99,99.9411,mm
5,14:41:38,卖,99.9650,1.0,10.00,99.9615,mm
5,14:41:39,卖,99.9700,1.0,10.00,99.9643,mm
5,14:41:42,卖,99.9650,1.0,10.00,99.9615,mm
5,14:41:47,卖,99.9900,1.0,10.00,99.9864,mm
5,14:42:07,买,99.9900,1.0,10.00,99.9896,mm
5,14:42:15,卖,100.0100,1.0,10.00,100.0024,mm
5,14:42:16,买,99.9950,1.0,10.00,99.9973,mm
5,14:42:29,卖,100.0250,1.0,10.00,100.0200,mm
5,14:42:38,卖,100.0300,1.0,10.00,100.0361,mm
5,14:42:42,买,100.0200,1.0,10.00,100.0259,mm
5,14:42:43,买,100.0150,1.0,10.00,100.0212,mm
5,14:42:45,买,100.0050,1.0,10.00,100.0056,mm
5,14:42:48,卖,100.0050,1.0,10.00,99.9996,mm
5,14:42:49,买,99.9800,1.0,10.00,99.9830,mm
5,14:42:58,买,99.9800,1.0,10.00,99.9857,mm
5,14:43:00,卖,99.9900,1.0,10.00,99.9870,mm
5,14:43:10,买,99.9550,1.0,10.00,99.9603,mm
5,14:43:15,卖,99.9650,1.0,10.00,99.9581,mm
5,14:43:21,卖,99.9650,1.0,10.00,99.9679,mm
5,14:43:30,卖,99.9750,1.0,10.00,99.9726,mm
5,14:43:35,卖,99.9950,1.0,10.00,99.9846,mm
5,14:43:43,买,99.9800,1.0,10.00,99.9787,mm
5,14:44:05,买,99.9650,1.0,10.00,99.9667,mm
5,14:44:25,卖,99.9550,1.0,10.00,99.9508,mm
5,14:44:32,卖,99.9700,1.0,10.00,99.9646,mm
5,14:44:40,买,99.9450,1.0,9.99,99.9488,mm
5,14:44:42,卖,99.9550,1.0,10.00,99.9516,mm
5,14:44:52,买,99.9350,1.0,9.99,99.9408,mm
5,14:45:13,买,99.9400,1.0,9.99,99.9448,mm
5,14:45:16,买,99.9350,1.0,9.99,99.9350,mm
5,14:45:30,卖,99.9850,1.0,10.00,99.9814,mm
5,14:45:44,买,99.9600,1.0,10.00,99.9660,mm
5,14:46:24,买,99.9900,1.0,10.00,99.9940,mm
5,14:46:39,买,99.9550,1.0,10.00,99.9588,mm
5,14:46:50,卖,99.9500,1.0,10.00,99.9465,mm
5,14:46:51,卖,99.9600,1.0,10.00,99.9574,mm
5,14:46:53,卖,99.9800,1.0,10.00,99.9728,mm
5,14:46:55,买,99.9600,1.0,10.00,99.9651,mm
5,14:46:57,买,99.9450,1.0,9.99,99.9492,mm
5,14:46:58,卖,99.9600,1.0,10.00,99.9576,mm
5,14:47:00,卖,99.9700,1.0,10.00,99.9663,mm
5,14:47:13,卖,99.9550,1.0,10.00,99.9517,mm
5,14:47:31,卖,100.0000,1.0,10.00,99.9910,mm
5,14:47:32,卖,100.0100,1.0,10.00,100.0066,mm
5,14:47:40,买,100.0050,1.0,10.00,100.0055,mm
5,14:47:51,买,99.9900,1.0,10.00,99.9893,mm
5,14:47:52,买,99.9750,1.0,10.00,99.9804,mm
5,14:48:04,卖,99.9850,1.0,10.00,99.9833,mm
5,14:48:10,卖,100.0000,1.0,10.00,99.9992,mm
5,14:48:34,卖,99.9550,1.0,10.00,99.9515,mm
5,14:48:52,买,99.9600,1.0,10.00,99.9661,mm
5,14:48:58,买,99.9500,1.0,10.00,99.9557,mm
5,14:49:02,卖,99.9700,1.0,10.00,99.9669,mm
5,14:49:16,卖,100.0250,1.0,10.00,100.0175,mm
5,14:49:24,买,100.0250,1.0,10.00,100.0309,mm
5,14:49:28,买,100.0250,1.0,10.00,100.0339,mm
5,14:49:37,卖,100.0750,1.0,10.01,100.0654,mm
5,14:49:52,卖,100.0700,1.0,10.01,100.0664,mm
5,14:50:04,卖,100.1050,1.0,10.01,100.1025,mm
5,14:50:05,买,100.0900,1.0,10.01,100.0951,mm
5,14:50:10,卖,100.1100,1.0,10.01,100.0927,mm
5,14:50:18,买,100.1100,1.0,10.01,100.1116,mm
5,14:50:39,买,100.1250,1.0,10.01,100.1292,mm
5,14:50:49,买,100.1300,1.0,10.01,100.1335,mm
5,14:50:55,买,100.1250,1.0,10.01,100.1269,mm
5,14:51:00,卖,100.1500,1.0,10.02,100.1519,mm
5,14:51:08,买,100.1450,1.0,10.01,100.1453,mm
5,14:51:10,卖,100.1650,1.0,10.02,100.1544,mm
5,14:51:24,卖,100.1750,1.0,10.02,100.1638,mm
5,14:51:37,卖,100.1750,1.0,10.02,100.1695,mm
5,14:51:57,买,100.1700,1.0,10.02,100.1744,mm
5,14:52:04,卖,100.2000,1.0,10.02,100.1946,mm
5,14:52:05,卖,100.2000,1.0,10.02,100.1922,mm
5,14:52:18,买,100.1800,1.0,10.02,100.1833,mm
5,14:52:24,买,100.1550,1.0,10.02,100.1600,mm
5,14:52:28,卖,100.1550,1.0,10.02,100.1469,mm
5,14:52:32,买,100.1400,1.0,10.01,100.1441,mm
5,14:52:52,买,100.1450,1.0,10.01,100.1464,mm
5,14:52:55,买,100.1400,1.0,10.01,100.1460,mm
5,14:53:26,买,100.1150,1.0,10.01,100.1212,mm
5,14:53:31,卖,100.1250,1.0,10.01,100.1173,mm
5,14:53:39,买,100.1050,1.0,10.01,100.1107,mm
5,14:53:39,卖,100.1300,1.0,10.01,100.1324,mm
5,14:53:41,买,100.1200,1.0,10.01,100.1192,mm
5,14:53:45,买,100.1100,1.0,10.01,100.1162,mm
5,14:53:46,卖,100.1300,1.0,10.01,100.1243,mm
5,14:53:50,买,100.1050,1.0,10.01,100.1070,mm
5,14:54:00,买,100.1150,1.0,10.01,100.1196,mm
5,14:54:05,卖,100.1150,1.0,10.01,100.1082,mm
5,14:54:13,买,100.1100,1.0,10.01,100.1156,mm
5,14:54:15,卖,100.1100,1.0,10.01,100.1150,mm
5,14:54:22,卖,100.1200,1.0,10.01,100.1264,mm
5,14:54:28,买,100.1200,1.0,10.01,100.1244,mm
5,14:54:30,卖,100.1350,1.0,10.01,100.1364,mm
5,14:54:31,买,100.1250,1.0,10.01,100.1309,mm
5,14:54:43,卖,100.1250,1.0,10.01,100.1206,mm
5,14:54:49,卖,100.1500,1.0,10.02,100.1470,mm
5,14:54:51,买,100.1350,1.0,10.01,100.1336,mm
5,14:55:00,买,100.1200,1.0,10.01,100.1204,mm
5,14:55:04,卖,100.1300,1.0,10.01,100.1261,mm
5,14:55:07,卖,100.1150,1.0,10.01,100.1094,mm
5,14:55:22,卖,100.1000,1.0,10.01,100.0967,mm
5,14:55:27,买,100.0850,1.0,10.01,100.0887,mm
5,14:55:44,卖,100.0950,1.0,10.01,100.0888,mm
5,14:55:47,买,100.0850,1.0,10.01,100.0878,mm
5,14:55:51,卖,100.1150,1.0,10.01,100.1097,mm
5,14:55:56,买,100.0850,1.0,10.01,100.0907,mm
5,14:55:58,买,100.0800,1.0,10.01,100.0845,mm
5,14:56:18,卖,100.1100,1.0,10.01,100.1135,mm
5,14:56:19,买,100.1050,1.0,10.01,100.1075,mm
5,14:56:24,买,100.0800,1.0,10.01,100.0784,mm
5,14:56:27,卖,100.0950,1.0,10.01,100.0833,mm
5,14:56:30,卖,100.1000,1.0,10.01,100.0905,mm
5,14:56:33,买,100.0700,1.0,10.01,100.0808,mm
5,14:56:38,卖,100.1000,1.0,10.01,100.0946,mm
5,14:56:56,买,100.1400,1.0,10.01,100.1438,mm
5,14:57:11,买,100.1250,1.0,10.01,100.1284,mm
5,14:57:15,买,100.1350,1.0,10.01,100.1361,mm
5,14:57:18,卖,100.1500,1.0,10.02,100.1465,mm
5,14:57:25,卖,100.1650,1.0,10.02,100.1622,mm
5,14:57:31,买,100.1500,1.0,10.02,100.1561,mm
5,14:57:33,买,100.1450,1.0,10.01,100.1481,mm
5,14:57:34,买,100.1350,1.0,10.01,100.1410,mm
5,14:57:37,卖,100.1600,1.0,10.02,100.1611,mm
5,14:57:47,卖,100.1750,1.0,10.02,100.1722,mm
5,14:57:54,买,100.1550,1.0,10.02,100.1611,mm
5,14:57:57,卖,100.1600,1.0,10.02,100.1573,mm
5,14:58:02,卖,100.1850,1.0,10.02,100.1802,mm
5,14:58:04,卖,100.1950,1.0,10.02,100.1971,mm
5,14:58:33,卖,100.2000,1.0,10.02,100.1948,mm
5,14:58:47,买,100.2250,1.0,10.02,100.2378,mm
5,14:58:48,买,100.2250,1.0,10.02,100.2358,mm
5,14:58:48,买,100.2250,1.0,10.02,100.2331,mm
5,14:58:54,买,100.2400,1.0,10.02,100.2501,mm
5,14:58:58,买,100.2300,1.0,10.02,100.2356,mm
5,14:58:59,卖,100.2450,1.0,10.02,100.2413,mm
5,14:59:04,卖,100.2600,1.0,10.03,100.2591,mm
5,14:59:07,买,100.2500,1.0,10.03,100.2472,mm
5,14:59:10,卖,100.2700,1.0,10.03,100.2591,mm
5,14:59:11,卖,100.2700,1.0,10.03,100.2595,mm
5,14:59:11,卖,100.2700,1.0,10.03,100.2603,mm
5,14:59:19,买,100.2350,1.0,10.02,100.2377,mm
5,14:59:21,卖,100.2550,1.0,10.03,100.2503,mm
5,14:59:28,卖,100.2700,1.0,10.03,100.2575,mm
5,14:59:29,卖,100.2700,1.0,10.03,100.2599,mm
5,14:59:32,卖,100.2750,1.0,10.03,100.2804,mm
5,14:59:35,卖,100.2950,1.0,10.03,100.2945,mm
5,14:59:43,卖,100.3000,1.0,10.03,100.2951,mm
5,14:59:45,买,100.2750,1.0,10.03,100.2804,mm
5,14:59:46,卖,100.2950,1.0,10.03,100.2932,mm
5,14:59:48,卖,100.3100,1.0,10.03,100.3035,mm
5,14:59:55,买,100.2900,1.0,10.03,100.2946,mm
5,15:00:02,买,100.2750,1.0,10.03,100.2672,mm
5,15:00:03,买,100.2700,1.0,10.03,100.2587,mm
5,15:00:04,买,100.2550,1.0,10.03,100.2497,mm
5,15:00:08,买,100.2650,1.0,10.03,100.2583,mm
5,15:00:09,买,100.2550,1.0,10.03,100.2519,mm
6,09:15:02,买,100.4450,1.0,10.04,100.4460,mm
6,09:15:16,卖,100.4600,1.0,10.05,100.4546,mm
6,09:15:24,买,100.4250,1.0,10.04,100.4304,mm
6,09:15:41,卖,100.4300,1.0,10.04,100.4264,mm
6,09:15:44,卖,100.4450,1.0,10.04,100.4426,mm
6,09:15:49,买,100.4400,1.0,10.04,100.4455,mm
6,09:15:50,买,100.4450,1.0,10.04,100.4481,mm
6,09:15:55,买,100.4450,1.0,10.04,100.4488,mm
6,09:16:01,卖,100.4450,1.0,10.04,100.4391,mm
6,09:16:02,卖,100.4550,1.0,10.05,100.4482,mm
6,09:16:06,卖,100.4700,1.0,10.05,100.4592,mm
6,09:16:10,买,100.4400,1.0,10.04,100.4528,mm
6,09:16:18,买,100.4300,1.0,10.04,100.4349,mm
6,09:16:23,卖,100.4250,1.0,10.04,100.4294,mm
6,09:16:24,买,100.4200,1.0,10.04,100.4193,mm
6,09:16:29,卖,100.4350,1.0,10.04,100.4255,mm
6,09:16:33,买,100.4250,1.0,10.04,100.4286,mm
6,09:16:34,买,100.4100,1.0,10.04,100.4125,mm
6,09:16:37,买,100.3800,1.0,10.04,100.3859,mm
6,09:16:39,卖,100.3950,1.0,10.04,100.3942,mm
6,09:16:42,卖,100.4100,1.0,10.04,100.4049,mm
6,09:16:47,卖,100.4150,1.0,10.04,100.4099,mm
6,09:16:49,卖,100.4250,1.0,10.04,100.4244,mm
6,09:16:56,买,100.4200,1.0,10.04,100.4235,mm
6,09:16:58,卖,100.4400,1.0,10.04,100.4386,mm
6,09:17:09,买,100.4350,1.0,10.04,100.4347,mm
6,09:17:10,买,100.4350,1.0,10.04,100.4395,mm
6,09:17:11,卖,100.4500,1.0,10.05,100.4520,mm
6,09:17:17,卖,100.4800,1.0,10.05,100.4752,mm
6,09:17:18,买,100.4650,1.0,10.05,100.4705,mm
6,09:17:28,卖,100.4850,1.0,10.05,100.4704,mm
6,09:17:29,买,100.4600,1.0,10.05,100.4661,mm
6,09:17:48,买,100.4450,1.0,10.04,100.4465,mm
6,09:17:50,卖,100.4600,1.0,10.05,100.4555,mm
6,09:17:53,卖,100.4800,1.0,10.05,100.4745,mm
6,09:18:00,买,100.4750,1.0,10.05,100.4810,mm
6,09:18:14,买,100.4550,1.0,10.05,100.4579,mm
6,09:18:21,卖,100.5000,1.0,10.05,100.4960,mm
6,09:18:25,买,100.4850,1.0,10.05,100.4874,mm
6,09:18:41,卖,100.4800,1.0,10.05,100.4672,mm
6,09:18:42,卖,100.4800,1.0,10.05,100.4775,mm
6,09:18:44,卖,100.4800,1.0,10.05,100.4718,mm
6,09:18:47,买,100.4850,1.0,10.05,100.4890,mm
6,09:18:56,买,100.5150,1.0,10.05,100.5145,mm
6,09:19:00,买,100.5050,1.0,10.05,100.5077,mm
6,09:19:04,卖,100.5150,1.0,10.05,100.5092,mm
6,09:19:34,买,100.5100,1.0,10.05,100.5153,mm
6,09:19:37,买,100.4900,1.0,10.05,100.4946,mm
6,09:19:43,卖,100.4800,1.0,10.05,100.4813,mm
6,09:19:45,卖,100.4900,1.0,10.05,100.4907,mm
6,09:19:55,卖,100.4850,1.0,10.05,100.4800,mm
6,09:20:07,买,100.4900,1.0,10.05,100.4940,mm
6,09:20:23,卖,100.5000,1.0,10.05,100.4903,mm
6,09:20:26,买,100.4750,1.0,10.05,100.4749,mm
6,09:20:27,买,100.4600,1.0,10.05,100.4583,mm
6,09:20:58,卖,100.4250,1.0,10.04,100.4196,mm
6,09:21:08,买,100.4150,1.0,10.04,100.4158,mm
6,09:21:35,卖,100.3850,1.0,10.04,100.3811,mm
6,09:22:06,买,100.3550,1.0,10.04,100.3569,mm
6,09:22:17,卖,100.3400,1.0,10.03,100.3370,mm
6,09:22:34,买,100.3000,1.0,10.03,100.3034,mm
6,09:22:42,卖,100.2950,1.0,10.03,100.2894,mm
6,09:22:49,买,100.2800,1.0,10.03,100.2859,mm
6,09:22:53,卖,100.3000,1.0,10.03,100.2960,mm
6,09:23:08,卖,100.3000,1.0,10.03,100.3023,mm
6,09:23:33,买,100.3200,1.0,10.03,100.3260,mm
6,09:23:52,卖,100.3500,1.0,10.04,100.3453,mm
6,09:23:55,买,100.3550,1.0,10.04,100.3583,mm
6,09:24:00,卖,100.3700,1.0,10.04,100.3513,mm
6,09:24:00,卖,100.3700,1.0,10.04,100.3558,mm
6,09:24:01,买,100.3500,1.0,10.04,100.3483,mm
6,09:24:02,买,100.3450,1.0,10.03,100.3457,mm
6,09:24:27,卖,100.3800,1.0,10.04,100.3706,mm
6,09:24:42,买,100.3600,1.0,10.04,100.3586,mm
6,09:24:47,买,100.3350,1.0,10.03,100.3411,mm
6,09:25:38,卖,100.2850,1.0,10.03,100.2841,mm
6,09:25:42,买,100.2700,1.0,10.03,100.2694,mm
6,09:25:43,卖,100.2800,1.0,10.03,100.2830,mm
6,09:25:45,卖,100.3000,1.0,10.03,100.2976,mm
6,09:25:56,买,100.2900,1.0,10.03,100.2920,mm
6,09:26:13,买,100.2550,1.0,10.03,100.2682,mm
6,09:26:19,卖,100.3050,1.0,10.03,100.3046,mm
6,09:26:36,卖,100.3500,1.0,10.04,100.3467,mm
6,09:26:40,买,100.3400,1.0,10.03,100.3460,mm
6,09:27:21,买,100.3500,1.0,10.04,100.3509,mm
6,09:27:23,卖,100.3600,1.0,10.04,100.3556,mm
6,09:27:30,卖,100.3700,1.0,10.04,100.3605,mm
6,09:27:37,买,100.3500,1.0,10.04,100.3547,mm
6,09:27:42,买,100.3500,1.0,10.04,100.3533,mm
6,09:27:54,卖,100.3700,1.0,10.04,100.3657,mm
6,09:28:21,买,100.3300,1.0,10.03,100.3339,mm
6,09:28:27,买,100.3250,1.0,10.03,100.3307,mm
6,09:28:30,卖,100.3200,1.0,10.03,100.3262,mm
6,09:28:36,卖,100.3200,1.0,10.03,100.3140,mm
6,09:28:39,买,100.3050,1.0,10.03,100.3064,mm
6,09:28:59,买,100.3200,1.0,10.03,100.3212,mm
6,09:29:01,卖,100.3200,1.0,10.03,100.3210,mm
6,09:29:09,卖,100.3300,1.0,10.03,100.3283,mm
6,09:29:18,买,100.3200,1.0,10.03,100.3251,mm
6,09:29:26,卖,100.3350,1.0,10.03,100.3343,mm
6,09:29:27,买,100.3200,1.0,10.03,100.3232,mm
6,09:29:40,卖,100.3150,1.0,10.03,100.3117,mm
6,09:29:57,买,100.2700,1.0,10.03,100.2743,mm
6,09:30:00,卖,100.2950,1.0,10.03,100.2916,mm
6,09:30:13,买,100.2850,1.0,10.03,100.2911,mm
6,09:30:48,卖,100.2550,1.0,10.03,100.2544,mm
6,09:30:55,卖,100.2800,1.0,10.03,100.2739,mm
6,09:31:05,买,100.2800,1.0,10.03,100.2808,mm
6,09:31:19,买,100.2700,1.0,10.03,100.2712,mm
6,09:31:30,卖,100.2850,1.0,10.03,100.2861,mm
6,09:31:33,买,100.2750,1.0,10.03,100.2812,mm
6,09:31:36,卖,100.2800,1.0,10.03,100.2799,mm
6,09:31:45,买,100.2900,1.0,10.03,100.2936,mm
6,09:31:50,买,100.2600,1.0,10.03,100.2640,mm
6,09:32:01,卖,100.2300,1.0,10.02,100.2280,mm
6,09:32:02,卖,100.2400,1.0,10.02,100.2367,mm
6,09:32:03,买,100.2200,1.0,10.02,100.2260,mm
6,09:32:16,卖,100.2000,1.0,10.02,100.2040,mm
6,09:32:24,卖,100.1950,1.0,10.02,100.1928,mm
6,09:32:33,买,100.1850,1.0,10.02,100.1902,mm
6,09:32:37,卖,100.1950,1.0,10.02,100.1935,mm
6,09:32:41,买,100.1750,1.0,10.02,100.1793,mm
6,09:33:09,买,100.1600,1.0,10.02,100.1697,mm
6,09:33:21,卖,100.1500,1.0,10.02,100.1529,mm
6,09:33:28,买,100.1350,1.0,10.01,100.1407,mm
6,09:34:00,卖,100.1300,1.0,10.01,100.1239,mm
6,09:34:13,卖,100.1350,1.0,10.01,100.1289,mm
6,09:34:39,买,100.1750,1.0,10.02,100.1755,mm
6,09:34:46,卖,100.1900,1.0,10.02,100.1877,mm
6,09:34:47,买,100.1800,1.0,10.02,100.1862,mm
6,09:35:02,买,100.1650,1.0,10.02,100.1705,mm
6,09:35:06,卖,100.1700,1.0,10.02,100.1638,mm
6,09:35:14,卖,100.1700,1.0,10.02,100.1589,mm
6,09:35:15,买,100.1500,1.0,10.02,100.1488,mm
6,09:35:24,买,100.1250,1.0,10.01,100.1309,mm
6,09:35:25,卖,100.1400,1.0,10.01,100.1401,mm
6,09:35:26,买,100.1250,1.0,10.01,100.1301,mm
6,09:35:29,卖,100.1350,1.0,10.01,100.1292,mm
6,09:35:33,卖,100.1450,1.0,10.01,100.1413,mm
6,09:35:36,买,100.1400,1.0,10.01,100.1512,mm
6,09:35:41,买,100.1650,1.0,10.02,100.1710,mm
6,09:35:42,卖,100.1750,1.0,10.02,100.1699,mm
6,09:35:52,卖,100.1900,1.0,10.02,100.1892,mm
6,09:35:59,买,100.1800,1.0,10.02,100.1855,mm
6,09:36:03,卖,100.1800,1.0,10.02,100.1896,mm
6,09:36:18,买,100.2100,1.0,10.02,100.2169,mm
6,09:36:22,卖,100.2450,1.0,10.02,100.2472,mm
6,09:36:30,买,100.2550,1.0,10.03,100.2553,mm
6,09:36:31,买,100.2400,1.0,10.02,100.2457,mm
6,09:36:37,卖,100.2250,1.0,10.02,100.2271,mm
6,09:36:53,买,100.2050,1.0,10.02,100.2026,mm
6,09:36:59,卖,100.2150,1.0,10.02,100.2102,mm
6,09:37:04,卖,100.2350,1.0,10.02,100.2333,mm
6,09:37:07,买,100.2150,1.0,10.02,100.2187,mm
6,09:38:20,卖,100.1650,1.0,10.02,100.1600,mm
6,09:38:33,买,100.1400,1.0,10.01,100.1412,mm
6,09:38:50,买,100.1400,1.0,10.01,100.1455,mm
6,09:38:52,卖,100.1550,1.0,10.02,100.1455,mm
6,09:38:53,买,100.1300,1.0,10.01,100.1358,mm
6,09:39:11,卖,100.1000,1.0,10.01,100.0917,mm
6,09:39:42,卖,100.1350,1.0,10.01,100.1294,mm
6,09:39:51,买,100.1100,1.0,10.01,100.1167,mm
6,09:40:28,买,100.1000,1.0,10.01,100.1042,mm
6,09:40:32,卖,100.1150,1.0,10.01,100.1164,mm
6,09:40:38,买,100.0850,1.0,10.01,100.0904,mm
6,09:40:47,卖,100.1100,1.0,10.01,100.1073,mm
6,09:41:22,卖,100.1350,1.0,10.01,100.1244,mm
6,09:41:23,买,100.1200,1.0,10.01,100.1322,mm
6,09:41:51,买,100.1600,1.0,10.02,100.1651,mm
6,09:42:01,卖,100.1750,1.0,10.02,100.1700,mm
6,09:42:05,买,100.1400,1.0,10.01,100.1393,mm
6,09:42:07,买,100.1200,1.0,10.01,100.1261,mm
6,09:42:09,卖,100.1300,1.0,10.01,100.1366,mm
6,09:42:20,卖,100.1250,1.0,10.01,100.1213,mm
6,09:42:23,卖,100.1350,1.0,10.01,100.1317,mm
6,09:42:25,买,100.1250,1.0,10.01,100.1261,mm
6,09:42:35,买,100.1350,1.0,10.01,100.1356,mm
6,09:42:44,卖,100.1550,1.0,10.02,100.1461,mm
6,09:42:45,卖,100.1600,1.0,10.02,100.1561,mm
6,09:42:49,买,100.1450,1.0,10.01,100.1491,mm
6,09:43:06,买,100.1600,1.0,10.02,100.1652,mm
6,09:43:19,卖,100.1500,1.0,10.02,100.1418,mm
6,09:43:30,卖,100.1650,1.0,10.02,100.1552,mm
6,09:43:37,卖,100.1500,1.0,10.02,100.1344,mm
6,09:43:43,买,100.1100,1.0,10.01,100.1112,mm
6,09:43:45,买,100.1000,1.0,10.01,100.1004,mm
6,09:43:51,卖,100.1250,1.0,10.01,100.1141,mm
6,09:44:04,买,100.0850,1.0,10.01,100.0872,mm
6,09:44:19,卖,100.1200,1.0,10.01,100.1260,mm
6,09:44:22,买,100.1250,1.0,10.01,100.1344,mm
6,09:44:31,卖,100.1400,1.0,10.01,100.1369,mm
6,09:44:32,买,100.1250,1.0,10.01,100.1293,mm
6,09:45:03,买,100.1250,1.0,10.01,100.1407,mm
6,09:45:23,买,100.1150,1.0,10.01,100.1212,mm
6,09:45:23,卖,100.1250,1.0,10.01,100.1217,mm
6,09:45:25,卖,100.1400,1.0,10.01,100.1430,mm
6,09:45:36,卖,100.1650,1.0,10.02,100.1607,mm
6,09:45:38,买,100.1500,1.0,10.02,100.1544,mm
6,09:46:14,买,100.0850,1.0,10.01,100.0911,mm
6,09:46:22,卖,100.1050,1.0,10.01,100.1031,mm
6,09:46:35,买,100.1000,1.0,10.01,100.1047,mm
6,09:46:58,卖,100.1400,1.0,10.01,100.1366,mm
6,09:47:12,卖,100.1550,1.0,10.02,100.1466,mm
6,09:47:18,买,100.1500,1.0,10.02,100.1530,mm
6,09:47:40,卖,100.1800,1.0,10.02,100.1746,mm
6,09:48:02,买,100.1600,1.0,10.02,100.1643,mm
6,09:48:04,卖,100.1700,1.0,10.02,100.1574,mm
6,09:48:10,买,100.1250,1.0,10.01,100.1261,mm
6,09:48:28,卖,100.1250,1.0,10.01,100.1155,mm
6,09:48:33,买,100.0950,1.0,10.01,100.0999,mm
6,09:48:52,买,100.0400,1.0,10.00,100.0460,mm
6,09:48:54,卖,100.0500,1.0,10.01,100.0441,mm
6,09:49:28,买,100.0450,1.0,10.00,100.0504,mm
6,09:49:38,卖,100.0700,1.0,10.01,100.0652,mm
6,09:49:59,买,100.0400,1.0,10.00,100.0425,mm
6,09:50:00,卖,100.0550,1.0,10.01,100.0520,mm
6,09:50:37,买,100.0600,1.0,10.01,100.0639,mm
6,09:50:47,卖,100.0650,1.0,10.01,100.0610,mm
6,09:50:54,卖,100.0700,1.0,10.01,100.0617,mm
6,09:50:59,买,100.0700,1.0,10.01,100.0718,mm
6,09:51:00,买,100.0550,1.0,10.01,100.0612,mm
6,09:51:21,卖,100.0600,1.0,10.01,100.0554,mm
6,09:51:23,卖,100.0700,1.0,10.01,100.0649,mm
6,09:51:27,买,100.0600,1.0,10.01,100.0659,mm
6,09:51:37,卖,100.0700,1.0,10.01,100.0657,mm
6,09:51:41,买,100.0500,1.0,10.01,100.0481,mm
6,09:51:47,买,100.0250,1.0,10.00,100.0267,mm
6,09:51:51,卖,100.0350,1.0,10.00,100.0381,mm
6,09:51:55,卖,100.0600,1.0,10.01,100.0554,mm
6,09:51:58,买,100.0450,1.0,10.00,100.0501,mm
6,09:52:22,卖,100.0650,1.0,10.01,100.0632,mm
6,09:52:24,买,100.0550,1.0,10.01,100.0594,mm
6,09:52:39,卖,100.0700,1.0,10.01,100.0539,mm
6,09:52:41,买,100.0550,1.0,10.01,100.0591,mm
6,09:52:48,买,100.0600,1.0,10.01,100.0704,mm
6,09:52:56,卖,100.1100,1.0,10.01,100.1052,mm
6,09:52:58,卖,100.1200,1.0,10.01,100.1175,mm
6,09:53:17,买,100.1150,1.0,10.01,100.1108,mm
6,09:54:03,买,100.1200,1.0,10.01,100.1226,mm
6,09:54:11,卖,100.1200,1.0,10.01,100.1210,mm
6,09:54:19,卖,100.1600,1.0,10.02,100.1570,mm
6,09:54:24,买,100.1450,1.0,10.01,100.1507,mm
6,09:54:30,卖,100.1550,1.0,10.02,100.1514,mm
6,09:54:32,卖,100.1750,1.0,10.02,100.1580,mm
6,09:54:37,买,100.1250,1.0,10.01,100.1225,mm
6,09:54:40,买,100.1100,1.0,10.01,100.1136,mm
6,09:54:49,卖,100.1400,1.0,10.01,100.1341,mm
6,09:54:56,买,100.1150,1.0,10.01,100.1205,mm
6,09:54:57,买,100.1100,1.0,10.01,100.1149,mm
6,09:55:03,卖,100.1100,1.0,10.01,100.1034,mm
6,09:55:08,买,100.0800,1.0,10.01,100.0782,mm
6,09:55:12,卖,100.0950,1.0,10.01,100.0964,mm
6,09:55:23,卖,100.1200,1.0,10.01,100.1218,mm
6,09:55:25,买,100.1050,1.0,10.01,100.1093,mm
6,09:55:54,买,100.1100,1.0,10.01,100.1148,mm
6,09:55:59,卖,100.1050,1.0,10.01,100.1007,mm
6,09:56:02,买,100.0850,1.0,10.01,100.0878,mm
6,09:56:03,卖,100.0900,1.0,10.01,100.0871,mm
6,09:56:19,买,100.0800,1.0,10.01,100.0878,mm
6,09:56:23,卖,100.0800,1.0,10.01,100.0769,mm
6,09:56:39,买,100.0550,1.0,10.01,100.0590,mm
6,09:56:43,卖,100.0650,1.0,10.01,100.0619,mm
6,09:57:13,买,100.0450,1.0,10.00,100.0501,mm
6,09:57:18,卖,100.0500,1.0,10.01,100.0483,mm
6,09:57:37,卖,100.0700,1.0,10.01,100.0633,mm
6,09:57:47,买,100.0900,1.0,10.01,100.0940,mm
6,09:57:50,卖,100.1050,1.0,10.01,100.1013,mm
6,09:57:52,买,100.0950,1.0,10.01,100.1003,mm
6,09:57:54,买,100.0850,1.0,10.01,100.0905,mm
6,09:57:56,卖,100.0950,1.0,10.01,100.0985,mm
6,09:58:11,买,100.0650,1.0,10.01,100.0709,mm
6,09:58:16,卖,100.0600,1.0,10.01,100.0644,mm
6,09:58:29,买,100.0350,1.0,10.00,100.0389,mm
6,09:58:55,卖,100.0100,1.0,10.00,100.0052,mm
6,09:58:57,卖,100.0200,1.0,10.00,100.0067,mm
6,09:59:00,卖,100.0250,1.0,10.00,100.0182,mm
6,09:59:01,买,100.0150,1.0,10.00,100.0114,mm
6,09:59:05,买,100.0050,1.0,10.00,100.0101,mm
6,09:59:09,买,99.9850,1.0,10.00,99.9907,mm
6,09:59:15,卖,100.0300,1.0,10.00,100.0248,mm
6,09:59:17,卖,100.0450,1.0,10.00,100.0439,mm
6,09:59:26,买,100.0450,1.0,10.00,100.0508,mm
6,09:59:37,卖,100.0300,1.0,10.00,100.0269,mm
6,09:59:41,买,100.0300,1.0,10.00,100.0351,mm
6,10:00:12,买,100.0250,1.0,10.00,100.0299,mm
6,10:00:12,卖,100.0400,1.0,10.00,100.0372,mm
6,10:00:24,买,100.0150,1.0,10.00,100.0202,mm
6,10:00:35,卖,100.0200,1.0,10.00,100.0152,mm
6,10:00:40,卖,100.0200,1.0,10.00,100.0060,mm
6,10:00:46,买,100.0050,1.0,10.00,100.0055,mm
6,10:00:52,买,99.9850,1.0,10.00,99.9884,mm
6,10:00:54,卖,99.9950,1.0,10.00,99.9966,mm
6,10:01:11,买,100.0250,1.0,10.00,100.0288,mm
6,10:01:14,卖,100.0400,1.0,10.00,100.0348,mm
6,10:01:17,买,100.0150,1.0,10.00,100.0127,mm
6,10:01:45,买,99.9900,1.0,10.00,99.9926,mm
6,10:02:13,卖,99.9700,1.0,10.00,99.9687,mm
6,10:02:19,卖,99.9550,1.0,10.00,99.9533,mm
6,10:02:19,卖,99.9700,1.0,10.00,99.9588,mm
6,10:02:21,卖,99.9800,1.0,10.00,99.9746,mm
6,10:02:27,买,99.9850,1.0,10.00,99.9856,mm
6,10:02:28,买,99.9800,1.0,10.00,99.9850,mm
6,10:02:30,买,99.9700,1.0,10.00,99.9756,mm
6,10:02:49,卖,99.9850,1.0,10.00,99.9791,mm
6,10:03:07,卖,100.0250,1.0,10.00,100.0232,mm
6,10:03:17,卖,100.0800,1.0,10.01,100.0785,mm
6,10:03:18,买,100.0850,1.0,10.01,100.0807,mm
6,10:03:21,买,100.0750,1.0,10.01,100.0760,mm
6,10:03:28,卖,100.0900,1.0,10.01,100.0849,mm
6,10:03:31,买,100.0700,1.0,10.01,100.0725,mm
6,10:03:35,卖,100.0850,1.0,10.01,100.0813,mm
6,10:03:36,买,100.0700,1.0,10.01,100.0693,mm
6,10:04:08,卖,100.1050,1.0,10.01,100.0924,mm
6,10:04:29,买,100.1450,1.0,10.01,100.1471,mm
6,10:04:30,卖,100.1600,1.0,10.02,100.1497,mm
6,10:04:42,买,100.1400,1.0,10.01,100.1356,mm
6,10:04:46,买,100.1350,1.0,10.01,100.1377,mm
6,10:04:52,卖,100.1450,1.0,10.01,100.1407,mm
6,10:05:11,买,100.1200,1.0,10.01,100.1262,mm
6,10:05:19,卖,100.1350,1.0,10.01,100.1288,mm
6,10:06:08,买,100.1050,1.0,10.01,100.1111,mm
6,10:06:18,卖,100.0900,1.0,10.01,100.0850,mm
6,10:06:21,买,100.0800,1.0,10.01,100.0823,mm
6,10:06:34,卖,100.1100,1.0,10.01,100.1072,mm
6,10:06:42,买,100.0750,1.0,10.01,100.0793,mm
6,10:06:54,卖,100.0800,1.0,10.01,100.0770,mm
6,10:07:01,卖,100.0950,1.0,10.01,100.0958,mm
6,10:07:04,买,100.1000,1.0,10.01,100.1034,mm
6,10:07:15,卖,100.1300,1.0,10.01,100.1276,mm
6,10:07:18,买,100.1150,1.0,10.01,100.1181,mm
6,10:07:29,买,100.1000,1.0,10.01,100.1020,mm
6,10:07:37,卖,100.1100,1.0,10.01,100.1117,mm
6,10:07:44,买,100.1050,1.0,10.01,100.1030,mm
6,10:07:46,卖,100.1100,1.0,10.01,100.1049,mm
6,10:08:04,买,100.0700,1.0,10.01,100.0738,mm
6,10:08:30,卖,99.9700,1.0,10.00,99.9684,mm
6,10:08:32,买,99.9500,1.0,10.00,99.9528,mm
6,10:08:42,卖,99.9750,1.0,10.00,99.9716,mm
6,10:08:50,卖,99.9850,1.0,10.00,99.9906,mm
6,10:08:56,卖,100.0250,1.0,10.00,100.0156,mm
6,10:08:59,买,100.0300,1.0,10.00,100.0309,mm
6,10:09:02,买,100.0250,1.0,10.00,100.0261,mm
6,10:09:14,卖,100.0600,1.0,10.01,100.0542,mm
6,10:09:20,买,100.0750,1.0,10.01,100.0741,mm
6,10:09:31,买,100.0400,1.0,10.00,100.0457,mm
6,10:09:34,卖,100.0600,1.0,10.01,100.0571,mm
6,10:09:36,卖,100.0650,1.0,10.01,100.0575,mm
6,10:09:43,买,100.0550,1.0,10.01,100.0587,mm
6,10:09:47,买,100.0450,1.0,10.00,100.0466,mm
6,10:09:48,卖,100.0550,1.0,10.01,100.0515,mm
6,10:09:53,买,100.0300,1.0,10.00,100.0344,mm
6,10:10:11,卖,100.0300,1.0,10.00,100.0266,mm
6,10:10:15,卖,100.0150,1.0,10.00,100.0127,mm
6,10:10:19,买,100.0100,1.0,10.00,100.0160,mm
6,10:10:34,卖,100.0600,1.0,10.01,100.0595,mm
6,10:10:39,买,100.0550,1.0,10.01,100.0578,mm
6,10:11:04,买,100.0500,1.0,10.01,100.0552,mm
6,10:11:05,卖,100.0650,1.0,10.01,100.0589,mm
6,10:11:16,卖,100.0700,1.0,10.01,100.0564,mm
6,10:11:22,买,100.0650,1.0,10.01,100.0668,mm
6,10:13:13,买,100.0800,1.0,10.01,100.0789,mm
6,10:13:15,卖,100.0950,1.0,10.01,100.0936,mm
6,10:13:20,买,100.0900,1.0,10.01,100.0952,mm
6,10:13:41,卖,100.1150,1.0,10.01,100.1104,mm
6,10:14:11,买,100.1000,1.0,10.01,100.1041,mm
6,10:14:16,卖,100.1400,1.0,10.01,100.1347,mm
6,10:14:38,卖,100.1650,1.0,10.02,100.1593,mm
6,10:14:52,买,100.1850,1.0,10.02,100.1905,mm
6,10:15:07,买,100.1600,1.0,10.02,100.1653,mm
6,10:15:11,卖,100.1650,1.0,10.02,100.1591,mm
6,10:15:16,卖,100.1900,1.0,10.02,100.1884,mm
6,10:15:18,买,100.1750,1.0,10.02,100.1780,mm
6,10:15:26,买,100.1550,1.0,10.02,100.1603,mm
6,10:15:49,卖,100.1450,1.0,10.01,100.1449,mm
6,10:15:51,卖,100.1550,1.0,10.02,100.1561,mm
6,10:16:03,买,100.1850,1.0,10.02,100.1961,mm
6,10:16:07,卖,100.2100,1.0,10.02,100.2064,mm
6,10:16:12,买,100.2200,1.0,10.02,100.2238,mm
6,10:16:19,买,100.2250,1.0,10.02,100.2236,mm
6,10:16:31,卖,100.2150,1.0,10.02,100.2095,mm
6,10:16:37,买,100.1800,1.0,10.02,100.1854,mm
6,10:16:41,卖,100.2000,1.0,10.02,100.1967,mm
6,10:16:44,买,100.1900,1.0,10.02,100.1916,mm
6,10:16:46,卖,100.1950,1.0,10.02,100.1906,mm
6,10:16:52,卖,100.2150,1.0,10.02,100.2207,mm
6,10:16:55,买,100.2100,1.0,10.02,100.2141,mm
6,10:17:49,买,100.1850,1.0,10.02,100.1910,mm
6,10:17:55,卖,100.1850,1.0,10.02,100.1749,mm
6,10:18:00,买,100.1700,1.0,10.02,100.1802,mm
6,10:18:03,卖,100.1950,1.0,10.02,100.1906,mm
6,10:18:06,卖,100.2050,1.0,10.02,100.1994,mm
6,10:18:19,买,100.2000,1.0,10.02,100.1970,mm
6,10:18:37,卖,100.1950,1.0,10.02,100.1891,mm
6,10:18:47,买,100.2050,1.0,10.02,100.2080,mm
6,10:18:54,买,100.2250,1.0,10.02,100.2277,mm
6,10:19:08,卖,100.2150,1.0,10.02,100.2092,mm
6,10:19:21,买,100.2150,1.0,10.02,100.2254,mm
6,10:19:25,卖,100.2250,1.0,10.02,100.2295,mm
6,10:19:28,买,100.2150,1.0,10.02,100.2189,mm
6,10:19:30,卖,100.2400,1.0,10.02,100.2357,mm
6,10:20:04,买,100.1950,1.0,10.02,100.2039,mm
6,10:20:07,卖,100.1950,1.0,10.02,100.1917,mm
6,10:20:10,卖,100.2150,1.0,10.02,100.2122,mm
6,10:20:12,买,100.2050,1.0,10.02,100.2110,mm
6,10:20:20,卖,100.2300,1.0,10.02,100.2249,mm
6,10:20:24,买,100.2400,1.0,10.02,100.2417,mm
6,10:20:32,买,100.2350,1.0,10.02,100.2412,mm
6,10:20:36,卖,100.2600,1.0,10.03,100.2561,mm
6,10:21:27,买,100.2850,1.0,10.03,100.2849,mm
6,10:21:30,卖,100.2900,1.0,10.03,100.2871,mm
6,10:21:44,卖,100.2950,1.0,10.03,100.2904,mm
6,10:21:48,买,100.2800,1.0,10.03,100.2834,mm
6,10:21:58,买,100.2300,1.0,10.02,100.2341,mm
6,10:22:08,卖,100.2450,1.0,10.02,100.2394,mm
6,10:23:48,买,100.1950,1.0,10.02,100.2001,mm
6,10:23:49,卖,100.2100,1.0,10.02,100.2072,mm
6,10:23:54,买,100.1950,1.0,10.02,100.2025,mm
6,10:24:22,卖,100.2200,1.0,10.02,100.2234,mm
6,10:24:29,买,100.2000,1.0,10.02,100.1978,mm
6,10:24:46,卖,100.2100,1.0,10.02,100.2049,mm
6,10:25:02,买,100.1900,1.0,10.02,100.1896,mm
6,10:25:04,卖,100.2000,1.0,10.02,100.1980,mm
6,10:25:12,卖,100.2300,1.0,10.02,100.2286,mm
6,10:25:14,买,100.2200,1.0,10.02,100.2259,mm
6,10:25:27,卖,100.2300,1.0,10.02,100.2247,mm
6,10:25:29,买,100.2150,1.0,10.02,100.2196,mm
6,10:26:20,卖,100.2500,1.0,10.03,100.2393,mm
6,10:26:21,买,100.2300,1.0,10.02,100.2358,mm
6,10:26:26,卖,100.2550,1.0,10.03,100.2521,mm
6,10:26:31,买,100.2350,1.0,10.02,100.2382,mm
6,10:26:32,买,100.2250,1.0,10.02,100.2309,mm
6,10:26:33,卖,100.2350,1.0,10.02,100.2328,mm
6,10:26:34,买,100.2200,1.0,10.02,100.2260,mm
6,10:26:49,卖,100.2100,1.0,10.02,100.2037,mm
6,10:26:51,卖,100.2250,1.0,10.02,100.2182,mm
6,10:27:00,买,100.1900,1.0,10.02,100.1931,mm
6,10:27:11,卖,100.2200,1.0,10.02,100.2158,mm
6,10:27:12,买,100.2000,1.0,10.02,100.1992,mm
6,10:27:27,卖,100.2000,1.0,10.02,100.1820,mm
6,10:27:27,卖,100.2000,1.0,10.02,100.1829,mm
6,10:27:45,买,100.1850,1.0,10.02,100.1894,mm
6,10:27:47,卖,100.2050,1.0,10.02,100.2032,mm
6,10:27:48,买,100.1850,1.0,10.02,100.1885,mm
6,10:28:12,买,100.1850,1.0,10.02,100.1885,mm
6,10:28:32,买,100.2100,1.0,10.02,100.2138,mm
6,10:29:08,卖,100.2100,1.0,10.02,100.2073,mm
6,10:29:11,卖,100.2300,1.0,10.02,100.2249,mm
6,10:29:17,买,100.2200,1.0,10.02,100.2232,mm
6,10:29:35,卖,100.2800,1.0,10.03,100.2753,mm
6,10:29:43,买,100.2550,1.0,10.03,100.2562,mm
6,10:30:05,卖,100.2800,1.0,10.03,100.2700,mm
6,10:30:09,买,100.2450,1.0,10.02,100.2489,mm
6,10:30:11,买,100.2350,1.0,10.02,100.2392,mm
6,10:30:14,卖,100.2550,1.0,10.03,100.2489,mm
6,10:30:23,买,100.2500,1.0,10.03,100.2514,mm
6,10:30:25,卖,100.2600,1.0,10.03,100.2544,mm
6,10:30:40,买,100.2500,1.0,10.03,100.2538,mm
6,10:31:02,卖,100.2450,1.0,10.02,100.2426,mm
6,10:31:27,买,100.2500,1.0,10.03,100.2460,mm
6,10:31:29,卖,100.2550,1.0,10.03,100.2491,mm
6,10:31:37,卖,100.2900,1.0,10.03,100.2838,mm
6,10:31:59,卖,100.3300,1.0,10.03,100.3250,mm
6,10:32:02,买,100.3150,1.0,10.03,100.3116,mm
6,10:32:10,买,100.3200,1.0,10.03,100.3261,mm
6,10:32:18,买,100.3050,1.0,10.03,100.3088,mm
6,10:32:26,卖,100.2700,1.0,10.03,100.2718,mm
6,10:32:29,卖,100.2800,1.0,10.03,100.2777,mm
6,10:32:44,买,100.2900,1.0,10.03,100.2939,mm
6,10:32:57,买,100.2600,1.0,10.03,100.2648,mm
6,10:33:06,卖,100.2350,1.0,10.02,100.2334,mm
6,10:33:08,买,100.2150,1.0,10.02,100.2193,mm
6,10:33:11,卖,100.2250,1.0,10.02,100.2232,mm
6,10:33:16,买,100.2250,1.0,10.02,100.2267,mm
6,10:33:19,买,100.2200,1.0,10.02,100.2257,mm
6,10:33:30,卖,100.2300,1.0,10.02,100.2289,mm
6,10:33:49,卖,100.1750,1.0,10.02,100.1742,mm
6,10:34:18,买,100.1650,1.0,10.02,100.1626,mm
6,10:34:29,买,100.1450,1.0,10.01,100.1471,mm
6,10:34:31,卖,100.1400,1.0,10.01,100.1390,mm
6,10:34:34,卖,100.1450,1.0,10.01,100.1419,mm
6,10:34:48,卖,100.1650,1.0,10.02,100.1670,mm
6,10:34:58,买,100.2050,1.0,10.02,100.2069,mm
6,10:35:03,卖,100.2150,1.0,10.02,100.2041,mm
6,10:35:05,买,100.1800,1.0,10.02,100.1816,mm
6,10:35:07,卖,100.2000,1.0,10.02,100.1846,mm
6,10:35:10,买,100.1800,1.0,10.02,100.1782,mm
6,10:35:13,买,100.1550,1.0,10.02,100.1599,mm
6,10:35:17,卖,100.1650,1.0,10.02,100.1629,mm
6,10:35:22,买,100.1450,1.0,10.01,100.1464,mm
6,10:35:37,卖,100.1350,1.0,10.01,100.1297,mm
6,10:35:43,买,100.1350,1.0,10.01,100.1398,mm
6,10:35:48,卖,100.1250,1.0,10.01,100.1199,mm
6,10:35:51,买,100.1100,1.0,10.01,100.1122,mm
6,10:35:58,卖,100.1100,1.0,10.01,100.1055,mm
6,10:36:05,卖,100.1200,1.0,10.01,100.1046,mm
6,10:36:15,买,100.1300,1.0,10.01,100.1354,mm
6,10:36:17,卖,100.1450,1.0,10.01,100.1368,mm
6,10:36:18,买,100.1300,1.0,10.01,100.1357,mm
6,10:36:29,卖,100.1600,1.0,10.02,100.1618,mm
6,10:36:30,买,100.1550,1.0,10.02,100.1569,mm
6,10:36:35,买,100.1300,1.0,10.01,100.1334,mm
6,10:36:40,卖,100.1550,1.0,10.02,100.1500,mm
6,10:37:54,买,100.1450,1.0,10.01,100.1437,mm
6,10:38:13,卖,100.0900,1.0,10.01,100.0766,mm
6,10:38:29,卖,100.0900,1.0,10.01,100.0884,mm
6,10:38:31,买,100.0900,1.0,10.01,100.0894,mm
6,10:38:47,卖,100.0950,1.0,10.01,100.0830,mm
6,10:39:14,买,100.0600,1.0,10.01,100.0661,mm
6,10:39:22,卖,100.0850,1.0,10.01,100.0790,mm
6,10:39:26,买,100.0650,1.0,10.01,100.0692,mm
6,10:39:28,买,100.0600,1.0,10.01,100.0594,mm
6,10:39:37,卖,100.0750,1.0,10.01,100.0693,mm
6,10:39:48,卖,100.1000,1.0,10.01,100.0942,mm
6,10:39:49,买,100.0850,1.0,10.01,100.0904,mm
6,10:39:54,卖,100.1050,1.0,10.01,100.0967,mm
6,10:39:54,卖,100.1150,1.0,10.01,100.1094,mm
6,10:40:13,买,100.1400,1.0,10.01,100.1401,mm
6,10:40:23,买,100.1550,1.0,10.02,100.1591,mm
6,10:40:59,卖,100.1300,1.0,10.01,100.1206,mm
6,10:41:01,买,100.1050,1.0,10.01,100.1082,mm
6,10:41:01,卖,100.1350,1.0,10.01,100.1082,mm
6,10:41:47,买,100.1350,1.0,10.01,100.1393,mm
6,10:42:04,买,100.1150,1.0,10.01,100.1189,mm
6,10:42:18,卖,100.1100,1.0,10.01,100.1144,mm
6,10:42:20,卖,100.1250,1.0,10.01,100.1196,mm
6,10:42:22,买,100.1100,1.0,10.01,100.1223,mm
6,10:42:47,买,100.0850,1.0,10.01,100.0855,mm
6,10:42:48,卖,100.0950,1.0,10.01,100.0911,mm
6,10:43:21,买,100.0700,1.0,10.01,100.0752,mm
6,10:43:27,卖,100.1100,1.0,10.01,100.1123,mm
6,10:43:31,买,100.0900,1.0,10.01,100.0951,mm
6,10:43:33,卖,100.1050,1.0,10.01,100.0998,mm
6,10:43:39,买,100.0850,1.0,10.01,100.0907,mm
6,10:44:05,卖,100.0900,1.0,10.01,100.0839,mm
6,10:44:11,卖,100.1250,1.0,10.01,100.1214,mm
6,10:44:12,卖,100.1400,1.0,10.01,100.1441,mm
6,10:44:12,买,100.1400,1.0,10.01,100.1412,mm
6,10:44:21,买,100.1350,1.0,10.01,100.1406,mm
6,10:44:26,买,100.1250,1.0,10.01,100.1283,mm
6,10:44:32,卖,100.1550,1.0,10.02,100.1507,mm
6,10:44:33,卖,100.1650,1.0,10.02,100.1618,mm
6,10:44:39,买,100.1450,1.0,10.01,100.1468,mm
6,10:44:57,卖,100.2100,1.0,10.02,100.2001,mm
6,10:44:59,买,100.1900,1.0,10.02,100.1943,mm
6,10:45:03,卖,100.2100,1.0,10.02,100.1999,mm
6,10:45:09,买,100.1900,1.0,10.02,100.1954,mm
6,10:45:11,买,100.1900,1.0,10.02,100.1909,mm
6,10:45:12,卖,100.2000,1.0,10.02,100.1993,mm
6,10:45:17,卖,100.2100,1.0,10.02,100.2044,mm
6,10:45:22,买,100.1950,1.0,10.02,100.2000,mm
6,10:45:28,卖,100.2100,1.0,10.02,100.1979,mm
6,10:45:37,买,100.1900,1.0,10.02,100.1949,mm
6,10:45:42,卖,100.2200,1.0,10.02,100.2200,mm
6,10:45:46,买,100.2100,1.0,10.02,100.2142,mm
6,10:46:02,卖,100.2350,1.0,10.02,100.2324,mm
6,10:46:05,买,100.2300,1.0,10.02,100.2361,mm
6,10:46:31,卖,100.2500,1.0,10.03,100.2451,mm
6,10:46:32,买,100.2350,1.0,10.02,100.2395,mm
6,10:46:40,买,100.2200,1.0,10.02,100.2249,mm
6,10:46:43,卖,100.2250,1.0,10.02,100.2195,mm
6,10:47:18,买,100.2100,1.0,10.02,100.2028,mm
6,10:47:25,买,100.1450,1.0,10.01,100.1501,mm
6,10:47:32,卖,100.1450,1.0,10.01,100.1437,mm
6,10:47:43,卖,100.1700,1.0,10.02,100.1658,mm
6,10:47:52,卖,100.1900,1.0,10.02,100.1875,mm
6,10:47:53,买,100.1800,1.0,10.02,100.1840,mm
6,10:47:58,买,100.1900,1.0,10.02,100.1948,mm
6,10:48:04,卖,100.2150,1.0,10.02,100.2095,mm
6,10:48:06,卖,100.2300,1.0,10.02,100.2357,mm
6,10:48:08,买,100.2400,1.0,10.02,100.2461,mm
6,10:48:44,卖,100.2800,1.0,10.03,100.2766,mm
6,10:48:49,买,100.2550,1.0,10.03,100.2587,mm
6,10:48:58,卖,100.2800,1.0,10.03,100.2743,mm
6,10:49:11,买,100.2800,1.0,10.03,100.2852,mm
6,10:49:25,买,100.2750,1.0,10.03,100.2799,mm
6,10:49:28,卖,100.2900,1.0,10.03,100.2917,mm
6,10:49:29,买,100.2750,1.0,10.03,100.2802,mm
6,10:49:35,卖,100.2850,1.0,10.03,100.2818,mm
6,10:49:39,买,100.2800,1.0,10.03,100.2812,mm
6,10:49:42,卖,100.3000,1.0,10.03,100.2963,mm
6,10:49:43,买,100.2800,1.0,10.03,100.2861,mm
6,10:49:44,卖,100.2950,1.0,10.03,100.2909,mm
6,10:49:55,买,100.3000,1.0,10.03,100.3051,mm
6,10:50:05,卖,100.3200,1.0,10.03,100.3107,mm
6,10:50:06,买,100.2950,1.0,10.03,100.3004,mm
6,10:50:33,卖,100.3000,1.0,10.03,100.2888,mm
6,10:50:44,买,100.2850,1.0,10.03,100.2887,mm
6,10:50:45,卖,100.2900,1.0,10.03,100.2881,mm
6,10:51:21,卖,100.3050,1.0,10.03,100.3008,mm
6,10:51:28,买,100.3000,1.0,10.03,100.3061,mm
6,10:51:37,卖,100.3000,1.0,10.03,100.2887,mm
6,10:51:47,买,100.2700,1.0,10.03,100.2720,mm
6,10:52:04,卖,100.2900,1.0,10.03,100.2797,mm
6,10:52:15,买,100.2650,1.0,10.03,100.2653,mm
6,10:52:24,买,100.2350,1.0,10.02,100.2366,mm
6,10:52:32,卖,100.2450,1.0,10.02,100.2341,mm
6,10:52:42,买,100.2000,1.0,10.02,100.2019,mm
6,10:52:45,卖,100.2150,1.0,10.02,100.2098,mm
6,10:52:52,买,100.2000,1.0,10.02,100.2048,mm
6,10:52:55,卖,100.2000,1.0,10.02,100.2023,mm
6,10:53:02,卖,100.2250,1.0,10.02,100.2217,mm
6,10:53:06,买,100.2150,1.0,10.02,100.2202,mm
6,10:53:08,买,100.2050,1.0,10.02,100.2098,mm
6,10:53:09,卖,100.2200,1.0,10.02,100.2149,mm
6,10:53:22,卖,100.2500,1.0,10.03,100.2431,mm
6,10:53:29,买,100.2350,1.0,10.02,100.2363,mm
6,10:53:33,卖,100.2400,1.0,10.02,100.2229,mm
6,10:53:34,买,100.2100,1.0,10.02,100.2117,mm
6,10:53:37,买,100.1850,1.0,10.02,100.1893,mm
6,10:53:45,卖,100.2050,1.0,10.02,100.1998,mm
6,10:53:55,卖,100.2300,1.0,10.02,100.2197,mm
6,10:53:56,买,100.2100,1.0,10.02,100.2135,mm
6,10:53:59,买,100.1950,1.0,10.02,100.2008,mm
6,10:54:22,卖,100.1750,1.0,10.02,100.1728,mm
6,10:54:28,卖,100.1700,1.0,10.02,100.1721,mm
6,10:54:29,买,100.1600,1.0,10.02,100.1600,mm
6,10:54:32,买,100.1350,1.0,10.01,100.1390,mm
6,10:54:38,卖,100.1500,1.0,10.02,100.1446,mm
6,10:54:50,卖,100.1550,1.0,10.02,100.1489,mm
6,10:55:20,买,100.1750,1.0,10.02,100.1804,mm
6,10:55:23,买,100.1550,1.0,10.02,100.1607,mm
6,10:55:24,卖,100.1700,1.0,10.02,100.1735,mm
6,10:55:32,买,100.1650,1.0,10.02,100.1685,mm
6,10:55:35,买,100.1550,1.0,10.02,100.1597,mm
6,10:55:37,卖,100.1700,1.0,10.02,100.1687,mm
6,10:56:14,卖,100.1600,1.0,10.02,100.1556,mm
6,10:56:17,买,100.1400,1.0,10.01,100.1443,mm
6,10:56:22,卖,100.1600,1.0,10.02,100.1554,mm
6,10:56:33,买,100.1350,1.0,10.01,100.1388,mm
6,10:56:44,买,100.0900,1.0,10.01,100.0910,mm
6,10:56:48,买,100.0550,1.0,10.01,100.0571,mm
6,10:56:50,卖,100.0500,1.0,10.01,100.0492,mm
6,10:56:57,卖,100.0500,1.0,10.01,100.0448,mm
6,10:57:08,卖,100.0400,1.0,10.00,100.0360,mm
6,10:57:20,卖,100.0250,1.0,10.00,100.0220,mm
6,10:57:23,买,100.0050,1.0,10.00,100.0075,mm
6,10:57:27,买,99.9950,1.0,10.00,99.9984,mm
6,10:57:30,卖,100.0100,1.0,10.00,100.0121,mm
6,10:57:41,买,100.0000,1.0,10.00,99.9987,mm
6,10:57:45,卖,100.0200,1.0,10.00,100.0168,mm
6,10:57:46,卖,100.0350,1.0,10.00,100.0374,mm
6,10:57:53,买,100.0250,1.0,10.00,100.0262,mm
6,10:58:00,买,100.0150,1.0,10.00,100.0168,mm
6,10:58:09,卖,99.9800,1.0,10.00,99.9773,mm
6,10:58:10,买,99.9650,1.0,10.00,99.9666,mm
6,10:58:11,卖,99.9750,1.0,10.00,99.9689,mm
6,10:58:27,买,99.9900,1.0,10.00,99.9996,mm
6,10:58:31,卖,100.0200,1.0,10.00,100.0169,mm
6,10:58:33,卖,100.0350,1.0,10.00,100.0318,mm
6,10:58:44,买,100.0200,1.0,10.00,100.0253,mm
6,10:58:49,买,100.0000,1.0,10.00,100.0062,mm
6,10:59:38,卖,99.9700,1.0,10.00,99.9676,mm
6,10:59:42,卖,99.9850,1.0,10.00,99.9832,mm
6,10:59:43,卖,100.0000,1.0,10.00,99.9845,mm
6,10:59:44,买,99.9800,1.0,10.00,99.9803,mm
6,10:59:54,买,99.9850,1.0,10.00,99.9938,mm
6,11:00:04,卖,100.0150,1.0,10.00,100.0032,mm
6,11:00:07,买,100.0000,1.0,10.00,100.0005,mm
6,11:00:10,卖,100.0000,1.0,10.00,99.9974,mm
6,11:00:20,买,99.9900,1.0,10.00,99.9936,mm
6,11:00:36,卖,99.9800,1.0,10.00,99.9731,mm
6,11:00:45,买,99.9750,1.0,10.00,99.9869,mm
6,11:01:27,卖,99.9900,1.0,10.00,99.9842,mm
6,11:01:44,买,99.9700,1.0,10.00,99.9756,mm
6,11:01:46,卖,100.0050,1.0,10.00,99.9992,mm
6,11:01:48,买,99.9900,1.0,10.00,99.9951,mm
6,11:01:51,卖,100.0150,1.0,10.00,100.0099,mm
6,11:01:51,买,100.0000,1.0,10.00,100.0062,mm
6,11:01:58,卖,100.0500,1.0,10.01,100.0445,mm
6,11:01:59,买,100.0350,1.0,10.00,100.0388,mm
6,11:02:01,买,100.0300,1.0,10.00,100.0357,mm
6,11:02:06,买,100.0050,1.0,10.00,100.0112,mm
6,11:02:08,卖,100.0200,1.0,10.00,100.0174,mm
6,11:02:17,卖,100.0100,1.0,10.00,100.0077,mm
6,11:02:24,卖,100.0100,1.0,10.00,99.9986,mm
6,11:02:38,买,99.9900,1.0,10.00,99.9927,mm
6,11:02:47,买,99.9850,1.0,10.00,99.9902,mm
6,11:02:54,卖,99.9950,1.0,10.00,99.9889,mm
6,11:02:59,买,99.9900,1.0,10.00,99.9911,mm
6,11:03:30,卖,99.9950,1.0,10.00,99.9901,mm
6,11:03:40,卖,100.0100,1.0,10.00,100.0031,mm
6,11:03:56,买,99.9950,1.0,10.00,99.9959,mm
6,11:03:57,买,99.9800,1.0,10.00,99.9862,mm
6,11:04:07,卖,100.0000,1.0,10.00,99.9950,mm
6,11:04:14,卖,100.0150,1.0,10.00,100.0115,mm
6,11:04:15,买,100.0000,1.0,10.00,100.0012,mm
6,11:04:22,买,99.9850,1.0,10.00,99.9888,mm
6,11:04:29,卖,100.0100,1.0,10.00,100.0031,mm
6,11:04:35,买,99.9850,1.0,10.00,99.9838,mm
6,11:04:36,卖,99.9950,1.0,10.00,99.9896,mm
6,11:04:38,买,99.9750,1.0,10.00,99.9801,mm
6,11:04:42,卖,99.9900,1.0,10.00,99.9791,mm
6,11:04:52,卖,99.9700,1.0,10.00,99.9648,mm
6,11:05:00,买,99.9550,1.0,10.00,99.9599,mm
6,11:05:18,卖,99.9800,1.0,10.00,99.9760,mm
6,11:05:29,买,99.9850,1.0,10.00,99.9853,mm
6,11:05:40,卖,100.0150,1.0,10.00,99.9967,mm
6,11:05:41,卖,100.0150,1.0,10.00,99.9974,mm
6,11:05:46,买,99.9750,1.0,10.00,99.9810,mm
6,11:05:53,卖,99.9950,1.0,10.00,99.9909,mm
6,11:06:03,买,99.9650,1.0,10.00,99.9694,mm
6,11:06:26,卖,100.0000,1.0,10.00,99.9854,mm
6,11:06:30,买,99.9700,1.0,10.00,99.9724,mm
6,11:06:38,买,99.9750,1.0,10.00,99.9795,mm
6,11:06:56,买,100.0000,1.0,10.00,100.0062,mm
6,11:07:00,卖,100.0200,1.0,10.00,100.0138,mm
6,11:07:12,买,100.0300,1.0,10.00,100.0418,mm
6,11:07:16,卖,100.0450,1.0,10.00,100.0380,mm
6,11:07:18,卖,100.0450,1.0,10.00,100.0290,mm
6,11:07:23,买,100.0150,1.0,10.00,100.0190,mm
6,11:07:40,卖,100.0300,1.0,10.00,100.0178,mm
6,11:07:45,买,100.0150,1.0,10.00,100.0223,mm
6,11:07:54,买,100.0100,1.0,10.00,100.0064,mm
6,11:07:59,卖,100.0200,1.0,10.00,100.0234,mm
6,11:08:00,卖,100.0400,1.0,10.00,100.0351,mm
6,11:08:10,买,100.0400,1.0,10.00,100.0402,mm
6,11:08:39,卖,100.0700,1.0,10.01,100.0575,mm
6,11:08:51,买,100.0700,1.0,10.01,100.0685,mm
6,11:09:07,卖,100.0850,1.0,10.01,100.0830,mm
6,11:09:10,买,100.0550,1.0,10.01,100.0560,mm
6,11:09:12,卖,100.0700,1.0,10.01,100.0696,mm
6,11:09:16,买,100.0700,1.0,10.01,100.0711,mm
6,11:09:24,卖,100.0900,1.0,10.01,100.0803,mm
6,11:09:25,买,100.0700,1.0,10.01,100.0754,mm
6,11:09:27,买,100.0550,1.0,10.01,100.0611,mm
6,11:09:30,卖,100.0800,1.0,10.01,100.0767,mm
6,11:09:44,卖,100.0900,1.0,10.01,100.0839,mm
6,11:09:45,买,100.0750,1.0,10.01,100.0807,mm
6,11:09:48,卖,100.0800,1.0,10.01,100.0849,mm
6,11:09:52,买,100.0800,1.0,10.01,100.0842,mm
6,11:10:14,卖,100.0950,1.0,10.01,100.0894,mm
6,11:10:16,买,100.0800,1.0,10.01,100.0853,mm
6,11:10:17,买,100.0700,1.0,10.01,100.0744,mm
6,11:10:20,卖,100.1000,1.0,10.01,100.1042,mm
6,11:10:22,买,100.0900,1.0,10.01,100.0962,mm
6,11:10:35,卖,100.0600,1.0,10.01,100.0628,mm
6,11:11:01,卖,100.1100,1.0,10.01,100.1069,mm
6,11:11:07,买,100.1050,1.0,10.01,100.1103,mm
6,11:11:11,卖,100.1250,1.0,10.01,100.1200,mm
6,11:11:20,买,100.1150,1.0,10.01,100.1126,mm
6,11:11:21,卖,100.1250,1.0,10.01,100.1284,mm
6,11:11:22,买,100.1200,1.0,10.01,100.1256,mm
6,11:11:32,卖,100.1000,1.0,10.01,100.0856,mm
6,11:11:42,买,100.1000,1.0,10.01,100.1055,mm
6,11:11:44,买,100.0950,1.0,10.01,100.0971,mm
6,11:11:45,卖,100.1100,1.0,10.01,100.1046,mm
6,11:11:51,买,100.0750,1.0,10.01,100.0779,mm
6,11:12:07,卖,100.0900,1.0,10.01,100.0859,mm
6,11:12:17,卖,100.1300,1.0,10.01,100.1239,mm
6,11:12:34,买,100.1200,1.0,10.01,100.1213,mm
6,11:12:36,卖,100.1450,1.0,10.01,100.1361,mm
6,11:12:47,买,100.1250,1.0,10.01,100.1306,mm
6,11:12:50,卖,100.1550,1.0,10.02,100.1525,mm
6,11:13:10,卖,100.1500,1.0,10.02,100.1434,mm
6,11:13:15,卖,100.1800,1.0,10.02,100.1695,mm
6,11:13:18,买,100.1550,1.0,10.02,100.1508,mm
6,11:13:20,买,100.1550,1.0,10.02,100.1608,mm
6,11:13:30,卖,100.1800,1.0,10.02,100.1769,mm
6,11:13:31,买,100.1700,1.0,10.02,100.1756,mm
6,11:13:39,买,100.1650,1.0,10.02,100.1627,mm
6,11:13:39,买,100.1500,1.0,10.02,100.1561,mm
6,11:13:40,卖,100.1650,1.0,10.02,100.1566,mm
6,11:13:44,买,100.1500,1.0,10.02,100.1552,mm
6,11:13:48,卖,100.1550,1.0,10.02,100.1532,mm
6,11:14:24,卖,100.1100,1.0,10.01,100.0997,mm
6,11:14:38,买,100.1100,1.0,10.01,100.1156,mm
6,11:14:42,买,100.1050,1.0,10.01,100.1081,mm
6,11:15:01,买,100.1050,1.0,10.01,100.1099,mm
6,11:15:02,卖,100.1200,1.0,10.01,100.1174,mm
6,11:15:05,卖,100.1300,1.0,10.01,100.1243,mm
6,11:15:23,买,100.1300,1.0,10.01,100.1352,mm
6,11:15:33,卖,100.1200,1.0,10.01,100.1172,mm
6,11:15:41,卖,100.1450,1.0,10.01,100.1363,mm
6,11:15:46,买,100.1250,1.0,10.01,100.1297,mm
6,11:15:48,买,100.1200,1.0,10.01,100.1244,mm
6,11:16:02,买,100.0950,1.0,10.01,100.0930,mm
6,11:16:17,卖,100.1100,1.0,10.01,100.1102,mm
6,11:16:18,买,100.0950,1.0,10.01,100.0994,mm
6,11:16:33,卖,100.0900,1.0,10.01,100.0922,mm
6,11:16:38,卖,100.0900,1.0,10.01,100.0800,mm
6,11:16:57,买,100.0450,1.0,10.00,100.0508,mm
6,11:17:02,卖,100.0400,1.0,10.00,100.0326,mm
6,11:17:02,买,100.0200,1.0,10.00,100.0189,mm
6,11:17:17,卖,100.0250,1.0,10.00,100.0143,mm
6,11:17:28,买,100.0100,1.0,10.00,100.0149,mm
6,11:17:39,卖,100.0250,1.0,10.00,100.0256,mm
6,11:17:54,买,100.0600,1.0,10.01,100.0612,mm
6,11:18:09,买,100.0800,1.0,10.01,100.0888,mm
6,11:18:18,卖,100.0700,1.0,10.01,100.0678,mm
6,11:18:20,卖,100.0850,1.0,10.01,100.0817,mm
6,11:18:24,卖,100.0850,1.0,10.01,100.0766,mm
6,11:18:26,买,100.0650,1.0,10.01,100.0656,mm
6,11:18:32,卖,100.0600,1.0,10.01,100.0563,mm
6,11:18:36,买,100.0400,1.0,10.00,100.0462,mm
6,11:18:46,买,100.0050,1.0,10.00,100.0008,mm
6,11:18:49,卖,100.0150,1.0,10.00,100.0166,mm
6,11:18:51,买,100.0050,1.0,10.00,100.0011,mm
6,11:19:12,卖,100.0150,1.0,10.00,100.0060,mm
6,11:19:35,买,100.0000,1.0,10.00,100.0042,mm
6,11:19:36,买,99.9850,1.0,10.00,99.9880,mm
6,11:19:39,卖,100.0150,1.0,10.00,100.0168,mm
6,11:19:43,卖,100.0450,1.0,10.00,100.0427,mm
6,11:20:00,买,100.0200,1.0,10.00,100.0343,mm
6,11:20:14,卖,100.0500,1.0,10.01,100.0503,mm
6,11:20:23,卖,100.0750,1.0,10.01,100.0691,mm
6,11:20:27,买,100.0600,1.0,10.01,100.0646,mm
6,11:20:41,买,100.0650,1.0,10.01,100.0673,mm
6,11:20:47,卖,100.0800,1.0,10.01,100.0728,mm
6,11:20:54,卖,100.0750,1.0,10.01,100.0660,mm
6,11:20:57,买,100.0550,1.0,10.01,100.0600,mm
6,11:21:02,买,100.0400,1.0,10.00,100.0431,mm
6,11:21:05,卖,100.0450,1.0,10.00,100.0505,mm
6,11:21:12,卖,100.0450,1.0,10.00,100.0454,mm
6,11:21:26,买,100.0250,1.0,10.00,100.0310,mm
6,11:21:27,买,100.0200,1.0,10.00,100.0227,mm
6,11:21:30,卖,100.0300,1.0,10.00,100.0263,mm
6,11:21:33,买,99.9950,1.0,10.00,100.0004,mm
6,11:21:38,买,99.9700,1.0,10.00,99.9753,mm
6,11:21:38,卖,99.9850,1.0,10.00,99.9863,mm
6,11:21:56,买,99.9600,1.0,10.00,99.9658,mm
6,11:21:59,卖,99.9850,1.0,10.00,99.9902,mm
6,11:22:07,买,99.9700,1.0,10.00,99.9758,mm
6,11:22:27,卖,99.9550,1.0,10.00,99.9581,mm
6,11:22:28,卖,99.9700,1.0,10.00,99.9720,mm
6,11:22:29,买,99.9600,1.0,10.00,99.9653,mm
6,11:22:52,买,99.9700,1.0,10.00,99.9752,mm
6,11:23:07,卖,99.9600,1.0,10.00,99.9582,mm
6,11:23:11,卖,99.9750,1.0,10.00,99.9659,mm
6,11:23:20,买,99.9500,1.0,10.00,99.9560,mm
6,11:23:21,卖,99.9650,1.0,10.00,99.9668,mm
6,11:23:39,买,99.9400,1.0,9.99,99.9554,mm
6,11:23:39,卖,99.9650,1.0,10.00,99.9554,mm
6,11:23:39,买,99.9400,1.0,9.99,99.9503,mm
6,11:23:44,卖,99.9700,1.0,10.00,99.9579,mm
6,11:23:54,买,99.9550,1.0,10.00,99.9591,mm
6,11:23:54,买,99.9400,1.0,9.99,99.9544,mm
6,11:24:00,卖,99.9750,1.0,10.00,99.9771,mm
6,11:24:09,卖,99.9900,1.0,10.00,99.9843,mm
6,11:24:13,买,99.9600,1.0,10.00,99.9621,mm
6,11:24:38,卖,99.9600,1.0,10.00,99.9519,mm
6,11:24:40,卖,99.9650,1.0,10.00,99.9631,mm
6,11:24:48,买,99.9500,1.0,10.00,99.9514,mm
6,11:25:09,卖,99.9450,1.0,9.99,99.9406,mm
6,11:25:18,买,99.9350,1.0,9.99,99.9393,mm
6,11:25:24,买,99.9200,1.0,9.99,99.9262,mm
6,11:25:27,卖,99.9300,1.0,9.99,99.9292,mm
6,11:25:28,买,99.9150,1.0,9.99,99.9209,mm
6,11:25:29,卖,99.9400,1.0,9.99,99.9438,mm
6,11:25:32,买,99.9300,1.0,9.99,99.9358,mm
6,11:25:43,买,99.9000,1.0,9.99,99.9049,mm
6,11:25:49,买,99.8700,1.0,9.99,99.8748,mm
6,11:26:07,卖,99.8600,1.0,9.99,99.8631,mm
6,11:26:08,卖,99.8700,1.0,9.99,99.8672,mm
6,11:26:10,卖,99.8700,1.0,9.99,99.8690,mm
6,11:26:22,卖,99.8750,1.0,9.99,99.8659,mm
6,11:26:37,买,99.9000,1.0,9.99,99.9028,mm
6,11:26:37,买,99.8900,1.0,9.99,99.8947,mm
6,11:26:38,卖,99.9050,1.0,9.99,99.9015,mm
6,11:26:56,买,99.8800,1.0,9.99,99.8850,mm
6,11:27:05,卖,99.9250,1.0,9.99,99.9274,mm
6,11:27:10,买,99.9150,1.0,9.99,99.9182,mm
6,11:27:29,买,99.8600,1.0,9.99,99.8629,mm
6,11:27:47,卖,99.8850,1.0,9.99,99.8872,mm
6,11:28:04,卖,99.9100,1.0,9.99,99.9053,mm
6,11:28:16,卖,99.9550,1.0,10.00,99.9445,mm
6,11:28:19,买,99.9250,1.0,9.99,99.9253,mm
6,11:28:22,买,99.9100,1.0,9.99,99.9160,mm
6,11:28:24,卖,99.9150,1.0,9.99,99.9091,mm
6,11:28:25,卖,99.9200,1.0,9.99,99.9183,mm
6,11:28:36,买,99.9100,1.0,9.99,99.9144,mm
6,11:28:39,卖,99.9200,1.0,9.99,99.9100,mm
6,11:28:55,买,99.8950,1.0,9.99,99.9055,mm
6,11:29:19,买,99.8950,1.0,9.99,99.8969,mm
6,11:29:49,买,99.9050,1.0,9.99,99.9100,mm
6,13:00:07,卖,99.8700,1.0,9.99,99.8741,mm
6,13:00:11,买,99.8650,1.0,9.99,99.8702,mm
6,13:00:18,卖,99.8800,1.0,9.99,99.8742,mm
6,13:00:32,卖,99.9100,1.0,9.99,99.9097,mm
6,13:00:35,卖,99.9350,1.0,9.99,99.9333,mm
6,13:00:38,买,99.9350,1.0,9.99,99.9406,mm
6,13:00:53,买,99.9500,1.0,10.00,99.9526,mm
6,13:01:02,卖,99.9550,1.0,10.00,99.9498,mm
6,13:01:18,买,99.9150,1.0,9.99,99.9201,mm
6,13:01:19,卖,99.9300,1.0,9.99,99.9290,mm
6,13:01:28,买,99.9050,1.0,9.99,99.9085,mm
6,13:01:41,卖,99.9100,1.0,9.99,99.9152,mm
6,13:01:53,买,99.9050,1.0,9.99,99.9136,mm
6,13:01:57,卖,99.9350,1.0,9.99,99.9298,mm
6,13:02:19,买,99.9400,1.0,9.99,99.9449,mm
6,13:02:21,卖,99.9450,1.0,9.99,99.9489,mm
6,13:02:23,卖,99.9650,1.0,10.00,99.9589,mm
6,13:02:38,买,99.9550,1.0,10.00,99.9573,mm
6,13:02:44,卖,99.9650,1.0,10.00,99.9533,mm
6,13:02:46,卖,99.9650,1.0,10.00,99.9546,mm
6,13:02:46,买,99.9450,1.0,9.99,99.9481,mm
6,13:02:56,买,99.9450,1.0,9.99,99.9557,mm
6,13:02:59,买,99.9450,1.0,9.99,99.9544,mm
6,13:03:01,卖,99.9650,1.0,10.00,99.9620,mm
6,13:03:23,买,99.9750,1.0,10.00,99.9809,mm
6,13:03:29,卖,99.9900,1.0,10.00,99.9860,mm
6,13:03:34,卖,100.0000,1.0,10.00,99.9959,mm
6,13:03:47,买,100.0100,1.0,10.00,100.0098,mm
6,13:03:59,买,99.9850,1.0,10.00,99.9909,mm
6,13:04:08,买,99.9800,1.0,10.00,99.9861,mm
6,13:04:18,卖,99.9800,1.0,10.00,99.9785,mm
6,13:04:30,卖,99.9600,1.0,10.00,99.9514,mm
6,13:04:50,买,99.9450,1.0,9.99,99.9497,mm
6,13:05:11,买,99.8900,1.0,9.99,99.8938,mm
6,13:05:15,卖,99.9100,1.0,9.99,99.9069,mm
6,13:05:35,卖,99.9300,1.0,9.99,99.9281,mm
6,13:05:41,卖,99.9300,1.0,9.99,99.9312,mm
6,13:05:46,卖,99.9550,1.0,10.00,99.9439,mm
6,13:05:48,买,99.9350,1.0,9.99,99.9400,mm
6,13:05:57,买,99.9350,1.0,9.99,99.9410,mm
6,13:06:07,卖,99.9800,1.0,10.00,99.9758,mm
6,13:06:26,买,99.9800,1.0,10.00,99.9807,mm
6,13:06:40,卖,99.9650,1.0,10.00,99.9544,mm
6,13:06:45,买,99.9550,1.0,10.00,99.9591,mm
6,13:06:59,买,99.9450,1.0,9.99,99.9441,mm
6,13:07:01,卖,99.9550,1.0,10.00,99.9561,mm
6,13:07:11,买,99.9150,1.0,9.99,99.9199,mm
6,13:07:15,卖,99.9350,1.0,9.99,99.9408,mm
6,13:07:25,卖,99.9550,1.0,10.00,99.9408,mm
6,13:07:25,卖,99.9600,1.0,10.00,99.9511,mm
6,13:07:26,买,99.9450,1.0,9.99,99.9508,mm
6,13:07:34,买,99.9250,1.0,9.99,99.9374,mm
6,13:07:46,买,99.9300,1.0,9.99,99.9405,mm
6,13:07:49,买,99.9200,1.0,9.99,99.9430,mm
6,13:07:56,卖,99.9600,1.0,10.00,99.9576,mm
6,13:08:01,卖,99.9600,1.0,10.00,99.9513,mm
6,13:08:15,买,99.9550,1.0,10.00,99.9593,mm
6,13:08:17,卖,99.9750,1.0,10.00,99.9749,mm
6,13:08:18,买,99.9600,1.0,10.00,99.9641,mm
6,13:08:40,卖,99.9550,1.0,10.00,99.9587,mm
6,13:08:44,买,99.9400,1.0,9.99,99.9452,mm
6,13:09:02,卖,99.9200,1.0,9.99,99.9065,mm
6,13:09:10,卖,99.9250,1.0,9.99,99.9159,mm
6,13:09:22,买,99.9450,1.0,9.99,99.9493,mm
6,13:09:28,买,99.9400,1.0,9.99,99.9461,mm
6,13:09:29,卖,99.9550,1.0,10.00,99.9526,mm
6,13:10:08,卖,100.0100,1.0,10.00,100.0148,mm
6,13:10:17,买,99.9950,1.0,10.00,99.9983,mm
6,13:10:18,买,99.9850,1.0,10.00,99.9905,mm
6,13:10:31,卖,99.9850,1.0,10.00,99.9812,mm
6,13:10:38,买,99.9600,1.0,10.00,99.9632,mm
6,13:10:45,卖,99.9700,1.0,10.00,99.9721,mm
6,13:10:50,卖,100.0000,1.0,10.00,99.9960,mm
6,13:10:53,买,99.9750,1.0,10.00,99.9742,mm
6,13:11:23,卖,100.0400,1.0,10.00,100.0351,mm
6,13:11:30,买,100.0200,1.0,10.00,100.0253,mm
6,13:11:39,卖,100.0450,1.0,10.00,100.0436,mm
6,13:11:49,买,100.0150,1.0,10.00,100.0206,mm
6,13:11:52,买,100.0100,1.0,10.00,100.0156,mm
6,13:11:58,买,99.9950,1.0,10.00,99.9980,mm
6,13:11:58,卖,100.0050,1.0,10.00,100.0142,mm
6,13:12:01,卖,100.0300,1.0,10.00,100.0271,mm
6,13:12:07,卖,100.0450,1.0,10.00,100.0389,mm
6,13:12:08,买,100.0300,1.0,10.00,100.0360,mm
6,13:12:09,买,100.0200,1.0,10.00,100.0224,mm
6,13:12:28,买,99.9850,1.0,10.00,99.9872,mm
6,13:12:38,卖,99.9700,1.0,10.00,99.9710,mm
6,13:12:44,买,99.9450,1.0,9.99,99.9504,mm
6,13:12:45,卖,99.9550,1.0,10.00,99.9518,mm
6,13:12:51,买,99.9250,1.0,9.99,99.9307,mm
6,13:13:04,卖,99.9000,1.0,9.99,99.8967,mm
6,13:13:14,卖,99.9100,1.0,9.99,99.9143,mm
6,13:13:52,买,99.9200,1.0,9.99,99.9280,mm
6,13:13:59,卖,99.9400,1.0,9.99,99.9341,mm
6,13:14:04,买,99.9150,1.0,9.99,99.9212,mm
6,13:14:10,卖,99.9300,1.0,9.99,99.9273,mm
6,13:14:12,卖,99.9250,1.0,9.99,99.9233,mm
6,13:14:24,买,99.9100,1.0,9.99,99.9143,mm
6,13:14:51,买,99.9300,1.0,9.99,99.9355,mm
6,13:14:55,买,99.9300,1.0,9.99,99.9345,mm
6,13:15:03,卖,99.9200,1.0,9.99,99.9111,mm
6,13:15:04,卖,99.9200,1.0,9.99,99.9139,mm
6,13:15:14,卖,99.9200,1.0,9.99,99.9157,mm
6,13:15:23,买,99.9400,1.0,9.99,99.9446,mm
6,13:15:25,买,99.9350,1.0,9.99,99.9383,mm
6,13:15:26,卖,99.9500,1.0,10.00,99.9476,mm
6,13:15:50,买,99.9600,1.0,10.00,99.9608,mm
6,13:15:55,卖,99.9800,1.0,10.00,99.9754,mm
6,13:15:57,买,99.9600,1.0,10.00,99.9686,mm
6,13:16:00,卖,99.9750,1.0,10.00,99.9786,mm
6,13:16:04,买,99.9700,1.0,10.00,99.9761,mm
6,13:16:25,卖,99.9850,1.0,10.00,99.9814,mm
6,13:16:28,卖,99.9950,1.0,10.00,99.9904,mm
6,13:16:33,买,99.9850,1.0,10.00,99.9909,mm
6,13:16:54,卖,100.0350,1.0,10.00,100.0148,mm
6,13:16:54,买,100.0050,1.0,10.00,100.0079,mm
6,13:17:20,卖,99.9700,1.0,10.00,99.9612,mm
6,13:17:24,买,99.9550,1.0,10.00,99.9597,mm
6,13:17:26,买,99.9450,1.0,9.99,99.9510,mm
6,13:17:28,卖,99.9850,1.0,10.00,99.9800,mm
6,13:17:40,卖,100.0100,1.0,10.00,99.9954,mm
6,13:17:40,卖,100.0100,1.0,10.00,100.0019,mm
6,13:17:44,买,99.9850,1.0,10.00,99.9908,mm
6,13:17:51,买,99.9850,1.0,10.00,99.9886,mm
6,13:17:54,卖,99.9950,1.0,10.00,99.9913,mm
6,13:17:56,买,99.9800,1.0,10.00,99.9847,mm
6,13:17:59,买,99.9550,1.0,10.00,99.9591,mm
6,13:18:19,买,99.9200,1.0,9.99,99.9192,mm
6,13:18:21,卖,99.9250,1.0,9.99,99.9222,mm
6,13:18:27,卖,99.9500,1.0,10.00,99.9468,mm
6,13:18:31,买,99.9300,1.0,9.99,99.9277,mm
6,13:18:44,卖,99.9000,1.0,9.99,99.9057,mm
6,13:18:58,买,99.9000,1.0,9.99,99.9056,mm
6,13:19:10,卖,99.8950,1.0,9.99,99.8891,mm
6,13:19:19,卖,99.9600,1.0,10.00,99.9660,mm
6,13:19:23,买,99.9450,1.0,9.99,99.9507,mm
6,13:19:27,买,99.9400,1.0,9.99,99.9450,mm
6,13:19:32,卖,99.9500,1.0,10.00,99.9480,mm
6,13:20:09,买,99.9350,1.0,9.99,99.9411,mm
6,13:20:11,卖,99.9550,1.0,10.00,99.9532,mm
6,13:20:12,买,99.9400,1.0,9.99,99.9429,mm
6,13:20:17,卖,99.9500,1.0,10.00,99.9452,mm
6,13:20:53,卖,100.0000,1.0,10.00,99.9892,mm
6,13:20:58,买,99.9850,1.0,10.00,99.9827,mm
6,13:21:05,买,99.9800,1.0,10.00,99.9844,mm
6,13:21:08,卖,100.0050,1.0,10.00,100.0013,mm
6,13:22:05,买,100.0250,1.0,10.00,100.0299,mm
6,13:22:06,卖,100.0350,1.0,10.00,100.0322,mm
6,13:22:14,卖,100.0500,1.0,10.01,100.0463,mm
6,13:22:27,买,100.0650,1.0,10.01,100.0614,mm
6,13:22:34,买,100.0500,1.0,10.01,100.0508,mm
6,13:22:56,卖,100.0450,1.0,10.00,100.0420,mm
6,13:22:59,买,100.0300,1.0,10.00,100.0291,mm
6,13:23:06,卖,100.0600,1.0,10.01,100.0585,mm
6,13:23:11,卖,100.0800,1.0,10.01,100.0756,mm
6,13:23:14,买,100.0600,1.0,10.01,100.0637,mm
6,13:23:18,买,100.0500,1.0,10.01,100.0558,mm
6,13:23:25,卖,100.0650,1.0,10.01,100.0616,mm
6,13:23:50,卖,100.0450,1.0,10.00,100.0491,mm
6,13:23:54,买,100.0250,1.0,10.00,100.0301,mm
6,13:23:55,卖,100.0450,1.0,10.00,100.0513,mm
6,13:23:57,买,100.0400,1.0,10.00,100.0405,mm
6,13:24:00,买,100.0200,1.0,10.00,100.0249,mm
6,13:24:05,卖,100.0350,1.0,10.00,100.0293,mm
6,13:24:19,买,100.0150,1.0,10.00,100.0186,mm
6,13:24:20,买,99.9900,1.0,10.00,99.9918,mm
6,13:24:36,卖,100.0300,1.0,10.00,100.0292,mm
6,13:24:42,卖,100.0150,1.0,10.00,100.0087,mm
6,13:25:08,买,100.0100,1.0,10.00,100.0142,mm
6,13:25:16,卖,99.9950,1.0,10.00,99.9950,mm
6,13:25:18,卖,100.0150,1.0,10.00,100.0206,mm
6,13:25:30,买,100.0350,1.0,10.00,100.0353,mm
6,13:25:35,买,100.0300,1.0,10.00,100.0330,mm
6,13:25:43,卖,100.0400,1.0,10.00,100.0378,mm
6,13:25:46,买,100.0200,1.0,10.00,100.0256,mm
6,13:25:52,卖,100.0400,1.0,10.00,100.0347,mm
6,13:25:53,卖,100.0500,1.0,10.01,100.0399,mm
6,13:25:58,买,100.0450,1.0,10.00,100.0507,mm
6,13:26:00,卖,100.0500,1.0,10.01,100.0422,mm
6,13:26:04,买,100.0400,1.0,10.00,100.0448,mm
6,13:26:31,卖,100.0700,1.0,10.01,100.0603,mm
6,13:26:33,买,100.0450,1.0,10.00,100.0503,mm
6,13:26:38,买,100.0350,1.0,10.00,100.0385,mm
6,13:26:57,卖,100.0550,1.0,10.01,100.0461,mm
6,13:27:19,买,100.0400,1.0,10.00,100.0436,mm
6,13:27:24,卖,100.0500,1.0,10.01,100.0451,mm
6,13:27:39,卖,100.0500,1.0,10.01,100.0441,mm
6,13:27:45,买,100.0350,1.0,10.00,100.0423,mm
6,13:28:01,卖,100.0850,1.0,10.01,100.0880,mm
6,13:28:05,买,100.0800,1.0,10.01,100.0810,mm
6,13:28:14,卖,100.0950,1.0,10.01,100.0968,mm
6,13:28:15,买,100.0850,1.0,10.01,100.0854,mm
6,13:28:25,卖,100.0850,1.0,10.01,100.0866,mm
6,13:28:31,卖,100.1050,1.0,10.01,100.0898,mm
6,13:28:34,买,100.0850,1.0,10.01,100.0806,mm
6,13:28:36,买,100.0700,1.0,10.01,100.0709,mm
6,13:28:37,卖,100.0850,1.0,10.01,100.0744,mm
6,13:28:42,买,100.0400,1.0,10.00,100.0401,mm
6,13:28:44,卖,100.0550,1.0,10.01,100.0546,mm
6,13:29:07,买,100.0250,1.0,10.00,100.0290,mm
6,13:29:11,买,100.0200,1.0,10.00,100.0180,mm
6,13:29:48,卖,100.0000,1.0,10.00,99.9943,mm
6,13:30:03,卖,99.9750,1.0,10.00,99.9718,mm
6,13:30:07,买,99.9700,1.0,10.00,99.9663,mm
6,13:30:12,买,99.9500,1.0,10.00,99.9538,mm
6,13:30:16,卖,99.9750,1.0,10.00,99.9725,mm
6,13:30:23,买,99.9400,1.0,9.99,99.9459,mm
6,13:30:26,卖,99.9450,1.0,9.99,99.9418,mm
6,13:30:27,卖,99.9550,1.0,10.00,99.9492,mm
6,13:30:29,卖,99.9600,1.0,10.00,99.9607,mm
6,13:30:34,买,99.9650,1.0,10.00,99.9645,mm
6,13:30:44,买,99.9500,1.0,10.00,99.9492,mm
6,13:31:02,卖,99.9650,1.0,10.00,99.9422,mm
6,13:31:05,买,99.9350,1.0,9.99,99.9396,mm
6,13:31:42,买,99.8900,1.0,9.99,99.8932,mm
6,13:32:04,卖,99.9100,1.0,9.99,99.9084,mm
6,13:32:20,卖,99.9350,1.0,9.99,99.9308,mm
6,13:32:26,卖,99.9900,1.0,10.00,99.9883,mm
6,13:32:30,卖,100.0050,1.0,10.00,100.0001,mm
6,13:32:47,买,99.9900,1.0,10.00,99.9857,mm
6,13:32:50,买,99.9750,1.0,10.00,99.9797,mm
6,13:32:57,买,99.9800,1.0,10.00,99.9812,mm
6,13:33:01,买,99.9800,1.0,10.00,99.9815,mm
6,13:33:03,卖,99.9950,1.0,10.00,99.9942,mm
6,13:33:34,买,99.9700,1.0,10.00,99.9796,mm
6,13:33:46,卖,100.0100,1.0,10.00,100.0162,mm
6,13:33:52,买,100.0100,1.0,10.00,100.0159,mm
6,13:34:09,卖,99.9900,1.0,10.00,99.9922,mm
6,13:34:25,买,99.9900,1.0,10.00,99.9919,mm
6,13:34:32,卖,100.0050,1.0,10.00,100.0014,mm
6,13:34:44,买,100.0050,1.0,10.00,100.0084,mm
6,13:34:47,卖,100.0200,1.0,10.00,100.0148,mm
6,13:34:55,卖,100.0350,1.0,10.00,100.0308,mm
6,13:34:56,买,100.0200,1.0,10.00,100.0248,mm
6,13:34:59,买,100.0150,1.0,10.00,100.0276,mm
6,13:35:27,卖,100.0300,1.0,10.00,100.0361,mm
6,13:35:31,卖,100.0300,1.0,10.00,100.0238,mm
6,13:35:33,买,100.0150,1.0,10.00,100.0192,mm
6,13:35:34,卖,100.0250,1.0,10.00,100.0296,mm
6,13:35:36,买,100.0200,1.0,10.00,100.0257,mm
6,13:35:38,卖,100.0400,1.0,10.00,100.0320,mm
6,13:35:40,买,100.0350,1.0,10.00,100.0420,mm
6,13:35:59,买,100.0400,1.0,10.00,100.0458,mm
6,13:36:04,卖,100.0550,1.0,10.01,100.0586,mm
6,13:36:13,卖,100.0800,1.0,10.01,100.0772,mm
6,13:36:24,买,100.1000,1.0,10.01,100.1019,mm
6,13:36:26,卖,100.1150,1.0,10.01,100.1121,mm
6,13:36:38,买,100.0900,1.0,10.01,100.0936,mm
6,13:36:54,买,100.1100,1.0,10.01,100.1126,mm
6,13:36:58,卖,100.1350,1.0,10.01,100.1305,mm
6,13:37:00,买,100.1150,1.0,10.01,100.1189,mm
6,13:37:18,卖,100.1350,1.0,10.01,100.1230,mm
6,13:37:19,买,100.1100,1.0,10.01,100.1156,mm
6,13:37:24,买,100.0950,1.0,10.01,100.0981,mm
6,13:37:43,买,100.0900,1.0,10.01,100.0952,mm
6,13:37:44,卖,100.1050,1.0,10.01,100.1010,mm
6,13:37:50,卖,100.1200,1.0,10.01,100.1147,mm
6,13:37:54,买,100.0850,1.0,10.01,100.0912,mm
6,13:38:07,卖,100.1000,1.0,10.01,100.0938,mm
6,13:38:12,卖,100.0850,1.0,10.01,100.0753,mm
6,13:38:23,买,100.0800,1.0,10.01,100.0832,mm
6,13:38:24,买,100.0700,1.0,10.01,100.0755,mm
6,13:38:30,卖,100.0550,1.0,10.01,100.0488,mm
6,13:39:04,卖,100.0750,1.0,10.01,100.0719,mm
6,13:39:13,卖,100.0800,1.0,10.01,100.0744,mm
6,13:39:23,买,100.0650,1.0,10.01,100.0725,mm
6,13:39:24,买,100.0600,1.0,10.01,100.0636,mm
6,13:39:30,买,100.0400,1.0,10.00,100.0439,mm
6,13:39:30,买,100.0250,1.0,10.00,100.0291,mm
6,13:39:48,卖,100.0400,1.0,10.00,100.0419,mm
6,13:40:03,卖,100.0800,1.0,10.01,100.0777,mm
6,13:40:15,卖,100.0800,1.0,10.01,100.0726,mm
6,13:40:21,买,100.0450,1.0,10.00,100.0489,mm
6,13:40:27,卖,100.0700,1.0,10.01,100.0715,mm
6,13:40:31,买,100.0650,1.0,10.01,100.0671,mm
6,13:40:52,买,100.0800,1.0,10.01,100.0849,mm
6,13:41:03,卖,100.0900,1.0,10.01,100.0863,mm
6,13:41:07,卖,100.1050,1.0,10.01,100.1023,mm
6,13:41:08,买,100.0900,1.0,10.01,100.0955,mm
6,13:41:32,卖,100.1200,1.0,10.01,100.1241,mm
6,13:41:37,买,100.1200,1.0,10.01,100.1247,mm
6,13:41:40,买,100.1100,1.0,10.01,100.1156,mm
6,13:41:50,卖,100.1500,1.0,10.02,100.1416,mm
6,13:41:54,卖,100.1400,1.0,10.01,100.1367,mm
6,13:41:56,卖,100.1550,1.0,10.02,100.1490,mm
6,13:42:03,买,100.1700,1.0,10.02,100.1762,mm
6,13:42:15,卖,100.1800,1.0,10.02,100.1752,mm
6,13:42:16,买,100.1550,1.0,10.02,100.1522,mm
6,13:42:25,卖,100.1650,1.0,10.02,100.1599,mm
6,13:42:27,买,100.1550,1.0,10.02,100.1619,mm
6,13:43:01,买,100.1950,1.0,10.02,100.2012,mm
6,13:43:05,卖,100.2000,1.0,10.02,100.1905,mm
6,13:43:08,卖,100.2050,1.0,10.02,100.2029,mm
6,13:43:17,买,100.2400,1.0,10.02,100.2392,mm
6,13:43:26,买,100.2350,1.0,10.02,100.2394,mm
6,13:43:29,卖,100.2450,1.0,10.02,100.2416,mm
6,13:43:36,买,100.2200,1.0,10.02,100.2261,mm
6,13:43:49,买,100.2150,1.0,10.02,100.2155,mm
6,13:43:56,卖,100.2300,1.0,10.02,100.2285,mm
6,13:44:08,卖,100.2300,1.0,10.02,100.2240,mm
6,13:44:31,买,100.2350,1.0,10.02,100.2403,mm
6,13:44:33,买,100.2250,1.0,10.02,100.2361,mm
6,13:44:40,卖,100.2550,1.0,10.03,100.2510,mm
6,13:44:56,卖,100.2350,1.0,10.02,100.2311,mm
6,13:45:05,买,100.2200,1.0,10.02,100.2262,mm
6,13:45:26,卖,100.2550,1.0,10.03,100.2526,mm
6,13:45:27,卖,100.2700,1.0,10.03,100.2600,mm
6,13:45:50,卖,100.2900,1.0,10.03,100.2914,mm
6,13:45:52,买,100.2800,1.0,10.03,100.2759,mm
6,13:45:59,买,100.2550,1.0,10.03,100.2570,mm
6,13:46:02,卖,100.2850,1.0,10.03,100.2900,mm
6,13:46:05,买,100.2750,1.0,10.03,100.2801,mm
6,13:46:10,卖,100.3150,1.0,10.03,100.3143,mm
6,13:46:11,买,100.3050,1.0,10.03,100.3091,mm
6,13:46:23,买,100.2950,1.0,10.03,100.2992,mm
6,13:46:43,买,100.2500,1.0,10.03,100.2491,mm
6,13:46:48,卖,100.2500,1.0,10.03,100.2489,mm
6,13:46:50,卖,100.2650,1.0,10.03,100.2624,mm
6,13:47:06,卖,100.2900,1.0,10.03,100.2796,mm
6,13:47:16,买,100.2700,1.0,10.03,100.2700,mm
6,13:47:28,买,100.3000,1.0,10.03,100.3056,mm
6,13:47:32,买,100.2750,1.0,10.03,100.2806,mm
6,13:47:56,卖,100.2950,1.0,10.03,100.2887,mm
6,13:48:07,卖,100.2950,1.0,10.03,100.2931,mm
6,13:48:08,买,100.2800,1.0,10.03,100.2797,mm
6,13:48:13,卖,100.3150,1.0,10.03,100.3197,mm
6,13:48:14,卖,100.3350,1.0,10.03,100.3319,mm
6,13:48:26,卖,100.3800,1.0,10.04,100.3764,mm
6,13:48:37,买,100.4050,1.0,10.04,100.4021,mm
6,13:49:14,买,100.4600,1.0,10.05,100.4608,mm
6,13:49:28,卖,100.5050,1.0,10.05,100.4983,mm
6,13:49:33,买,100.4900,1.0,10.05,100.4939,mm
6,13:49:35,卖,100.5100,1.0,10.05,100.5061,mm
6,13:49:36,买,100.4950,1.0,10.05,100.5000,mm
6,13:49:42,卖,100.5450,1.0,10.05,100.5401,mm
6,13:49:45,买,100.5200,1.0,10.05,100.5259,mm
6,13:49:55,卖,100.5400,1.0,10.05,100.5399,mm
6,13:50:02,买,100.5500,1.0,10.06,100.5523,mm
6,13:50:07,买,100.5400,1.0,10.05,100.5436,mm
6,13:50:19,卖,100.5550,1.0,10.06,100.5487,mm
6,13:50:21,卖,100.5550,1.0,10.06,100.5517,mm
6,13:50:28,买,100.5550,1.0,10.06,100.5577,mm
6,13:50:31,卖,100.5700,1.0,10.06,100.5649,mm
6,13:50:33,买,100.5500,1.0,10.06,100.5517,mm
6,13:50:39,卖,100.5550,1.0,10.06,100.5389,mm
6,13:50:49,买,100.5150,1.0,10.05,100.5212,mm
6,13:50:50,买,100.5100,1.0,10.05,100.5133,mm
6,13:50:51,卖,100.5250,1.0,10.05,100.5230,mm
6,13:51:03,买,100.5100,1.0,10.05,100.5122,mm
6,13:51:06,卖,100.5200,1.0,10.05,100.5121,mm
6,13:51:07,买,100.5100,1.0,10.05,100.5118,mm
6,13:51:18,买,100.4850,1.0,10.05,100.4932,mm
6,13:51:19,卖,100.5000,1.0,10.05,100.4980,mm
6,13:51:21,买,100.4850,1.0,10.05,100.4884,mm
6,13:51:31,买,100.4900,1.0,10.05,100.5013,mm
6,13:51:32,卖,100.5100,1.0,10.05,100.5034,mm
6,13:51:51,买,100.4850,1.0,10.05,100.5044,mm
6,13:51:52,买,100.4850,1.0,10.05,100.4974,mm
6,13:52:02,卖,100.4850,1.0,10.05,100.4863,mm
6,13:52:09,卖,100.4600,1.0,10.05,100.4602,mm
6,13:52:17,卖,100.4350,1.0,10.04,100.4291,mm
6,13:52:31,卖,100.4200,1.0,10.04,100.4186,mm
6,13:52:35,买,100.3800,1.0,10.04,100.3808,mm
6,13:52:40,卖,100.3800,1.0,10.04,100.3740,mm
6,13:52:46,卖,100.3750,1.0,10.04,100.3723,mm
6,13:52:53,买,100.3500,1.0,10.04,100.3561,mm
6,13:53:02,卖,100.3700,1.0,10.04,100.3616,mm
6,13:53:06,买,100.3350,1.0,10.03,100.3371,mm
6,13:53:14,买,100.3150,1.0,10.03,100.3162,mm
6,13:54:03,卖,100.2950,1.0,10.03,100.2865,mm
6,13:54:15,卖,100.3350,1.0,10.03,100.3376,mm
6,13:54:17,买,100.3350,1.0,10.03,100.3349,mm
6,13:54:19,买,100.3200,1.0,10.03,100.3261,mm
6,13:54:26,买,100.3000,1.0,10.03,100.3048,mm
6,13:54:31,卖,100.3100,1.0,10.03,100.3052,mm
6,13:54:38,卖,100.3200,1.0,10.03,100.3142,mm
6,13:54:42,买,100.3100,1.0,10.03,100.3151,mm
6,13:54:52,买,100.3000,1.0,10.03,100.3039,mm
6,13:54:53,卖,100.3100,1.0,10.03,100.3115,mm
6,13:55:01,卖,100.3150,1.0,10.03,100.3032,mm
6,13:55:02,卖,100.3150,1.0,10.03,100.3072,mm
6,13:55:04,买,100.2950,1.0,10.03,100.3012,mm
6,13:55:13,买,100.2950,1.0,10.03,100.2992,mm
6,13:55:23,卖,100.2950,1.0,10.03,100.2897,mm
6,13:55:35,买,100.3100,1.0,10.03,100.3131,mm
6,13:55:39,买,100.2900,1.0,10.03,100.2934,mm
6,13:55:45,卖,100.3100,1.0,10.03,100.3078,mm
6,13:55:53,买,100.2800,1.0,10.03,100.2848,mm
6,13:56:01,卖,100.2700,1.0,10.03,100.2683,mm
6,13:56:03,卖,100.2900,1.0,10.03,100.2839,mm
6,13:56:06,买,100.2600,1.0,10.03,100.2638,mm
6,13:56:10,卖,100.2650,1.0,10.03,100.2563,mm
6,13:56:13,买,100.2350,1.0,10.02,100.2301,mm
6,13:56:39,买,100.1950,1.0,10.02,100.1984,mm
6,13:56:50,买,100.1950,1.0,10.02,100.2005,mm
6,13:56:50,卖,100.2100,1.0,10.02,100.2029,mm
6,13:56:51,卖,100.2100,1.0,10.02,100.2047,mm
6,13:57:03,卖,100.1900,1.0,10.02,100.1848,mm
6,13:57:09,卖,100.2050,1.0,10.02,100.1992,mm
6,13:57:12,卖,100.2050,1.0,10.02,100.1923,mm
6,13:57:31,卖,100.2150,1.0,10.02,100.1974,mm
6,13:57:32,卖,100.2150,1.0,10.02,100.1963,mm
6,13:57:36,买,100.1900,1.0,10.02,100.1901,mm
6,13:57:41,买,100.1900,1.0,10.02,100.1907,mm
6,13:57:44,买,100.1800,1.0,10.02,100.1851,mm
6,13:57:49,买,100.1750,1.0,10.02,100.1792,mm
6,13:57:54,买,100.1550,1.0,10.02,100.1554,mm
6,13:57:59,卖,100.1600,1.0,10.02,100.1615,mm
6,13:58:04,买,100.1300,1.0,10.01,100.1349,mm
6,13:58:06,卖,100.1500,1.0,10.02,100.1445,mm
6,13:58:10,卖,100.1600,1.0,10.02,100.1687,mm
6,13:58:23,买,100.1200,1.0,10.01,100.1254,mm
6,13:58:28,买,100.1100,1.0,10.01,100.1129,mm
6,13:58:32,买,100.0950,1.0,10.01,100.0975,mm
6,13:58:36,卖,100.1000,1.0,10.01,100.0975,mm
6,13:58:48,卖,100.1050,1.0,10.01,100.1045,mm
6,13:59:02,卖,100.1100,1.0,10.01,100.1047,mm
6,13:59:11,买,100.0750,1.0,10.01,100.0807,mm
6,13:59:14,买,100.0700,1.0,10.01,100.0718,mm
6,13:59:15,买,100.0550,1.0,10.01,100.0612,mm
6,13:59:16,卖,100.0700,1.0,10.01,100.0651,mm
6,13:59:17,卖,100.0750,1.0,10.01,100.0542,mm
6,13:59:21,卖,100.0550,1.0,10.01,100.0433,mm
6,13:59:24,买,100.0400,1.0,10.00,100.0564,mm
6,13:59:43,买,100.0550,1.0,10.01,100.0579,mm
6,14:00:00,卖,100.0450,1.0,10.00,100.0394,mm
6,14:00:11,卖,100.0400,1.0,10.00,100.0275,mm
6,14:00:19,卖,100.0750,1.0,10.01,100.0663,mm
6,14:00:24,买,100.0700,1.0,10.01,100.0726,mm
6,14:00:25,买,100.0700,1.0,10.01,100.0728,mm
6,14:00:35,卖,100.1050,1.0,10.01,100.1000,mm
6,14:00:38,买,100.0800,1.0,10.01,100.0825,mm
6,14:01:13,买,100.0500,1.0,10.01,100.0551,mm
6,14:01:16,卖,100.0600,1.0,10.01,100.0523,mm
6,14:01:31,买,100.1150,1.0,10.01,100.1201,mm
6,14:01:34,卖,100.1250,1.0,10.01,100.1131,mm
6,14:01:34,买,100.1000,1.0,10.01,100.1044,mm
6,14:01:38,卖,100.1250,1.0,10.01,100.1188,mm
6,14:01:41,买,100.1150,1.0,10.01,100.1185,mm
6,14:01:43,买,100.1050,1.0,10.01,100.1087,mm
6,14:01:52,买,100.0750,1.0,10.01,100.0779,mm
6,14:01:56,卖,100.0850,1.0,10.01,100.0837,mm
6,14:02:36,卖,100.0850,1.0,10.01,100.0805,mm
6,14:02:40,卖,100.0950,1.0,10.01,100.0969,mm
6,14:03:05,买,100.0700,1.0,10.01,100.0749,mm
6,14:03:11,卖,100.0750,1.0,10.01,100.0784,mm
6,14:03:35,卖,100.0700,1.0,10.01,100.0644,mm
6,14:03:48,卖,100.1150,1.0,10.01,100.1120,mm
6,14:03:53,买,100.1000,1.0,10.01,100.1028,mm
6,14:03:55,买,100.0900,1.0,10.01,100.0949,mm
6,14:04:01,买,100.0750,1.0,10.01,100.0803,mm
6,14:04:05,买,100.0750,1.0,10.01,100.0811,mm
6,14:04:14,卖,100.0700,1.0,10.01,100.0659,mm
6,14:04:36,买,100.0350,1.0,10.00,100.0407,mm
6,14:04:40,卖,100.0500,1.0,10.01,100.0479,mm
6,14:05:01,买,100.0700,1.0,10.01,100.0722,mm
6,14:05:10,卖,100.0650,1.0,10.01,100.0607,mm
6,14:05:16,卖,100.0800,1.0,10.01,100.0752,mm
6,14:05:20,卖,100.0700,1.0,10.01,100.0602,mm
6,14:05:21,买,100.0500,1.0,10.01,100.0651,mm
6,14:05:38,买,100.0600,1.0,10.01,100.0621,mm
6,14:05:48,卖,100.0450,1.0,10.00,100.0404,mm
6,14:05:56,卖,100.0600,1.0,10.01,100.0590,mm
6,14:06:03,卖,100.1000,1.0,10.01,100.0974,mm
6,14:06:10,卖,100.1200,1.0,10.01,100.1062,mm
6,14:06:12,买,100.0950,1.0,10.01,100.1065,mm
6,14:06:15,买,100.0850,1.0,10.01,100.0887,mm
6,14:06:16,买,100.0750,1.0,10.01,100.0720,mm
6,14:06:23,卖,100.0850,1.0,10.01,100.0821,mm
6,14:06:24,买,100.0700,1.0,10.01,100.0727,mm
6,14:06:25,卖,100.0850,1.0,10.01,100.0772,mm
6,14:06:31,买,100.0700,1.0,10.01,100.0744,mm
6,14:06:39,买,100.0750,1.0,10.01,100.0770,mm
6,14:06:41,卖,100.0900,1.0,10.01,100.0855,mm
6,14:06:59,卖,100.1250,1.0,10.01,100.1265,mm
6,14:07:00,买,100.1050,1.0,10.01,100.1038,mm
6,14:07:02,买,100.0950,1.0,10.01,100.1006,mm
6,14:07:07,卖,100.1150,1.0,10.01,100.1122,mm
6,14:07:11,卖,100.1200,1.0,10.01,100.1160,mm
6,14:07:25,卖,100.1250,1.0,10.01,100.1202,mm
6,14:07:29,买,100.1250,1.0,10.01,100.1290,mm
6,14:07:46,买,100.1450,1.0,10.01,100.1496,mm
6,14:07:47,买,100.1350,1.0,10.01,100.1406,mm
6,14:07:54,卖,100.1350,1.0,10.01,100.1402,mm
6,14:08:13,卖,100.1300,1.0,10.01,100.1336,mm
6,14:08:17,买,100.1250,1.0,10.01,100.1302,mm
6,14:08:24,买,100.1100,1.0,10.01,100.1152,mm
6,14:08:29,买,100.1100,1.0,10.01,100.1149,mm
6,14:08:44,卖,100.1450,1.0,10.01,100.1413,mm
6,14:08:52,卖,100.1550,1.0,10.02,100.1531,mm
6,14:08:56,卖,100.1600,1.0,10.02,100.1541,mm
6,14:09:17,买,100.1550,1.0,10.02,100.1553,mm
6,14:09:23,卖,100.1600,1.0,10.02,100.1563,mm
6,14:09:24,买,100.1450,1.0,10.01,100.1488,mm
6,14:09:27,买,100.1250,1.0,10.01,100.1307,mm
6,14:09:37,买,100.1150,1.0,10.01,100.1205,mm
6,14:09:40,卖,100.1250,1.0,10.01,100.1220,mm
6,14:09:44,买,100.1050,1.0,10.01,100.1103,mm
6,14:09:58,卖,100.0900,1.0,10.01,100.0859,mm
6,14:10:00,买,100.0850,1.0,10.01,100.0927,mm
6,14:10:11,卖,100.1600,1.0,10.02,100.1579,mm
6,14:10:46,卖,100.1450,1.0,10.01,100.1414,mm
6,14:11:05,卖,100.0950,1.0,10.01,100.0893,mm
6,14:11:07,买,100.0700,1.0,10.01,100.0726,mm
6,14:11:17,卖,100.0800,1.0,10.01,100.0861,mm
6,14:11:24,买,100.0800,1.0,10.01,100.0835,mm
6,14:11:29,卖,100.1150,1.0,10.01,100.1091,mm
6,14:11:48,买,100.1100,1.0,10.01,100.1158,mm
6,14:12:00,卖,100.1450,1.0,10.01,100.1422,mm
6,14:12:19,卖,100.1450,1.0,10.01,100.1290,mm
6,14:12:25,买,100.1250,1.0,10.01,100.1316,mm
6,14:12:39,买,100.1350,1.0,10.01,100.1366,mm
6,14:12:48,买,100.1200,1.0,10.01,100.1239,mm
6,14:12:51,卖,100.1350,1.0,10.01,100.1308,mm
6,14:13:01,买,100.1050,1.0,10.01,100.1029,mm
6,14:13:03,买,100.0900,1.0,10.01,100.0957,mm
6,14:13:12,卖,100.1200,1.0,10.01,100.1097,mm
6,14:13:29,买,100.0850,1.0,10.01,100.0901,mm
6,14:13:33,卖,100.1000,1.0,10.01,100.0897,mm
6,14:14:08,买,100.0450,1.0,10.00,100.0463,mm
6,14:14:16,卖,100.0500,1.0,10.01,100.0442,mm
6,14:14:23,卖,100.0700,1.0,10.01,100.0676,mm
6,14:14:32,买,100.0400,1.0,10.00,100.0457,mm
6,14:14:37,卖,100.0500,1.0,10.01,100.0442,mm
6,14:14:38,卖,100.0650,1.0,10.01,100.0569,mm
6,14:14:41,卖,100.0750,1.0,10.01,100.0707,mm
6,14:14:43,买,100.0500,1.0,10.01,100.0556,mm
6,14:14:51,买,100.0500,1.0,10.01,100.0509,mm
6,14:14:55,卖,100.0500,1.0,10.01,100.0467,mm
6,14:14:57,买,100.0400,1.0,10.00,100.0458,mm
6,14:14:59,卖,100.0500,1.0,10.01,100.0489,mm
6,14:15:08,买,100.0450,1.0,10.00,100.0492,mm
6,14:15:13,买,100.0400,1.0,10.00,100.0442,mm
6,14:15:15,卖,100.0550,1.0,10.01,100.0478,mm
6,14:15:22,卖,100.0400,1.0,10.00,100.0354,mm
6,14:15:24,买,100.0400,1.0,10.00,100.0461,mm
6,14:15:26,买,100.0450,1.0,10.00,100.0441,mm
6,14:15:41,买,100.0100,1.0,10.00,100.0117,mm
6,14:15:42,卖,100.0200,1.0,10.00,100.0157,mm
6,14:16:05,卖,100.0400,1.0,10.00,100.0356,mm
6,14:16:23,卖,100.0750,1.0,10.01,100.0692,mm
6,14:16:32,卖,100.1050,1.0,10.01,100.1019,mm
6,14:16:46,买,100.1150,1.0,10.01,100.1202,mm
6,14:16:50,卖,100.1250,1.0,10.01,100.1138,mm
6,14:16:55,买,100.1300,1.0,10.01,100.1327,mm
6,14:17:06,买,100.1050,1.0,10.01,100.1102,mm
6,14:17:18,卖,100.1450,1.0,10.01,100.1467,mm
6,14:17:23,买,100.1200,1.0,10.01,100.1217,mm
6,14:17:27,买,100.1100,1.0,10.01,100.1113,mm
6,14:17:40,买,100.0900,1.0,10.01,100.0957,mm
6,14:17:55,卖,100.0800,1.0,10.01,100.0777,mm
6,14:18:03,买,100.0700,1.0,10.01,100.0762,mm
6,14:18:07,卖,100.0800,1.0,10.01,100.0753,mm
6,14:18:30,卖,100.0600,1.0,10.01,100.0539,mm
6,14:18:32,买,100.0400,1.0,10.00,100.0433,mm
6,14:18:33,卖,100.0400,1.0,10.00,100.0313,mm
6,14:18:37,卖,100.0400,1.0,10.00,100.0352,mm
6,14:18:43,卖,100.0400,1.0,10.00,100.0355,mm
6,14:18:47,买,100.0100,1.0,10.00,100.0140,mm
6,14:19:11,买,100.0000,1.0,10.00,100.0086,mm
6,14:19:16,买,100.0050,1.0,10.00,100.0010,mm
6,14:19:17,买,99.9850,1.0,10.00,99.9865,mm
6,14:19:22,买,99.9750,1.0,10.00,99.9811,mm
6,14:19:30,卖,99.9700,1.0,10.00,99.9687,mm
6,14:19:35,卖,99.9750,1.0,10.00,99.9728,mm
6,14:19:58,买,99.9650,1.0,10.00,99.9639,mm
6,14:20:06,卖,99.9600,1.0,10.00,99.9586,mm
6,14:20:13,买,99.9500,1.0,10.00,99.9544,mm
6,14:20:36,买,99.9550,1.0,10.00,99.9607,mm
6,14:20:37,卖,99.9700,1.0,10.00,99.9683,mm
6,14:20:38,买,99.9550,1.0,10.00,99.9571,mm
6,14:20:40,买,99.9350,1.0,9.99,99.9341,mm
6,14:20:51,卖,99.9350,1.0,9.99,99.9306,mm
6,14:20:55,卖,99.9350,1.0,9.99,99.9315,mm
6,14:21:08,卖,99.9450,1.0,9.99,99.9424,mm
6,14:21:19,买,99.9400,1.0,9.99,99.9477,mm
6,14:21:41,卖,99.9700,1.0,10.00,99.9677,mm
6,14:21:58,卖,99.9600,1.0,10.00,99.9603,mm
6,14:22:04,买,99.9550,1.0,10.00,99.9569,mm
6,14:22:16,卖,99.9650,1.0,10.00,99.9618,mm
6,14:22:33,买,99.9450,1.0,9.99,99.9507,mm
6,14:22:34,卖,99.9650,1.0,10.00,99.9630,mm
6,14:22:41,买,99.9250,1.0,9.99,99.9306,mm
6,14:22:43,买,99.9250,1.0,9.99,99.9266,mm
6,14:22:56,卖,99.9350,1.0,9.99,99.9287,mm
6,14:23:05,卖,99.9550,1.0,10.00,99.9508,mm
6,14:23:10,买,99.9550,1.0,10.00,99.9586,mm
6,14:23:17,买,99.9450,1.0,9.99,99.9469,mm
6,14:23:19,卖,99.9600,1.0,10.00,99.9596,mm
6,14:23:26,买,99.9550,1.0,10.00,99.9536,mm
6,14:23:36,卖,99.9550,1.0,10.00,99.9594,mm
6,14:23:42,买,99.9650,1.0,10.00,99.9691,mm
6,14:24:02,卖,99.9950,1.0,10.00,99.9924,mm
6,14:24:04,卖,100.0050,1.0,10.00,100.0002,mm
6,14:24:05,卖,100.0150,1.0,10.00,100.0129,mm
6,14:24:09,买,100.0100,1.0,10.00,100.0092,mm
6,14:24:12,买,100.0000,1.0,10.00,100.0056,mm
6,14:24:13,买,99.9900,1.0,10.00,99.9927,mm
6,14:24:29,买,99.9700,1.0,10.00,99.9828,mm
6,14:24:49,卖,99.9900,1.0,10.00,99.9923,mm
6,14:24:57,买,99.9700,1.0,10.00,99.9752,mm
6,14:24:59,卖,99.9800,1.0,10.00,99.9765,mm
6,14:25:13,买,99.9450,1.0,9.99,99.9512,mm
6,14:25:37,卖,99.9150,1.0,9.99,99.9070,mm
6,14:25:52,卖,99.8950,1.0,9.99,99.8850,mm
6,14:25:53,卖,99.8950,1.0,9.99,99.8898,mm
6,14:25:54,买,99.8800,1.0,9.99,99.8870,mm
6,14:25:59,买,99.8700,1.0,9.99,99.8727,mm
6,14:26:01,卖,99.8900,1.0,9.99,99.8922,mm
6,14:26:11,买,99.8900,1.0,9.99,99.8962,mm
6,14:26:28,买,99.9050,1.0,9.99,99.9078,mm
6,14:26:32,卖,99.9050,1.0,9.99,99.8993,mm
6,14:26:34,买,99.8850,1.0,9.99,99.8898,mm
6,14:26:39,卖,99.9000,1.0,9.99,99.8926,mm
6,14:26:42,卖,99.9200,1.0,9.99,99.9176,mm
6,14:27:12,卖,99.8500,1.0,9.99,99.8439,mm
6,14:27:16,买,99.8350,1.0,9.98,99.8410,mm
6,14:27:44,买,99.8100,1.0,9.98,99.8158,mm
6,14:27:59,卖,99.8250,1.0,9.98,99.8243,mm
6,14:28:01,卖,99.8300,1.0,9.98,99.8252,mm
6,14:28:08,买,99.8350,1.0,9.98,99.8321,mm
6,14:28:19,卖,99.8150,1.0,9.98,99.8119,mm
6,14:28:47,卖,99.8350,1.0,9.98,99.8288,mm
6,14:29:02,买,99.8200,1.0,9.98,99.8191,mm
6,14:29:04,买,99.8050,1.0,9.98,99.8102,mm
6,14:29:18,卖,99.8600,1.0,9.99,99.8539,mm
6,14:29:41,卖,99.8450,1.0,9.98,99.8334,mm
6,14:30:06,买,99.8400,1.0,9.98,99.8430,mm
6,14:30:06,买,99.8300,1.0,9.98,99.8362,mm
6,14:30:13,买,99.8350,1.0,9.98,99.8389,mm
6,14:30:18,买,99.8100,1.0,9.98,99.8123,mm
6,14:30:24,卖,99.8350,1.0,9.98,99.8295,mm
6,14:30:42,买,99.8300,1.0,9.98,99.8309,mm
6,14:30:44,卖,99.8450,1.0,9.98,99.8397,mm
6,14:30:49,卖,99.8600,1.0,9.99,99.8579,mm
6,14:30:51,卖,99.8700,1.0,9.99,99.8663,mm
6,14:30:52,买,99.8550,1.0,9.99,99.8605,mm
6,14:31:02,买,99.8600,1.0,9.99,99.8654,mm
6,14:31:06,卖,99.8750,1.0,9.99,99.8723,mm
6,14:31:11,卖,99.8950,1.0,9.99,99.8876,mm
6,14:31:18,卖,99.9150,1.0,9.99,99.9068,mm
6,14:31:24,买,99.8850,1.0,9.99,99.8851,mm
6,14:31:40,卖,99.9100,1.0,9.99,99.9042,mm
6,14:31:41,买,99.8900,1.0,9.99,99.8913,mm
6,14:31:55,卖,99.9150,1.0,9.99,99.9120,mm
6,14:31:58,卖,99.9250,1.0,9.99,99.9191,mm
6,14:32:05,卖,99.9450,1.0,9.99,99.9406,mm
6,14:32:07,卖,99.9600,1.0,10.00,99.9501,mm
6,14:32:08,买,99.9450,1.0,9.99,99.9533,mm
6,14:32:09,买,99.9450,1.0,9.99,99.9486,mm
6,14:32:09,买,99.9350,1.0,9.99,99.9362,mm
6,14:32:17,买,99.9300,1.0,9.99,99.9358,mm
6,14:32:18,卖,99.9450,1.0,9.99,99.9399,mm
6,14:32:21,买,99.9400,1.0,9.99,99.9371,mm
6,14:32:24,买,99.9200,1.0,9.99,99.9261,mm
6,14:32:36,卖,99.9300,1.0,9.99,99.9324,mm
6,14:32:49,买,99.9200,1.0,9.99,99.9233,mm
6,14:32:58,卖,99.9550,1.0,10.00,99.9577,mm
6,14:33:07,买,99.9450,1.0,9.99,99.9488,mm
6,14:33:13,买,99.9500,1.0,10.00,99.9555,mm
6,14:33:17,卖,99.9600,1.0,10.00,99.9642,mm
6,14:33:22,卖,99.9700,1.0,10.00,99.9644,mm
6,14:33:35,卖,99.9800,1.0,10.00,99.9858,mm
6,14:33:43,卖,99.9850,1.0,10.00,99.9823,mm
6,14:33:47,卖,100.0000,1.0,10.00,99.9958,mm
6,14:33:50,买,99.9800,1.0,10.00,99.9758,mm
6,14:33:56,买,99.9600,1.0,10.00,99.9636,mm
6,14:34:17,卖,99.9950,1.0,10.00,99.9925,mm
6,14:34:33,买,100.0000,1.0,10.00,100.0054,mm
6,14:34:40,买,99.9600,1.0,10.00,99.9647,mm
6,14:34:43,卖,99.9800,1.0,10.00,99.9748,mm
6,14:34:47,卖,100.0000,1.0,10.00,99.9940,mm
6,14:34:54,卖,100.0200,1.0,10.00,100.0025,mm
6,14:34:55,买,100.0000,1.0,10.00,99.9980,mm
6,14:34:58,买,99.9900,1.0,10.00,99.9961,mm
6,14:34:59,买,99.9800,1.0,10.00,99.9855,mm
6,14:35:30,卖,100.0150,1.0,10.00,100.0113,mm
6,14:35:42,卖,100.0550,1.0,10.01,100.0635,mm
6,14:35:46,买,100.0650,1.0,10.01,100.0636,mm
6,14:35:52,买,100.0500,1.0,10.01,100.0544,mm
6,14:35:55,买,100.0350,1.0,10.00,100.0387,mm
6,14:36:21,卖,100.0550,1.0,10.01,100.0505,mm
6,14:36:27,买,100.0350,1.0,10.00,100.0370,mm
6,14:36:31,买,100.0200,1.0,10.00,100.0236,mm
6,14:36:41,买,99.9700,1.0,10.00,99.9716,mm
6,14:36:46,买,99.9650,1.0,10.00,99.9618,mm
6,14:36:56,卖,99.9700,1.0,10.00,99.9671,mm
6,14:36:57,卖,99.9700,1.0,10.00,99.9663,mm
6,14:37:09,卖,99.9650,1.0,10.00,99.9589,mm
6,14:37:18,卖,99.9600,1.0,10.00,99.9546,mm
6,14:37:29,卖,100.0000,1.0,10.00,100.0040,mm
6,14:37:46,卖,100.0100,1.0,10.00,100.0048,mm
6,14:37:51,买,100.0050,1.0,10.00,100.0060,mm
6,14:38:03,买,99.9850,1.0,10.00,99.9869,mm
6,14:38:13,卖,99.9900,1.0,10.00,99.9791,mm
6,14:38:42,买,100.0100,1.0,10.00,100.0161,mm
6,14:38:47,卖,100.0250,1.0,10.00,100.0160,mm
6,14:38:49,买,100.0000,1.0,10.00,100.0055,mm
6,14:39:04,卖,99.9550,1.0,10.00,99.9448,mm
6,14:39:18,买,99.9550,1.0,10.00,99.9591,mm
6,14:39:22,买,99.9350,1.0,9.99,99.9384,mm
6,14:39:27,卖,99.9600,1.0,10.00,99.9545,mm
6,14:39:42,买,99.9200,1.0,9.99,99.9245,mm
6,14:39:44,买,99.9100,1.0,9.99,99.9156,mm
6,14:39:55,卖,99.9350,1.0,9.99,99.9328,mm
6,14:40:19,卖,99.9000,1.0,9.99,99.8932,mm
6,14:40:23,买,99.8800,1.0,9.99,99.8833,mm
6,14:40:36,买,99.8900,1.0,9.99,99.8920,mm
6,14:40:57,卖,99.9050,1.0,9.99,99.8980,mm
6,14:41:06,卖,99.9200,1.0,9.99,99.9145,mm
6,14:41:15,买,99.8950,1.0,9.99,99.9006,mm
6,14:41:16,买,99.8850,1.0,9.99,99.8910,mm
6,14:41:18,卖,99.9000,1.0,9.99,99.8946,mm
6,14:41:32,买,99.8500,1.0,9.99,99.8493,mm
6,14:41:39,卖,99.8650,1.0,9.99,99.8651,mm
6,14:41:43,买,99.8550,1.0,9.99,99.8594,mm
6,14:41:51,卖,99.9000,1.0,9.99,99.9023,mm
6,14:41:53,买,99.8850,1.0,9.99,99.8879,mm
6,14:41:56,买,99.8800,1.0,9.99,99.8860,mm
6,14:42:12,卖,99.9300,1.0,9.99,99.9245,mm
6,14:42:20,卖,99.9350,1.0,9.99,99.9325,mm
6,14:42:34,卖,99.9350,1.0,9.99,99.9322,mm
6,14:42:36,买,99.9200,1.0,9.99,99.9230,mm
6,14:43:01,买,99.9100,1.0,9.99,99.9141,mm
6,14:43:15,卖,99.9500,1.0,10.00,99.9449,mm
6,14:43:27,卖,99.9500,1.0,10.00,99.9465,mm
6,14:43:34,卖,99.9400,1.0,9.99,99.9459,mm
6,14:43:41,买,99.9500,1.0,10.00,99.9562,mm
6,14:43:42,卖,99.9700,1.0,10.00,99.9700,mm
6,14:43:43,买,99.9600,1.0,10.00,99.9638,mm
6,14:43:48,买,99.9300,1.0,9.99,99.9358,mm
6,14:43:56,卖,99.9600,1.0,10.00,99.9555,mm
6,14:43:59,卖,99.9800,1.0,10.00,99.9792,mm
6,14:44:03,卖,99.9900,1.0,10.00,99.9827,mm
6,14:44:07,买,99.9800,1.0,10.00,99.9836,mm
6,14:44:11,买,99.9650,1.0,10.00,99.9709,mm
6,14:44:37,卖,99.9750,1.0,10.00,99.9690,mm
6,14:44:40,买,99.9550,1.0,10.00,99.9553,mm
6,14:44:51,买,99.9400,1.0,9.99,99.9446,mm
6,14:45:05,卖,99.9500,1.0,10.00,99.9516,mm
6,14:45:09,买,99.9450,1.0,9.99,99.9489,mm
6,14:45:20,卖,99.9600,1.0,10.00,99.9654,mm
6,14:45:31,卖,99.9700,1.0,10.00,99.9612,mm
6,14:45:38,买,99.9550,1.0,10.00,99.9611,mm
6,14:46:09,卖,100.0300,1.0,10.00,100.0283,mm
6,14:46:11,买,100.0200,1.0,10.00,100.0245,mm
6,14:46:15,卖,100.0400,1.0,10.00,100.0289,mm
6,14:46:15,卖,100.0400,1.0,10.00,100.0300,mm
6,14:46:18,卖,100.0500,1.0,10.01,100.0452,mm
6,14:46:22,买,100.0450,1.0,10.00,100.0475,mm
6,14:46:25,买,100.0350,1.0,10.00,100.0399,mm
6,14:46:29,买,100.0450,1.0,10.00,100.0509,mm
6,14:46:40,买,100.0350,1.0,10.00,100.0396,mm
6,14:46:52,卖,100.0500,1.0,10.01,100.0463,mm
6,14:46:54,买,100.0400,1.0,10.00,100.0462,mm
6,14:46:57,卖,100.0600,1.0,10.01,100.0581,mm
6,14:47:01,买,100.0450,1.0,10.00,100.0504,mm
6,14:47:09,买,100.0400,1.0,10.00,100.0435,mm
6,14:47:39,卖,100.0650,1.0,10.01,100.0615,mm
6,14:47:40,买,100.0450,1.0,10.00,100.0507,mm
6,14:47:46,买,100.0450,1.0,10.00,100.0511,mm
6,14:47:55,买,100.0600,1.0,10.01,100.0651,mm
6,14:47:57,买,100.0550,1.0,10.01,100.0559,mm
6,14:47:59,卖,100.0550,1.0,10.01,100.0621,mm
6,14:48:01,买,100.0450,1.0,10.00,100.0500,mm
6,14:48:02,卖,100.0600,1.0,10.01,100.0508,mm
6,14:48:03,卖,100.0600,1.0,10.01,100.0574,mm
6,14:48:04,买,100.0450,1.0,10.00,100.0457,mm
6,14:48:14,卖,100.0350,1.0,10.00,100.0266,mm
6,14:48:15,买,100.0100,1.0,10.00,100.0147,mm
6,14:48:42,卖,100.0650,1.0,10.01,100.0596,mm
6,14:48:43,卖,100.0700,1.0,10.01,100.0639,mm
6,14:48:48,买,100.0550,1.0,10.01,100.0600,mm
6,14:48:53,卖,100.0800,1.0,10.01,100.0742,mm
6,14:48:54,卖,100.0850,1.0,10.01,100.0796,mm
6,14:48:55,买,100.0650,1.0,10.01,100.0700,mm
6,14:49:04,卖,100.1150,1.0,10.01,100.1098,mm
6,14:49:07,卖,100.1250,1.0,10.01,100.1279,mm
6,14:49:09,买,100.1200,1.0,10.01,100.1258,mm
6,14:49:26,买,100.1250,1.0,10.01,100.1279,mm
6,14:49:33,卖,100.1400,1.0,10.01,100.1366,mm
6,14:49:42,卖,100.1750,1.0,10.02,100.1782,mm
6,14:49:43,卖,100.1900,1.0,10.02,100.1875,mm
6,14:49:47,卖,100.2150,1.0,10.02,100.2109,mm
6,14:49:57,买,100.2150,1.0,10.02,100.2249,mm
6,14:49:57,买,100.2150,1.0,10.02,100.2346,mm
6,14:49:59,买,100.2200,1.0,10.02,100.2302,mm
6,14:50:10,卖,100.2650,1.0,10.03,100.2583,mm
6,14:50:19,买,100.2600,1.0,10.03,100.2655,mm
6,14:50:21,买,100.2550,1.0,10.03,100.2610,mm
6,14:50:30,买,100.2350,1.0,10.02,100.2384,mm
6,14:50:35,卖,100.2500,1.0,10.03,100.2456,mm
6,14:50:44,买,100.2300,1.0,10.02,100.2323,mm
6,14:50:46,卖,100.2300,1.0,10.02,100.2270,mm
6,14:51:05,买,100.2050,1.0,10.02,100.2049,mm
6,14:51:07,卖,100.2150,1.0,10.02,100.2129,mm
6,14:51:27,买,100.2450,1.0,10.02,100.2499,mm
6,14:51:32,买,100.2450,1.0,10.02,100.2479,mm
6,14:51:41,卖,100.2400,1.0,10.02,100.2350,mm
6,14:51:48,卖,100.2350,1.0,10.02,100.2373,mm
6,14:51:52,卖,100.2450,1.0,10.02,100.2413,mm
6,14:52:00,卖,100.2300,1.0,10.02,100.2287,mm
6,14:52:12,卖,100.2250,1.0,10.02,100.2188,mm
6,14:52:13,卖,100.2300,1.0,10.02,100.2253,mm
6,14:52:18,买,100.2250,1.0,10.02,100.2288,mm
6,14:52:26,买,100.2300,1.0,10.02,100.2339,mm
6,14:52:26,买,100.2200,1.0,10.02,100.2237,mm
6,14:52:40,买,100.2100,1.0,10.02,100.2161,mm
6,14:52:47,卖,100.2350,1.0,10.02,100.2317,mm
6,14:52:49,卖,100.2700,1.0,10.03,100.2749,mm
6,14:52:50,买,100.2600,1.0,10.03,100.2632,mm
6,14:52:55,卖,100.2650,1.0,10.03,100.2613,mm
6,14:52:56,买,100.2500,1.0,10.03,100.2521,mm
6,14:53:00,卖,100.2550,1.0,10.03,100.2518,mm
6,14:53:06,买,100.2400,1.0,10.02,100.2434,mm
6,14:53:11,卖,100.2650,1.0,10.03,100.2588,mm
6,14:53:17,卖,100.2900,1.0,10.03,100.2876,mm
6,14:53:23,买,100.2750,1.0,10.03,100.2800,mm
6,14:53:25,买,100.2650,1.0,10.03,100.2698,mm
6,14:53:29,卖,100.2750,1.0,10.03,100.2636,mm
6,14:53:29,买,100.2500,1.0,10.03,100.2541,mm
6,14:53:37,买,100.2350,1.0,10.02,100.2353,mm
6,14:53:41,卖,100.2300,1.0,10.02,100.2262,mm
6,14:53:47,买,100.2150,1.0,10.02,100.2194,mm
6,14:53:49,卖,100.2300,1.0,10.02,100.2255,mm
6,14:53:52,卖,100.2300,1.0,10.02,100.2279,mm
6,14:53:59,卖,100.2450,1.0,10.02,100.2509,mm
6,14:53:59,买,100.2400,1.0,10.02,100.2434,mm
6,14:54:07,买,100.2300,1.0,10.02,100.2355,mm
6,14:54:10,买,100.2350,1.0,10.02,100.2373,mm
6,14:54:11,卖,100.2450,1.0,10.02,100.2494,mm
6,14:54:17,卖,100.2600,1.0,10.03,100.2551,mm
6,14:54:33,买,100.2650,1.0,10.03,100.2700,mm
6,14:54:37,买,100.2500,1.0,10.03,100.2547,mm
6,14:54:42,卖,100.2500,1.0,10.03,100.2462,mm
6,14:54:51,买,100.2100,1.0,10.02,100.2121,mm
6,14:55:25,卖,100.2050,1.0,10.02,100.1993,mm
6,14:55:31,买,100.1850,1.0,10.02,100.1908,mm
6,14:55:33,买,100.1650,1.0,10.02,100.1691,mm
6,14:55:42,卖,100.1500,1.0,10.02,100.1455,mm
6,14:55:43,买,100.1300,1.0,10.01,100.1303,mm
6,14:55:45,卖,100.1400,1.0,10.01,100.1379,mm
6,14:55:50,买,100.1350,1.0,10.01,100.1384,mm
6,14:55:51,卖,100.1550,1.0,10.02,100.1569,mm
6,14:56:00,卖,100.1600,1.0,10.02,100.1597,mm
6,14:56:11,买,100.1400,1.0,10.01,100.1415,mm
6,14:56:30,卖,100.1250,1.0,10.01,100.1221,mm
6,14:56:40,买,100.1250,1.0,10.01,100.1275,mm
6,14:56:50,卖,100.1550,1.0,10.02,100.1536,mm
6,14:57:02,买,100.1200,1.0,10.01,100.1258,mm
6,14:57:16,买,100.1050,1.0,10.01,100.1086,mm
6,14:57:22,卖,100.1350,1.0,10.01,100.1331,mm
6,14:57:30,卖,100.1400,1.0,10.01,100.1426,mm
6,14:57:39,买,100.1500,1.0,10.02,100.1559,mm
6,14:58:00,卖,100.1450,1.0,10.01,100.1422,mm
6,14:58:02,买,100.1200,1.0,10.01,100.1205,mm
6,14:58:03,买,100.1200,1.0,10.01,100.1209,mm
6,14:58:10,卖,100.1050,1.0,10.01,100.0922,mm
6,14:58:10,卖,100.1050,1.0,10.01,100.0921,mm
6,14:58:11,买,100.0800,1.0,10.01,100.0859,mm
6,14:58:13,卖,100.1050,1.0,10.01,100.0990,mm
6,14:58:15,卖,100.1150,1.0,10.01,100.1102,mm
6,14:58:19,卖,100.1450,1.0,10.01,100.1310,mm
6,14:58:20,卖,100.1450,1.0,10.01,100.1328,mm
6,14:58:20,卖,100.1450,1.0,10.01,100.1330,mm
6,14:58:23,买,100.1250,1.0,10.01,100.1389,mm
6,14:58:25,买,100.1250,1.0,10.01,100.1221,mm
6,14:58:28,卖,100.1450,1.0,10.01,100.1373,mm
6,14:58:56,买,100.1350,1.0,10.01,100.1379,mm
6,14:59:13,买,100.1450,1.0,10.01,100.1475,mm
6,14:59:17,买,100.1400,1.0,10.01,100.1404,mm
6,14:59:22,买,100.1250,1.0,10.01,100.1290,mm
6,14:59:28,卖,100.1350,1.0,10.01,100.1305,mm
6,14:59:31,卖,100.1450,1.0,10.01,100.1340,mm
6,14:59:37,卖,100.1650,1.0,10.02,100.1678,mm
6,14:59:46,买,100.1450,1.0,10.01,100.1504,mm
6,14:59:57,卖,100.1850,1.0,10.02,100.1792,mm
6,15:00:03,买,100.1950,1.0,10.02,100.1885,mm
7,09:15:03,卖,100.3850,1.0,10.04,100.3821,mm
7,09:15:11,卖,100.4100,1.0,10.04,100.3989,mm
7,09:15:15,买,100.3850,1.0,10.04,100.3907,mm
7,09:15:16,卖,100.4050,1.0,10.04,100.4050,mm
7,09:15:22,买,100.4250,1.0,10.04,100.4311,mm
7,09:15:23,买,100.4200,1.0,10.04,100.4262,mm
7,09:15:28,卖,100.4500,1.0,10.05,100.4476,mm
7,09:15:36,卖,100.4550,1.0,10.05,100.4541,mm
7,09:15:45,买,100.4350,1.0,10.04,100.4356,mm
7,09:16:11,买,100.4450,1.0,10.04,100.4505,mm
7,09:16:16,卖,100.4650,1.0,10.05,100.4608,mm
7,09:16:41,买,100.4400,1.0,10.04,100.4429,mm
7,09:16:43,买,100.4300,1.0,10.04,100.4349,mm
7,09:16:52,买,100.4250,1.0,10.04,100.4306,mm
7,09:17:13,买,100.3700,1.0,10.04,100.3740,mm
7,09:17:14,卖,100.3800,1.0,10.04,100.3867,mm
7,09:17:30,卖,100.4050,1.0,10.04,100.4002,mm
7,09:17:40,卖,100.3850,1.0,10.04,100.3893,mm
7,09:17:44,买,100.3800,1.0,10.04,100.3842,mm
7,09:17:49,卖,100.4100,1.0,10.04,100.4181,mm
7,09:17:52,买,100.4100,1.0,10.04,100.4148,mm
7,09:17:59,卖,100.4300,1.0,10.04,100.4258,mm
7,09:18:01,买,100.4150,1.0,10.04,100.4160,mm
7,09:18:17,卖,100.4150,1.0,10.04,100.4135,mm
7,09:18:25,买,100.4100,1.0,10.04,100.4135,mm
7,09:18:28,卖,100.4250,1.0,10.04,100.4216,mm
7,09:18:38,买,100.4200,1.0,10.04,100.4226,mm
7,09:18:45,买,100.4050,1.0,10.04,100.4105,mm
7,09:18:50,买,100.3850,1.0,10.04,100.3907,mm
7,09:19:05,卖,100.4000,1.0,10.04,100.3950,mm
7,09:19:07,卖,100.4000,1.0,10.04,100.3942,mm
7,09:19:12,卖,100.4000,1.0,10.04,100.3956,mm
7,09:19:17,买,100.3850,1.0,10.04,100.3907,mm
7,09:19:42,卖,100.3800,1.0,10.04,100.3781,mm
7,09:19:42,买,100.3650,1.0,10.04,100.3676,mm
7,09:20:00,买,100.3300,1.0,10.03,100.3317,mm
7,09:20:03,卖,100.3400,1.0,10.03,100.3381,mm
7,09:20:35,卖,100.3450,1.0,10.03,100.3415,mm
7,09:20:38,买,100.3250,1.0,10.03,100.3369,mm
7,09:20:41,买,100.3200,1.0,10.03,100.3303,mm
7,09:20:43,卖,100.3450,1.0,10.03,100.3433,mm
7,09:21:26,卖,100.3150,1.0,10.03,100.3095,mm
7,09:21:28,卖,100.3400,1.0,10.03,100.3367,mm
7,09:21:33,买,100.3400,1.0,10.03,100.3403,mm
7,09:21:39,卖,100.3750,1.0,10.04,100.3766,mm
7,09:21:40,卖,100.3950,1.0,10.04,100.3788,mm
7,09:21:43,买,100.3600,1.0,10.04,100.3588,mm
7,09:21:45,买,100.3500,1.0,10.04,100.3526,mm
7,09:22:11,买,100.3500,1.0,10.04,100.3550,mm
7,09:22:24,卖,100.3550,1.0,10.04,100.3521,mm
7,09:22:44,买,100.3350,1.0,10.03,100.3396,mm
7,09:22:51,卖,100.3500,1.0,10.04,100.3462,mm
7,09:22:56,买,100.3300,1.0,10.03,100.3353,mm
7,09:23:06,卖,100.3350,1.0,10.03,100.3372,mm
7,09:23:08,卖,100.3450,1.0,10.03,100.3399,mm
7,09:23:09,买,100.3300,1.0,10.03,100.3347,mm
7,09:23:19,买,100.3200,1.0,10.03,100.3259,mm
7,09:23:20,卖,100.3400,1.0,10.03,100.3447,mm
7,09:23:24,卖,100.3550,1.0,10.04,100.3490,mm
7,09:23:28,买,100.3300,1.0,10.03,100.3348,mm
7,09:23:36,卖,100.3500,1.0,10.04,100.3524,mm
7,09:23:38,卖,100.3700,1.0,10.04,100.3680,mm
7,09:23:52,买,100.3800,1.0,10.04,100.3836,mm
7,09:23:53,买,100.3700,1.0,10.04,100.3724,mm
7,09:24:01,卖,100.3850,1.0,10.04,100.3805,mm
7,09:24:03,买,100.3700,1.0,10.04,100.3731,mm
7,09:24:59,买,100.3300,1.0,10.03,100.3317,mm
7,09:25:05,卖,100.3400,1.0,10.03,100.3323,mm
7,09:25:22,买,100.3300,1.0,10.03,100.3426,mm
7,09:25:42,卖,100.3850,1.0,10.04,100.3791,mm
7,09:25:50,买,100.3600,1.0,10.04,100.3648,mm
7,09:25:53,卖,100.3800,1.0,10.04,100.3770,mm
7,09:26:36,卖,100.3350,1.0,10.03,100.3382,mm
7,09:26:37,买,100.3250,1.0,10.03,100.3239,mm
7,09:26:51,买,100.3400,1.0,10.03,100.3461,mm
7,09:27:23,卖,100.3750,1.0,10.04,100.3740,mm
7,09:27:32,买,100.3700,1.0,10.04,100.3721,mm
7,09:27:57,卖,100.3650,1.0,10.04,100.3610,mm
7,09:28:49,买,100.3200,1.0,10.03,100.3224,mm
7,09:28:55,卖,100.3400,1.0,10.03,100.3349,mm
7,09:29:42,买,100.3150,1.0,10.03,100.3201,mm
7,09:29:46,卖,100.3300,1.0,10.03,100.3257,mm
7,09:29:59,买,100.2900,1.0,10.03,100.2889,mm
7,09:30:04,卖,100.3250,1.0,10.03,100.3192,mm
7,09:30:07,买,100.3050,1.0,10.03,100.3164,mm
7,09:30:13,卖,100.3200,1.0,10.03,100.3137,mm
7,09:30:35,买,100.3050,1.0,10.03,100.3106,mm
7,09:30:44,卖,100.3150,1.0,10.03,100.3081,mm
7,09:31:43,买,100.3400,1.0,10.03,100.3561,mm
7,09:31:57,卖,100.3900,1.0,10.04,100.3870,mm
7,09:32:10,卖,100.3800,1.0,10.04,100.3861,mm
7,09:32:15,买,100.3800,1.0,10.04,100.3831,mm
7,09:32:34,买,100.3950,1.0,10.04,100.3993,mm
7,09:32:49,卖,100.3850,1.0,10.04,100.3823,mm
7,09:33:09,卖,100.3850,1.0,10.04,100.3776,mm
7,09:33:13,买,100.3800,1.0,10.04,100.3850,mm
7,09:33:20,卖,100.4150,1.0,10.04,100.4157,mm
7,09:33:21,买,100.4100,1.0,10.04,100.4145,mm
7,09:33:26,买,100.3950,1.0,10.04,100.3998,mm
7,09:33:27,卖,100.4100,1.0,10.04,100.4080,mm
7,09:34:35,买,100.4300,1.0,10.04,100.4351,mm
7,09:34:35,卖,100.4450,1.0,10.04,100.4403,mm
7,09:34:38,卖,100.4600,1.0,10.05,100.4585,mm
7,09:34:41,买,100.4600,1.0,10.05,100.4575,mm
7,09:34:49,买,100.4500,1.0,10.05,100.4537,mm
7,09:35:04,卖,100.4150,1.0,10.04,100.4097,mm
7,09:35:47,卖,100.4250,1.0,10.04,100.4218,mm
7,09:35:51,买,100.4200,1.0,10.04,100.4247,mm
7,09:35:59,买,100.4250,1.0,10.04,100.4277,mm
7,09:36:01,卖,100.4400,1.0,10.04,100.4350,mm
7,09:36:02,买,100.4200,1.0,10.04,100.4221,mm
7,09:36:04,卖,100.4300,1.0,10.04,100.4219,mm
7,09:36:11,买,100.3850,1.0,10.04,100.3900,mm
7,09:36:39,卖,100.3650,1.0,10.04,100.3610,mm
7,09:37:07,卖,100.3700,1.0,10.04,100.3664,mm
7,09:37:13,买,100.3400,1.0,10.03,100.3408,mm
7,09:37:26,买,100.3050,1.0,10.03,100.3096,mm
7,09:37:29,卖,100.3200,1.0,10.03,100.3159,mm
7,09:37:39,卖,100.3350,1.0,10.03,100.3312,mm
7,09:37:43,买,100.3200,1.0,10.03,100.3261,mm
7,09:37:46,买,100.3250,1.0,10.03,100.3282,mm
7,09:38:13,卖,100.3300,1.0,10.03,100.3356,mm
7,09:38:45,卖,100.4000,1.0,10.04,100.3961,mm
7,09:38:47,买,100.3900,1.0,10.04,100.3959,mm
7,09:39:06,买,100.3850,1.0,10.04,100.3926,mm
7,09:39:07,卖,100.4100,1.0,10.04,100.4063,mm
7,09:39:09,买,100.3900,1.0,10.04,100.3925,mm
7,09:39:12,卖,100.4000,1.0,10.04,100.3973,mm
7,09:39:40,卖,100.3700,1.0,10.04,100.3640,mm
7,09:39:49,买,100.3650,1.0,10.04,100.3698,mm
7,09:41:24,卖,100.3050,1.0,10.03,100.3006,mm
7,09:41:30,买,100.3000,1.0,10.03,100.3018,mm
7,09:41:36,买,100.2900,1.0,10.03,100.2933,mm
7,09:41:45,卖,100.3200,1.0,10.03,100.3170,mm
7,09:41:52,卖,100.3450,1.0,10.03,100.3364,mm
7,09:41:53,买,100.3300,1.0,10.03,100.3379,mm
7,09:42:00,买,100.3200,1.0,10.03,100.3244,mm
7,09:42:02,卖,100.3450,1.0,10.03,100.3401,mm
7,09:42:43,卖,100.3400,1.0,10.03,100.3319,mm
7,09:42:50,买,100.3300,1.0,10.03,100.3360,mm
7,09:42:59,买,100.3550,1.0,10.04,100.3610,mm
7,09:43:04,卖,100.3750,1.0,10.04,100.3642,mm
7,09:43:17,卖,100.3750,1.0,10.04,100.3611,mm
7,09:43:19,买,100.3550,1.0,10.04,100.3688,mm
7,09:43:19,买,100.3550,1.0,10.04,100.3704,mm
7,09:43:28,卖,100.3600,1.0,10.04,100.3592,mm
7,09:43:34,买,100.3400,1.0,10.03,100.3460,mm
7,09:43:37,卖,100.3600,1.0,10.04,100.3557,mm
7,09:44:00,卖,100.3750,1.0,10.04,100.3697,mm
7,09:44:03,买,100.3550,1.0,10.04,100.3576,mm
7,09:44:34,买,100.3100,1.0,10.03,100.3150,mm
7,09:44:35,卖,100.3300,1.0,10.03,100.3271,mm
7,09:44:48,买,100.3500,1.0,10.04,100.3527,mm
7,09:44:54,卖,100.3600,1.0,10.04,100.3577,mm
7,09:45:04,卖,100.3500,1.0,10.04,100.3468,mm
7,09:45:28,买,100.3850,1.0,10.04,100.3898,mm
7,09:45:57,买,100.3750,1.0,10.04,100.3805,mm
7,09:46:08,卖,100.3800,1.0,10.04,100.3746,mm
7,09:46:12,买,100.3700,1.0,10.04,100.3662,mm
7,09:46:14,卖,100.3800,1.0,10.04,100.3789,mm
7,09:46:30,买,100.3650,1.0,10.04,100.3689,mm
7,09:46:49,卖,100.3400,1.0,10.03,100.3346,mm
7,09:46:50,买,100.3200,1.0,10.03,100.3242,mm
7,09:47:03,卖,100.3150,1.0,10.03,100.3093,mm
7,09:47:04,买,100.3000,1.0,10.03,100.3054,mm
7,09:47:13,卖,100.3100,1.0,10.03,100.3123,mm
7,09:47:38,买,100.3450,1.0,10.03,100.3437,mm
7,09:47:48,卖,100.3700,1.0,10.04,100.3678,mm
7,09:47:53,卖,100.3600,1.0,10.04,100.3503,mm
7,09:48:04,买,100.3250,1.0,10.03,100.3251,mm
7,09:48:15,卖,100.3500,1.0,10.04,100.3446,mm
7,09:48:26,买,100.3550,1.0,10.04,100.3547,mm
7,09:48:48,买,100.3100,1.0,10.03,100.3159,mm
7,09:48:57,卖,100.3050,1.0,10.03,100.2989,mm
7,09:49:06,卖,100.3050,1.0,10.03,100.2952,mm
7,09:49:21,卖,100.3000,1.0,10.03,100.2994,mm
7,09:49:22,买,100.2950,1.0,10.03,100.2952,mm
7,09:49:23,买,100.2850,1.0,10.03,100.2911,mm
7,09:49:37,卖,100.2650,1.0,10.03,100.2663,mm
7,09:49:39,买,100.2650,1.0,10.03,100.2660,mm
7,09:49:41,卖,100.2800,1.0,10.03,100.2703,mm
7,09:49:43,买,100.2650,1.0,10.03,100.2695,mm
7,09:49:45,卖,100.2800,1.0,10.03,100.2757,mm
7,09:49:58,买,100.2950,1.0,10.03,100.2997,mm
7,09:50:06,买,100.2850,1.0,10.03,100.2886,mm
7,09:50:10,卖,100.2950,1.0,10.03,100.2834,mm
7,09:50:15,买,100.2550,1.0,10.03,100.2603,mm
7,09:50:48,卖,100.1850,1.0,10.02,100.1822,mm
7,09:50:51,买,100.1750,1.0,10.02,100.1791,mm
7,09:50:52,卖,100.1850,1.0,10.02,100.1877,mm
7,09:50:54,买,100.1700,1.0,10.02,100.1758,mm
7,09:51:00,卖,100.2050,1.0,10.02,100.2085,mm
7,09:51:14,买,100.2000,1.0,10.02,100.2014,mm
7,09:51:19,卖,100.1950,1.0,10.02,100.1858,mm
7,09:51:22,卖,100.2000,1.0,10.02,100.1868,mm
7,09:51:26,买,100.1700,1.0,10.02,100.1727,mm
7,09:51:28,买,100.1550,1.0,10.02,100.1595,mm
7,09:51:31,卖,100.1550,1.0,10.02,100.1530,mm
7,09:52:23,卖,100.1500,1.0,10.02,100.1397,mm
7,09:52:35,买,100.1550,1.0,10.02,100.1591,mm
7,09:53:12,卖,100.1950,1.0,10.02,100.1900,mm
7,09:53:19,买,100.1950,1.0,10.02,100.2008,mm
7,09:53:33,卖,100.2250,1.0,10.02,100.2213,mm
7,09:53:35,买,100.2200,1.0,10.02,100.2198,mm
7,09:53:48,买,100.1800,1.0,10.02,100.1802,mm
7,09:53:53,买,100.1800,1.0,10.02,100.1856,mm
7,09:54:04,卖,100.1750,1.0,10.02,100.1729,mm
7,09:54:30,卖,100.1600,1.0,10.02,100.1570,mm
7,09:54:59,卖,100.1600,1.0,10.02,100.1454,mm
7,09:55:07,买,100.1600,1.0,10.02,100.1660,mm
7,09:55:18,卖,100.2100,1.0,10.02,100.2013,mm
7,09:55:19,买,100.1800,1.0,10.02,100.1836,mm
7,09:55:21,买,100.1700,1.0,10.02,100.1760,mm
7,09:55:36,卖,100.1700,1.0,10.02,100.1687,mm
7,09:56:14,卖,100.2000,1.0,10.02,100.1848,mm
7,09:56:21,卖,100.1950,1.0,10.02,100.1826,mm
7,09:56:29,买,100.1750,1.0,10.02,100.1717,mm
7,09:56:36,买,100.1550,1.0,10.02,100.1595,mm
7,09:56:44,卖,100.1700,1.0,10.02,100.1565,mm
7,09:56:59,买,100.1650,1.0,10.02,100.1707,mm
7,09:57:28,买,100.1300,1.0,10.01,100.1362,mm
7,09:57:29,卖,100.1500,1.0,10.02,100.1509,mm
7,09:57:43,卖,100.1400,1.0,10.01,100.1373,mm
7,09:57:46,买,100.1250,1.0,10.01,100.1260,mm
7,09:58:04,买,100.1600,1.0,10.02,100.1661,mm
7,09:58:10,卖,100.1750,1.0,10.02,100.1706,mm
7,09:58:12,买,100.1600,1.0,10.02,100.1649,mm
7,09:58:22,卖,100.1650,1.0,10.02,100.1570,mm
7,09:58:22,卖,100.1700,1.0,10.02,100.1645,mm
7,09:58:26,买,100.1500,1.0,10.02,100.1535,mm
7,09:58:31,卖,100.1650,1.0,10.02,100.1617,mm
7,09:58:32,买,100.1500,1.0,10.02,100.1547,mm
7,09:58:42,买,100.1300,1.0,10.01,100.1300,mm
7,09:58:46,买,100.1100,1.0,10.01,100.1161,mm
7,09:59:02,卖,100.0950,1.0,10.01,100.0897,mm
7,09:59:04,卖,100.0900,1.0,10.01,100.0902,mm
7,09:59:23,卖,100.1150,1.0,10.01,100.1024,mm
7,09:59:25,卖,100.1200,1.0,10.01,100.1045,mm
7,09:59:36,买,100.1050,1.0,10.01,100.1132,mm
7,09:59:42,卖,100.1150,1.0,10.01,100.0975,mm
7,09:59:43,卖,100.1250,1.0,10.01,100.1062,mm
7,09:59:51,买,100.0900,1.0,10.01,100.0912,mm
7,09:59:55,买,100.0800,1.0,10.01,100.0826,mm
7,10:00:02,买,100.1100,1.0,10.01,100.1084,mm
7,10:00:09,买,100.1150,1.0,10.01,100.1238,mm
7,10:00:39,卖,100.0450,1.0,10.00,100.0424,mm
7,10:00:43,买,100.0300,1.0,10.00,100.0311,mm
7,10:00:54,卖,100.0450,1.0,10.00,100.0402,mm
7,10:01:34,买,100.0750,1.0,10.01,100.0763,mm
7,10:01:39,卖,100.0750,1.0,10.01,100.0766,mm
7,10:01:42,买,100.0550,1.0,10.01,100.0539,mm
7,10:01:47,卖,100.0550,1.0,10.01,100.0505,mm
7,10:01:54,买,100.0350,1.0,10.00,100.0411,mm
7,10:02:25,卖,100.0350,1.0,10.00,100.0295,mm
7,10:02:26,买,100.0150,1.0,10.00,100.0255,mm
7,10:02:26,卖,100.0350,1.0,10.00,100.0279,mm
7,10:02:34,卖,100.0400,1.0,10.00,100.0373,mm
7,10:02:36,买,100.0200,1.0,10.00,100.0215,mm
7,10:02:46,买,99.9850,1.0,10.00,99.9842,mm
7,10:02:59,卖,99.9900,1.0,10.00,99.9886,mm
7,10:03:09,买,99.9850,1.0,10.00,99.9894,mm
7,10:03:13,卖,99.9950,1.0,10.00,99.9899,mm
7,10:03:25,买,100.0000,1.0,10.00,100.0058,mm
7,10:03:25,卖,100.0150,1.0,10.00,100.0189,mm
7,10:03:35,买,99.9700,1.0,10.00,99.9762,mm
7,10:03:40,卖,99.9700,1.0,10.00,99.9611,mm
7,10:04:02,买,99.9350,1.0,9.99,99.9362,mm
7,10:04:06,卖,99.9550,1.0,10.00,99.9517,mm
7,10:04:15,买,99.9550,1.0,10.00,99.9589,mm
7,10:05:02,卖,100.0100,1.0,10.00,100.0028,mm
7,10:05:06,卖,100.0050,1.0,10.00,99.9945,mm
7,10:05:13,买,99.9950,1.0,10.00,99.9996,mm
7,10:05:21,买,99.9800,1.0,10.00,99.9861,mm
7,10:05:37,卖,99.9750,1.0,10.00,99.9685,mm
7,10:05:44,买,99.9500,1.0,10.00,99.9482,mm
7,10:05:53,卖,99.9550,1.0,10.00,99.9533,mm
7,10:06:11,卖,99.9350,1.0,9.99,99.9315,mm
7,10:06:22,买,99.9450,1.0,9.99,99.9467,mm
7,10:06:25,卖,99.9800,1.0,10.00,99.9742,mm
7,10:06:38,买,100.0200,1.0,10.00,100.0259,mm
7,10:06:52,卖,100.0400,1.0,10.00,100.0310,mm
7,10:07:06,卖,100.0500,1.0,10.01,100.0478,mm
7,10:07:10,买,100.0600,1.0,10.01,100.0611,mm
7,10:07:12,买,100.0500,1.0,10.01,100.0552,mm
7,10:07:18,买,100.0700,1.0,10.01,100.0724,mm
7,10:07:33,卖,100.0750,1.0,10.01,100.0704,mm
7,10:07:36,卖,100.1000,1.0,10.01,100.1053,mm
7,10:07:41,买,100.1050,1.0,10.01,100.1083,mm
7,10:08:36,卖,100.1850,1.0,10.02,100.1750,mm
7,10:08:41,买,100.1800,1.0,10.02,100.1851,mm
7,10:08:51,买,100.1700,1.0,10.02,100.1746,mm
7,10:08:57,卖,100.1950,1.0,10.02,100.1914,mm
7,10:09:02,卖,100.2100,1.0,10.02,100.2039,mm
7,10:09:09,买,100.2050,1.0,10.02,100.2057,mm
7,10:09:16,买,100.1950,1.0,10.02,100.1964,mm
7,10:09:17,卖,100.2150,1.0,10.02,100.2113,mm
7,10:09:39,买,100.2050,1.0,10.02,100.2091,mm
7,10:09:47,卖,100.2200,1.0,10.02,100.2157,mm
7,10:09:47,卖,100.2300,1.0,10.02,100.2247,mm
7,10:09:52,买,100.2050,1.0,10.02,100.2099,mm
7,10:10:18,买,100.2000,1.0,10.02,100.1978,mm
7,10:10:19,卖,100.2100,1.0,10.02,100.2095,mm
7,10:10:39,卖,100.2250,1.0,10.02,100.2227,mm
7,10:10:39,买,100.2150,1.0,10.02,100.2126,mm
7,10:11:05,卖,100.2600,1.0,10.03,100.2539,mm
7,10:11:06,买,100.2450,1.0,10.02,100.2469,mm
7,10:11:15,买,100.2650,1.0,10.03,100.2646,mm
7,10:11:16,卖,100.2750,1.0,10.03,100.2758,mm
7,10:11:21,买,100.2650,1.0,10.03,100.2678,mm
7,10:11:22,卖,100.2750,1.0,10.03,100.2779,mm
7,10:11:35,买,100.2350,1.0,10.02,100.2398,mm
7,10:11:39,卖,100.2500,1.0,10.03,100.2481,mm
7,10:11:54,卖,100.2850,1.0,10.03,100.2810,mm
7,10:11:55,买,100.2800,1.0,10.03,100.2841,mm
7,10:12:02,买,100.2800,1.0,10.03,100.2800,mm
7,10:12:08,卖,100.2900,1.0,10.03,100.2840,mm
7,10:12:14,卖,100.2800,1.0,10.03,100.2708,mm
7,10:12:19,卖,100.3150,1.0,10.03,100.3141,mm
7,10:12:23,买,100.3000,1.0,10.03,100.3053,mm
7,10:12:26,买,100.2950,1.0,10.03,100.2980,mm
7,10:12:52,买,100.2800,1.0,10.03,100.2826,mm
7,10:12:53,卖,100.3050,1.0,10.03,100.3035,mm
7,10:13:05,卖,100.2950,1.0,10.03,100.2922,mm
7,10:13:18,买,100.2750,1.0,10.03,100.2730,mm
7,10:13:24,卖,100.2850,1.0,10.03,100.2791,mm
7,10:13:33,买,100.2850,1.0,10.03,100.2881,mm
7,10:13:35,买,100.2700,1.0,10.03,100.2749,mm
7,10:13:38,卖,100.2900,1.0,10.03,100.2846,mm
7,10:13:45,买,100.2550,1.0,10.03,100.2605,mm
7,10:13:49,卖,100.2750,1.0,10.03,100.2724,mm
7,10:13:57,买,100.2550,1.0,10.03,100.2517,mm
7,10:14:04,卖,100.2450,1.0,10.02,100.2353,mm
7,10:14:18,买,100.2000,1.0,10.02,100.2004,mm
7,10:14:18,卖,100.2100,1.0,10.02,100.2138,mm
7,10:14:40,卖,100.2200,1.0,10.02,100.2213,mm
7,10:14:41,买,100.2100,1.0,10.02,100.2111,mm
7,10:14:59,买,100.2300,1.0,10.02,100.2361,mm
7,10:15:05,卖,100.2500,1.0,10.03,100.2457,mm
7,10:15:21,卖,100.2850,1.0,10.03,100.2794,mm
7,10:15:30,买,100.2900,1.0,10.03,100.2959,mm
7,10:15:40,卖,100.3100,1.0,10.03,100.3041,mm
7,10:15:46,买,100.3100,1.0,10.03,100.3078,mm
7,10:16:06,卖,100.3300,1.0,10.03,100.3263,mm
7,10:16:17,买,100.3350,1.0,10.03,100.3402,mm
7,10:16:38,卖,100.3300,1.0,10.03,100.3243,mm
7,10:16:41,买,100.3100,1.0,10.03,100.3115,mm
7,10:16:47,买,100.3150,1.0,10.03,100.3169,mm
7,10:16:54,卖,100.3250,1.0,10.03,100.3228,mm
7,10:17:04,买,100.2950,1.0,10.03,100.2995,mm
7,10:17:05,卖,100.3100,1.0,10.03,100.3050,mm
7,10:17:12,卖,100.3100,1.0,10.03,100.3084,mm
7,10:17:13,买,100.3000,1.0,10.03,100.2998,mm
7,10:17:22,卖,100.3200,1.0,10.03,100.3085,mm
7,10:17:48,卖,100.3200,1.0,10.03,100.3112,mm
7,10:18:20,卖,100.3250,1.0,10.03,100.3206,mm
7,10:18:22,买,100.3150,1.0,10.03,100.3155,mm
7,10:18:25,买,100.3300,1.0,10.03,100.3325,mm
7,10:18:35,买,100.3250,1.0,10.03,100.3298,mm
7,10:18:37,买,100.3150,1.0,10.03,100.3129,mm
7,10:18:48,卖,100.3200,1.0,10.03,100.3195,mm
7,10:18:58,卖,100.3300,1.0,10.03,100.3250,mm
7,10:19:04,卖,100.3350,1.0,10.03,100.3262,mm
7,10:19:07,买,100.3450,1.0,10.03,100.3433,mm
7,10:19:08,卖,100.3600,1.0,10.04,100.3443,mm
7,10:19:09,买,100.3400,1.0,10.03,100.3473,mm
7,10:19:45,买,100.4200,1.0,10.04,100.4251,mm
7,10:20:04,买,100.3950,1.0,10.04,100.3996,mm
7,10:20:05,卖,100.4100,1.0,10.04,100.4085,mm
7,10:20:12,卖,100.4100,1.0,10.04,100.4014,mm
7,10:20:18,买,100.4150,1.0,10.04,100.4181,mm
7,10:20:28,卖,100.4100,1.0,10.04,100.4010,mm
7,10:20:37,买,100.3900,1.0,10.04,100.3945,mm
7,10:21:00,买,100.4350,1.0,10.04,100.4394,mm
7,10:21:02,卖,100.4500,1.0,10.05,100.4515,mm
7,10:21:29,买,100.4250,1.0,10.04,100.4307,mm
7,10:21:33,卖,100.4500,1.0,10.05,100.4480,mm
7,10:21:48,卖,100.4250,1.0,10.04,100.4209,mm
7,10:22:10,买,100.3950,1.0,10.04,100.3924,mm
7,10:22:14,卖,100.4100,1.0,10.04,100.4035,mm
7,10:22:27,买,100.4050,1.0,10.04,100.4014,mm
7,10:22:34,买,100.3850,1.0,10.04,100.3855,mm
7,10:22:41,卖,100.3900,1.0,10.04,100.3849,mm
7,10:23:41,买,100.4150,1.0,10.04,100.4159,mm
7,10:23:45,卖,100.4400,1.0,10.04,100.4344,mm
7,10:23:55,买,100.4300,1.0,10.04,100.4355,mm
7,10:24:16,卖,100.4350,1.0,10.04,100.4391,mm
7,10:24:17,卖,100.4500,1.0,10.05,100.4408,mm
7,10:24:20,买,100.4300,1.0,10.04,100.4429,mm
7,10:24:20,买,100.4300,1.0,10.04,100.4399,mm
7,10:24:31,卖,100.4400,1.0,10.04,100.4300,mm
7,10:24:35,买,100.4150,1.0,10.04,100.4210,mm
7,10:24:39,卖,100.4200,1.0,10.04,100.4243,mm
7,10:24:41,卖,100.4300,1.0,10.04,100.4284,mm
7,10:24:51,买,100.4350,1.0,10.04,100.4393,mm
7,10:25:01,买,100.4350,1.0,10.04,100.4395,mm
7,10:25:16,卖,100.4200,1.0,10.04,100.4163,mm
7,10:25:17,买,100.4050,1.0,10.04,100.4056,mm
7,10:25:27,卖,100.4300,1.0,10.04,100.4244,mm
7,10:25:29,买,100.4200,1.0,10.04,100.4255,mm
7,10:25:30,卖,100.4450,1.0,10.04,100.4398,mm
7,10:25:31,卖,100.4550,1.0,10.05,100.4522,mm
7,10:25:40,买,100.4450,1.0,10.04,100.4489,mm
7,10:25:47,卖,100.5000,1.0,10.05,100.4941,mm
7,10:25:54,买,100.4700,1.0,10.05,100.4699,mm
7,10:25:56,卖,100.4800,1.0,10.05,100.4783,mm
7,10:26:01,买,100.4900,1.0,10.05,100.4956,mm
7,10:26:31,买,100.4450,1.0,10.04,100.4500,mm
7,10:26:50,卖,100.4150,1.0,10.04,100.4167,mm
7,10:26:59,买,100.3850,1.0,10.04,100.3898,mm
7,10:27:17,卖,100.3850,1.0,10.04,100.3849,mm
7,10:27:23,卖,100.4300,1.0,10.04,100.4212,mm
7,10:27:26,买,100.4150,1.0,10.04,100.4177,mm
7,10:27:33,买,100.4100,1.0,10.04,100.4137,mm
7,10:27:34,卖,100.4250,1.0,10.04,100.4186,mm
7,10:27:39,卖,100.4400,1.0,10.04,100.4332,mm
7,10:27:55,买,100.4700,1.0,10.05,100.4759,mm
7,10:28:07,卖,100.4750,1.0,10.05,100.4672,mm
7,10:28:24,买,100.5050,1.0,10.05,100.5088,mm
7,10:28:25,买,100.4950,1.0,10.05,100.5005,mm
7,10:28:27,卖,100.5100,1.0,10.05,100.5074,mm
7,10:29:19,买,100.4550,1.0,10.05,100.4596,mm
7,10:29:26,卖,100.4500,1.0,10.05,100.4371,mm
7,10:29:26,卖,100.4500,1.0,10.05,100.4406,mm
7,10:29:28,买,100.4300,1.0,10.04,100.4361,mm
7,10:29:39,买,100.4400,1.0,10.04,100.4418,mm
7,10:29:48,卖,100.4250,1.0,10.04,100.4226,mm
7,10:29:58,买,100.4050,1.0,10.04,100.4096,mm
7,10:30:06,卖,100.4050,1.0,10.04,100.3998,mm
7,10:30:08,卖,100.4200,1.0,10.04,100.4178,mm
7,10:30:12,买,100.4100,1.0,10.04,100.4155,mm
7,10:30:13,买,100.4000,1.0,10.04,100.4052,mm
7,10:30:19,卖,100.4150,1.0,10.04,100.4116,mm
7,10:30:53,买,100.4150,1.0,10.04,100.4148,mm
7,10:30:58,卖,100.4250,1.0,10.04,100.4217,mm
7,10:31:03,买,100.4250,1.0,10.04,100.4289,mm
7,10:31:25,卖,100.4250,1.0,10.04,100.4175,mm
7,10:31:38,买,100.3850,1.0,10.04,100.3900,mm
7,10:31:43,卖,100.3900,1.0,10.04,100.3857,mm
7,10:31:49,卖,100.4050,1.0,10.04,100.3931,mm
7,10:31:58,卖,100.4100,1.0,10.04,100.3936,mm
7,10:32:12,买,100.3750,1.0,10.04,100.3964,mm
7,10:32:20,买,100.3600,1.0,10.04,100.3591,mm
7,10:32:35,买,100.3900,1.0,10.04,100.3949,mm
7,10:32:40,卖,100.4150,1.0,10.04,100.4138,mm
7,10:32:56,买,100.3900,1.0,10.04,100.3936,mm
7,10:32:57,卖,100.4050,1.0,10.04,100.4012,mm
7,10:33:07,买,100.3650,1.0,10.04,100.3710,mm
7,10:33:15,卖,100.3750,1.0,10.04,100.3795,mm
7,10:33:58,买,100.3750,1.0,10.04,100.3810,mm
7,10:34:19,卖,100.3750,1.0,10.04,100.3762,mm
7,10:34:44,卖,100.3850,1.0,10.04,100.3675,mm
7,10:34:47,卖,100.3900,1.0,10.04,100.3816,mm
7,10:35:01,买,100.4000,1.0,10.04,100.4048,mm
7,10:35:06,买,100.3950,1.0,10.04,100.3970,mm
7,10:35:11,买,100.3800,1.0,10.04,100.3809,mm
7,10:35:12,卖,100.3850,1.0,10.04,100.3826,mm
7,10:35:15,卖,100.3850,1.0,10.04,100.3784,mm
7,10:35:18,买,100.3750,1.0,10.04,100.3810,mm
7,10:36:00,买,100.4150,1.0,10.04,100.4143,mm
7,10:36:02,卖,100.4200,1.0,10.04,100.4095,mm
7,10:36:05,买,100.4100,1.0,10.04,100.4144,mm
7,10:36:25,卖,100.4100,1.0,10.04,100.4117,mm
7,10:36:32,买,100.3900,1.0,10.04,100.3934,mm
7,10:36:38,卖,100.3750,1.0,10.04,100.3778,mm
7,10:36:42,买,100.3450,1.0,10.03,100.3502,mm
7,10:36:43,卖,100.3600,1.0,10.04,100.3542,mm
7,10:36:47,买,100.3550,1.0,10.04,100.3593,mm
7,10:36:48,卖,100.3700,1.0,10.04,100.3667,mm
7,10:37:12,买,100.3950,1.0,10.04,100.3994,mm
7,10:37:36,卖,100.3800,1.0,10.04,100.3750,mm
7,10:37:40,买,100.3400,1.0,10.03,100.3397,mm
7,10:37:46,卖,100.3300,1.0,10.03,100.3263,mm
7,10:38:17,买,100.3500,1.0,10.04,100.3456,mm
7,10:38:18,买,100.3300,1.0,10.03,100.3293,mm
7,10:38:21,卖,100.3500,1.0,10.04,100.3479,mm
7,10:38:44,卖,100.3200,1.0,10.03,100.3137,mm
7,10:38:53,买,100.3000,1.0,10.03,100.3036,mm
7,10:39:00,卖,100.2750,1.0,10.03,100.2712,mm
7,10:39:03,卖,100.2850,1.0,10.03,100.2828,mm
7,10:39:07,买,100.2800,1.0,10.03,100.2845,mm
7,10:39:10,卖,100.2950,1.0,10.03,100.2898,mm
7,10:39:14,买,100.2900,1.0,10.03,100.2962,mm
7,10:39:28,买,100.3100,1.0,10.03,100.3146,mm
7,10:39:29,买,100.3000,1.0,10.03,100.3016,mm
7,10:39:32,卖,100.2800,1.0,10.03,100.2849,mm
7,10:39:34,卖,100.2900,1.0,10.03,100.2887,mm
7,10:39:35,买,100.2800,1.0,10.03,100.2848,mm
7,10:39:38,卖,100.2950,1.0,10.03,100.2925,mm
7,10:39:48,卖,100.3250,1.0,10.03,100.3190,mm
7,10:39:56,买,100.3050,1.0,10.03,100.3086,mm
7,10:40:00,卖,100.3000,1.0,10.03,100.2887,mm
7,10:40:12,买,100.2750,1.0,10.03,100.2798,mm
7,10:40:17,卖,100.3100,1.0,10.03,100.3088,mm
7,10:40:18,买,100.3000,1.0,10.03,100.3025,mm
7,10:40:44,卖,100.2950,1.0,10.03,100.2906,mm
7,10:40:49,买,100.2850,1.0,10.03,100.2854,mm
7,10:41:02,买,100.2650,1.0,10.03,100.2703,mm
7,10:41:06,卖,100.2750,1.0,10.03,100.2713,mm
7,10:41:18,买,100.2400,1.0,10.02,100.2347,mm
7,10:41:19,买,100.2150,1.0,10.02,100.2206,mm
7,10:41:38,卖,100.1950,1.0,10.02,100.1899,mm
7,10:41:49,卖,100.1850,1.0,10.02,100.1731,mm
7,10:41:52,买,100.1700,1.0,10.02,100.1759,mm
7,10:41:56,卖,100.1650,1.0,10.02,100.1606,mm
7,10:41:59,卖,100.1700,1.0,10.02,100.1638,mm
7,10:42:06,买,100.1650,1.0,10.02,100.1673,mm
7,10:42:16,卖,100.1950,1.0,10.02,100.1915,mm
7,10:42:21,买,100.1700,1.0,10.02,100.1694,mm
7,10:42:25,卖,100.1850,1.0,10.02,100.1801,mm
7,10:42:37,买,100.1950,1.0,10.02,100.2007,mm
7,10:42:45,卖,100.2300,1.0,10.02,100.2225,mm
7,10:42:51,买,100.2300,1.0,10.02,100.2322,mm
7,10:43:16,买,100.2200,1.0,10.02,100.2253,mm
7,10:43:16,卖,100.2350,1.0,10.02,100.2279,mm
7,10:43:24,买,100.1950,1.0,10.02,100.1958,mm
7,10:43:28,卖,100.2000,1.0,10.02,100.1945,mm
7,10:43:38,买,100.1700,1.0,10.02,100.1724,mm
7,10:43:42,卖,100.1750,1.0,10.02,100.1713,mm
7,10:43:47,卖,100.1900,1.0,10.02,100.1864,mm
7,10:43:49,买,100.1750,1.0,10.02,100.1738,mm
7,10:44:06,卖,100.1850,1.0,10.02,100.1794,mm
7,10:44:12,卖,100.2050,1.0,10.02,100.2046,mm
7,10:44:14,买,100.1950,1.0,10.02,100.1992,mm
7,10:44:19,买,100.1850,1.0,10.02,100.1871,mm
7,10:44:38,卖,100.2250,1.0,10.02,100.2198,mm
7,10:44:47,买,100.2450,1.0,10.02,100.2483,mm
7,10:44:50,买,100.2250,1.0,10.02,100.2295,mm
7,10:44:57,卖,100.2350,1.0,10.02,100.2277,mm
7,10:45:02,卖,100.2400,1.0,10.02,100.2312,mm
7,10:45:06,买,100.2300,1.0,10.02,100.2352,mm
7,10:45:15,买,100.2150,1.0,10.02,100.2210,mm
7,10:45:22,卖,100.2200,1.0,10.02,100.2080,mm
7,10:45:24,卖,100.2150,1.0,10.02,100.2051,mm
7,10:45:36,买,100.2050,1.0,10.02,100.2084,mm
7,10:45:51,买,100.2100,1.0,10.02,100.2152,mm
7,10:46:07,买,100.1750,1.0,10.02,100.1776,mm
7,10:46:10,卖,100.1950,1.0,10.02,100.1966,mm
7,10:46:23,卖,100.1700,1.0,10.02,100.1610,mm
7,10:46:24,买,100.1450,1.0,10.01,100.1498,mm
7,10:46:25,卖,100.1600,1.0,10.02,100.1554,mm
7,10:46:54,卖,100.1500,1.0,10.02,100.1425,mm
7,10:47:11,买,100.1650,1.0,10.02,100.1679,mm
7,10:47:34,买,100.1700,1.0,10.02,100.1753,mm
7,10:47:46,卖,100.1400,1.0,10.01,100.1349,mm
7,10:47:47,买,100.1200,1.0,10.01,100.1234,mm
7,10:48:00,卖,100.0800,1.0,10.01,100.0775,mm
7,10:48:36,卖,100.1250,1.0,10.01,100.1175,mm
7,10:48:41,买,100.1000,1.0,10.01,100.1036,mm
7,10:48:49,卖,100.1050,1.0,10.01,100.1000,mm
7,10:49:04,买,100.1150,1.0,10.01,100.1180,mm
7,10:49:11,卖,100.1350,1.0,10.01,100.1317,mm
7,10:49:12,买,100.1200,1.0,10.01,100.1259,mm
7,10:49:34,买,100.1300,1.0,10.01,100.1298,mm
7,10:49:39,卖,100.1450,1.0,10.01,100.1353,mm
7,10:50:01,买,100.1350,1.0,10.01,100.1394,mm
7,10:50:07,卖,100.1450,1.0,10.01,100.1367,mm
7,10:50:10,买,100.1250,1.0,10.01,100.1303,mm
7,10:50:20,卖,100.1100,1.0,10.01,100.1054,mm
7,10:50:26,卖,100.1150,1.0,10.01,100.1061,mm
7,10:50:31,买,100.0900,1.0,10.01,100.0958,mm
7,10:50:38,买,100.0850,1.0,10.01,100.0912,mm
7,10:50:49,卖,100.1000,1.0,10.01,100.0961,mm
7,10:50:56,买,100.1000,1.0,10.01,100.1060,mm
7,10:51:06,卖,100.1100,1.0,10.01,100.1052,mm
7,10:51:48,买,100.1100,1.0,10.01,100.1118,mm
7,10:52:03,卖,100.1200,1.0,10.01,100.1115,mm
7,10:52:07,买,100.1050,1.0,10.01,100.1138,mm
7,10:52:18,卖,100.1050,1.0,10.01,100.1046,mm
7,10:52:21,买,100.0900,1.0,10.01,100.0957,mm
7,10:52:38,卖,100.1250,1.0,10.01,100.1195,mm
7,10:52:54,卖,100.1750,1.0,10.02,100.1709,mm
7,10:52:57,买,100.1700,1.0,10.02,100.1689,mm
7,10:53:23,买,100.2050,1.0,10.02,100.2080,mm
7,10:53:24,卖,100.2200,1.0,10.02,100.2163,mm
7,10:53:35,买,100.2150,1.0,10.02,100.2108,mm
7,10:54:00,买,100.1550,1.0,10.02,100.1587,mm
7,10:54:03,卖,100.1550,1.0,10.02,100.1526,mm
7,10:54:38,买,100.1200,1.0,10.01,100.1260,mm
7,10:54:52,卖,100.1250,1.0,10.01,100.1189,mm
7,10:54:59,卖,100.1500,1.0,10.02,100.1446,mm
7,10:55:10,买,100.1300,1.0,10.01,100.1342,mm
7,10:55:16,卖,100.1250,1.0,10.01,100.1348,mm
7,10:55:18,买,100.1150,1.0,10.01,100.1182,mm
7,10:55:22,卖,100.1350,1.0,10.01,100.1317,mm
7,10:55:34,买,100.1350,1.0,10.01,100.1467,mm
7,10:55:36,卖,100.1600,1.0,10.02,100.1549,mm
7,10:55:52,卖,100.1750,1.0,10.02,100.1707,mm
7,10:55:56,卖,100.1850,1.0,10.02,100.1803,mm
7,10:56:13,买,100.1450,1.0,10.01,100.1496,mm
7,10:56:21,买,100.1550,1.0,10.02,100.1631,mm
7,10:56:21,买,100.1450,1.0,10.01,100.1441,mm
7,10:56:28,买,100.1150,1.0,10.01,100.1208,mm
7,10:56:29,卖,100.1300,1.0,10.01,100.1273,mm
7,10:56:44,卖,100.1000,1.0,10.01,100.0949,mm
7,10:56:46,卖,100.1100,1.0,10.01,100.1055,mm
7,10:56:47,买,100.0950,1.0,10.01,100.1000,mm
7,10:56:52,卖,100.0950,1.0,10.01,100.0974,mm
7,10:56:56,买,100.0800,1.0,10.01,100.0790,mm
7,10:56:59,卖,100.0900,1.0,10.01,100.0874,mm
7,10:57:06,买,100.0800,1.0,10.01,100.0847,mm
7,10:57:12,买,100.0750,1.0,10.01,100.0777,mm
7,10:57:21,卖,100.0900,1.0,10.01,100.0866,mm
7,10:57:22,买,100.0750,1.0,10.01,100.0779,mm
7,10:57:36,买,100.0700,1.0,10.01,100.0776,mm
7,10:57:43,卖,100.0600,1.0,10.01,100.0543,mm
7,10:58:12,卖,100.0800,1.0,10.01,100.0761,mm
7,10:58:16,卖,100.0950,1.0,10.01,100.0867,mm
7,10:58:17,买,100.0800,1.0,10.01,100.0785,mm
7,10:58:27,卖,100.0950,1.0,10.01,100.0955,mm
7,10:58:30,卖,100.1200,1.0,10.01,100.1180,mm
7,10:58:32,买,100.1200,1.0,10.01,100.1201,mm
7,10:58:38,买,100.1150,1.0,10.01,100.1168,mm
7,10:58:44,卖,100.1250,1.0,10.01,100.1113,mm
7,10:59:20,买,100.1850,1.0,10.02,100.1893,mm
7,10:59:21,卖,100.2050,1.0,10.02,100.1993,mm
7,10:59:24,买,100.1850,1.0,10.02,100.1859,mm
7,10:59:41,买,100.2050,1.0,10.02,100.2105,mm
7,10:59:45,卖,100.2250,1.0,10.02,100.2304,mm
7,10:59:55,卖,100.2350,1.0,10.02,100.2293,mm
7,10:59:57,买,100.2150,1.0,10.02,100.2166,mm
7,11:00:08,买,100.2050,1.0,10.02,100.2091,mm
7,11:00:19,卖,100.2150,1.0,10.02,100.2108,mm
7,11:00:27,买,100.1750,1.0,10.02,100.1774,mm
7,11:00:40,卖,100.1450,1.0,10.01,100.1390,mm
7,11:00:47,买,100.1250,1.0,10.01,100.1298,mm
7,11:00:57,卖,100.1300,1.0,10.01,100.1356,mm
7,11:01:31,卖,100.1850,1.0,10.02,100.1818,mm
7,11:01:38,买,100.1600,1.0,10.02,100.1650,mm
7,11:01:59,卖,100.1600,1.0,10.02,100.1618,mm
7,11:02:06,买,100.1550,1.0,10.02,100.1584,mm
7,11:02:18,买,100.1450,1.0,10.01,100.1505,mm
7,11:02:27,卖,100.1750,1.0,10.02,100.1721,mm
7,11:02:34,买,100.1450,1.0,10.01,100.1491,mm
7,11:02:40,买,100.1300,1.0,10.01,100.1354,mm
7,11:02:43,卖,100.1250,1.0,10.01,100.1191,mm
7,11:03:13,卖,100.1600,1.0,10.02,100.1656,mm
7,11:03:39,卖,100.1800,1.0,10.02,100.1770,mm
7,11:03:41,买,100.1700,1.0,10.02,100.1753,mm
7,11:03:52,卖,100.2050,1.0,10.02,100.1970,mm
7,11:03:57,卖,100.2400,1.0,10.02,100.2354,mm
7,11:04:03,买,100.2350,1.0,10.02,100.2426,mm
7,11:04:26,买,100.2800,1.0,10.03,100.2785,mm
7,11:04:28,买,100.2550,1.0,10.03,100.2585,mm
7,11:04:30,卖,100.2650,1.0,10.03,100.2631,mm
7,11:05:31,卖,100.2200,1.0,10.02,100.2138,mm
7,11:05:44,买,100.2100,1.0,10.02,100.2105,mm
7,11:05:48,卖,100.2300,1.0,10.02,100.2247,mm
7,11:05:59,买,100.2150,1.0,10.02,100.2189,mm
7,11:06:10,卖,100.2450,1.0,10.02,100.2349,mm
7,11:06:19,买,100.2400,1.0,10.02,100.2440,mm
7,11:06:35,买,100.2600,1.0,10.03,100.2565,mm
7,11:06:37,卖,100.2650,1.0,10.03,100.2655,mm
7,11:06:49,卖,100.3050,1.0,10.03,100.2956,mm
7,11:06:50,买,100.2850,1.0,10.03,100.2833,mm
7,11:07:03,卖,100.3350,1.0,10.03,100.3285,mm
7,11:07:05,买,100.3150,1.0,10.03,100.3187,mm
7,11:07:11,卖,100.3150,1.0,10.03,100.3083,mm
7,11:07:15,买,100.2800,1.0,10.03,100.2829,mm
7,11:07:19,卖,100.3100,1.0,10.03,100.2965,mm
7,11:07:31,买,100.3100,1.0,10.03,100.3153,mm
7,11:07:48,卖,100.3450,1.0,10.03,100.3391,mm
7,11:07:53,买,100.3250,1.0,10.03,100.3297,mm
7,11:07:55,卖,100.3450,1.0,10.03,100.3409,mm
7,11:08:19,买,100.3550,1.0,10.04,100.3609,mm
7,11:08:38,卖,100.4100,1.0,10.04,100.4080,mm
7,11:08:43,买,100.3950,1.0,10.04,100.4040,mm
7,11:08:53,买,100.4050,1.0,10.04,100.4109,mm
7,11:09:05,卖,100.4050,1.0,10.04,100.4045,mm
7,11:09:33,买,100.3450,1.0,10.03,100.3505,mm
7,11:09:47,卖,100.3700,1.0,10.04,100.3672,mm
7,11:09:51,卖,100.3650,1.0,10.04,100.3591,mm
7,11:09:54,买,100.3550,1.0,10.04,100.3605,mm
7,11:09:58,卖,100.3750,1.0,10.04,100.3719,mm
7,11:09:59,买,100.3600,1.0,10.04,100.3574,mm
7,11:10:02,买,100.3350,1.0,10.03,100.3392,mm
7,11:10:17,卖,100.3400,1.0,10.03,100.3360,mm
7,11:10:20,卖,100.3600,1.0,10.04,100.3539,mm
7,11:10:26,买,100.3550,1.0,10.04,100.3517,mm
7,11:10:39,买,100.3200,1.0,10.03,100.3226,mm
7,11:10:40,卖,100.3350,1.0,10.03,100.3309,mm
7,11:10:58,买,100.3300,1.0,10.03,100.3336,mm
7,11:11:01,买,100.3000,1.0,10.03,100.3054,mm
7,11:11:05,卖,100.3000,1.0,10.03,100.2981,mm
7,11:11:17,卖,100.2550,1.0,10.03,100.2499,mm
7,11:11:20,买,100.2400,1.0,10.02,100.2458,mm
7,11:11:26,卖,100.2550,1.0,10.03,100.2507,mm
7,11:11:27,买,100.2350,1.0,10.02,100.2400,mm
7,11:11:34,卖,100.2350,1.0,10.02,100.2312,mm
7,11:11:44,买,100.2150,1.0,10.02,100.2168,mm
7,11:11:48,卖,100.2200,1.0,10.02,100.2130,mm
7,11:11:49,卖,100.2300,1.0,10.02,100.2265,mm
7,11:11:52,买,100.2250,1.0,10.02,100.2306,mm
7,11:12:20,卖,100.2200,1.0,10.02,100.2157,mm
7,11:12:24,买,100.2200,1.0,10.02,100.2254,mm
7,11:12:55,买,100.1650,1.0,10.02,100.1615,mm
7,11:13:04,买,100.1500,1.0,10.02,100.1533,mm
7,11:13:05,卖,100.1600,1.0,10.02,100.1580,mm
7,11:13:06,卖,100.1700,1.0,10.02,100.1677,mm
7,11:13:10,买,100.1600,1.0,10.02,100.1661,mm
7,11:13:15,卖,100.1600,1.0,10.02,100.1541,mm
7,11:13:26,买,100.1400,1.0,10.01,100.1436,mm
7,11:13:40,买,100.1150,1.0,10.01,100.1136,mm
7,11:13:41,卖,100.1200,1.0,10.01,100.1196,mm
7,11:13:47,卖,100.1300,1.0,10.01,100.1242,mm
7,11:13:54,卖,100.1500,1.0,10.02,100.1441,mm
7,11:14:14,买,100.1400,1.0,10.01,100.1401,mm
7,11:14:52,卖,100.1350,1.0,10.01,100.1342,mm
7,11:14:53,买,100.1250,1.0,10.01,100.1227,mm
7,11:14:55,卖,100.1400,1.0,10.01,100.1356,mm
7,11:15:00,买,100.1550,1.0,10.02,100.1569,mm
7,11:15:03,买,100.1400,1.0,10.01,100.1439,mm
7,11:15:05,卖,100.1450,1.0,10.01,100.1407,mm
7,11:15:20,买,100.1400,1.0,10.01,100.1451,mm
7,11:15:26,卖,100.1400,1.0,10.01,100.1357,mm
7,11:15:35,买,100.1200,1.0,10.01,100.1235,mm
7,11:15:43,卖,100.1250,1.0,10.01,100.1210,mm
7,11:15:58,买,100.0950,1.0,10.01,100.0987,mm
7,11:16:03,卖,100.1050,1.0,10.01,100.0993,mm
7,11:16:22,买,100.1450,1.0,10.01,100.1484,mm
7,11:16:33,卖,100.1650,1.0,10.02,100.1665,mm
7,11:16:34,卖,100.1800,1.0,10.02,100.1722,mm
7,11:16:38,买,100.1450,1.0,10.01,100.1502,mm
7,11:16:49,卖,100.1900,1.0,10.02,100.1815,mm
7,11:16:52,买,100.1600,1.0,10.02,100.1597,mm
7,11:17:00,卖,100.1550,1.0,10.02,100.1518,mm
7,11:17:07,买,100.1600,1.0,10.02,100.1585,mm
7,11:17:22,卖,100.1750,1.0,10.02,100.1703,mm
7,11:17:38,买,100.1450,1.0,10.01,100.1522,mm
7,11:17:41,买,100.1400,1.0,10.01,100.1375,mm
7,11:17:52,卖,100.1550,1.0,10.02,100.1498,mm
7,11:17:53,卖,100.1600,1.0,10.02,100.1578,mm
7,11:17:56,买,100.1500,1.0,10.02,100.1560,mm
7,11:18:19,卖,100.1600,1.0,10.02,100.1633,mm
7,11:18:26,买,100.1650,1.0,10.02,100.1701,mm
7,11:18:38,买,100.1250,1.0,10.01,100.1302,mm
7,11:18:39,卖,100.1400,1.0,10.01,100.1376,mm
7,11:18:51,买,100.1250,1.0,10.01,100.1304,mm
7,11:18:56,卖,100.1450,1.0,10.01,100.1434,mm
7,11:19:01,买,100.1150,1.0,10.01,100.1200,mm
7,11:19:08,卖,100.1450,1.0,10.01,100.1472,mm
7,11:19:33,买,100.1300,1.0,10.01,100.1341,mm
7,11:19:46,卖,100.1400,1.0,10.01,100.1360,mm
7,11:20:13,卖,100.1300,1.0,10.01,100.1284,mm
7,11:20:15,买,100.1250,1.0,10.01,100.1288,mm
7,11:20:40,卖,100.1550,1.0,10.02,100.1417,mm
7,11:20:41,买,100.1300,1.0,10.01,100.1334,mm
7,11:20:58,买,100.0850,1.0,10.01,100.0839,mm
7,11:21:18,卖,100.0800,1.0,10.01,100.0779,mm
7,11:21:18,卖,100.0900,1.0,10.01,100.0839,mm
7,11:21:22,买,100.0850,1.0,10.01,100.0855,mm
7,11:21:23,买,100.0700,1.0,10.01,100.0726,mm
7,11:21:28,卖,100.0950,1.0,10.01,100.0927,mm
7,11:21:32,买,100.0900,1.0,10.01,100.0944,mm
7,11:21:42,卖,100.1100,1.0,10.01,100.1078,mm
7,11:21:47,卖,100.1400,1.0,10.01,100.1396,mm
7,11:21:53,买,100.1400,1.0,10.01,100.1438,mm
7,11:22:12,买,100.1450,1.0,10.01,100.1491,mm
7,11:22:18,卖,100.1650,1.0,10.02,100.1622,mm
7,11:22:22,买,100.1550,1.0,10.02,100.1551,mm
7,11:22:32,卖,100.1650,1.0,10.02,100.1460,mm
7,11:22:34,卖,100.1700,1.0,10.02,100.1654,mm
7,11:22:38,买,100.1450,1.0,10.01,100.1476,mm
7,11:22:51,卖,100.1600,1.0,10.02,100.1500,mm
7,11:22:53,买,100.1450,1.0,10.01,100.1506,mm
7,11:22:56,买,100.1300,1.0,10.01,100.1519,mm
7,11:23:10,卖,100.1450,1.0,10.01,100.1392,mm
7,11:23:11,买,100.1250,1.0,10.01,100.1292,mm
7,11:23:14,卖,100.1400,1.0,10.01,100.1374,mm
7,11:23:19,买,100.1150,1.0,10.01,100.1178,mm
7,11:23:22,卖,100.1300,1.0,10.01,100.1241,mm
7,11:23:28,买,100.1100,1.0,10.01,100.1138,mm
7,11:23:32,卖,100.1200,1.0,10.01,100.1166,mm
7,11:23:34,买,100.1100,1.0,10.01,100.1088,mm
7,11:23:55,卖,100.1000,1.0,10.01,100.0944,mm
7,11:24:02,卖,100.1200,1.0,10.01,100.1180,mm
7,11:24:05,买,100.1250,1.0,10.01,100.1289,mm
7,11:24:17,买,100.1550,1.0,10.02,100.1607,mm
7,11:24:32,卖,100.1300,1.0,10.01,100.1246,mm
7,11:24:32,买,100.1100,1.0,10.01,100.1101,mm
7,11:24:46,卖,100.1250,1.0,10.01,100.1209,mm
7,11:24:55,卖,100.1200,1.0,10.01,100.1085,mm
7,11:24:56,买,100.1000,1.0,10.01,100.1054,mm
7,11:25:03,买,100.0750,1.0,10.01,100.0810,mm
7,11:25:04,卖,100.0950,1.0,10.01,100.0908,mm
7,11:25:06,卖,100.1050,1.0,10.01,100.0986,mm
7,11:25:14,买,100.1250,1.0,10.01,100.1227,mm
7,11:25:18,卖,100.1450,1.0,10.01,100.1396,mm
7,11:25:39,买,100.1700,1.0,10.02,100.1744,mm
7,11:25:50,买,100.1600,1.0,10.02,100.1652,mm
7,11:25:54,卖,100.1700,1.0,10.02,100.1625,mm
7,11:25:59,卖,100.1950,1.0,10.02,100.1900,mm
7,11:26:02,卖,100.2100,1.0,10.02,100.1991,mm
7,11:26:08,买,100.1750,1.0,10.02,100.1758,mm
7,11:26:09,买,100.1650,1.0,10.02,100.1661,mm
7,11:26:19,买,100.1750,1.0,10.02,100.1791,mm
7,11:26:28,卖,100.1900,1.0,10.02,100.1866,mm
7,11:26:30,买,100.1750,1.0,10.02,100.1796,mm
7,11:26:38,卖,100.2000,1.0,10.02,100.1963,mm
7,11:26:50,买,100.1750,1.0,10.02,100.1810,mm
7,11:26:55,买,100.1650,1.0,10.02,100.1636,mm
7,11:26:57,卖,100.1800,1.0,10.02,100.1738,mm
7,11:26:58,卖,100.1850,1.0,10.02,100.1792,mm
7,11:26:59,买,100.1650,1.0,10.02,100.1658,mm
7,11:27:06,卖,100.1900,1.0,10.02,100.1917,mm
7,11:27:22,买,100.1600,1.0,10.02,100.1647,mm
7,11:27:24,卖,100.1750,1.0,10.02,100.1784,mm
7,11:27:30,卖,100.2150,1.0,10.02,100.2096,mm
7,11:27:32,买,100.1950,1.0,10.02,100.1982,mm
7,11:27:41,卖,100.2050,1.0,10.02,100.1938,mm
7,11:27:44,买,100.1850,1.0,10.02,100.1885,mm
7,11:27:53,买,100.1750,1.0,10.02,100.1810,mm
7,11:27:55,卖,100.1800,1.0,10.02,100.1773,mm
7,11:28:02,卖,100.1900,1.0,10.02,100.1839,mm
7,11:28:04,买,100.1650,1.0,10.02,100.1709,mm
7,11:28:12,买,100.1150,1.0,10.01,100.1212,mm
7,11:28:21,卖,100.1350,1.0,10.01,100.1338,mm
7,11:29:04,卖,100.1650,1.0,10.02,100.1591,mm
7,11:29:07,买,100.1600,1.0,10.02,100.1590,mm
7,11:29:28,卖,100.2350,1.0,10.02,100.2296,mm
7,11:29:38,买,100.2300,1.0,10.02,100.2351,mm
7,13:00:09,卖,100.2400,1.0,10.02,100.2309,mm
7,13:00:17,买,100.2100,1.0,10.02,100.2142,mm
7,13:00:38,买,100.1650,1.0,10.02,100.1699,mm
7,13:00:40,买,100.1450,1.0,10.01,100.1509,mm
7,13:00:51,卖,100.1450,1.0,10.01,100.1394,mm
7,13:01:40,卖,100.1100,1.0,10.01,100.1054,mm
7,13:02:01,卖,100.1200,1.0,10.01,100.1173,mm
7,13:02:16,买,100.1150,1.0,10.01,100.1210,mm
7,13:02:19,卖,100.1350,1.0,10.01,100.1403,mm
7,13:02:30,买,100.1550,1.0,10.02,100.1514,mm
7,13:02:42,买,100.1350,1.0,10.01,100.1395,mm
7,13:03:03,卖,100.1350,1.0,10.01,100.1318,mm
7,13:03:07,卖,100.1500,1.0,10.02,100.1446,mm
7,13:03:10,卖,100.1550,1.0,10.02,100.1409,mm
7,13:03:11,卖,100.1600,1.0,10.02,100.1564,mm
7,13:03:19,买,100.1450,1.0,10.01,100.1445,mm
7,13:03:22,买,100.1550,1.0,10.02,100.1597,mm
7,13:03:25,买,100.1450,1.0,10.01,100.1508,mm
7,13:03:30,卖,100.1450,1.0,10.01,100.1406,mm
7,13:03:47,买,100.1200,1.0,10.01,100.1165,mm
7,13:03:51,卖,100.1300,1.0,10.01,100.1261,mm
7,13:04:00,买,100.1150,1.0,10.01,100.1153,mm
7,13:04:01,买,100.1050,1.0,10.01,100.1091,mm
7,13:04:14,买,100.0800,1.0,10.01,100.0823,mm
7,13:04:21,卖,100.0950,1.0,10.01,100.0847,mm
7,13:04:23,卖,100.0950,1.0,10.01,100.0842,mm
7,13:04:58,卖,100.0700,1.0,10.01,100.0561,mm
7,13:05:03,卖,100.0850,1.0,10.01,100.0769,mm
7,13:05:07,买,100.0750,1.0,10.01,100.0749,mm
7,13:05:08,卖,100.0900,1.0,10.01,100.0806,mm
7,13:05:13,买,100.0650,1.0,10.01,100.0702,mm
7,13:05:24,买,100.1050,1.0,10.01,100.1039,mm
7,13:05:28,卖,100.1350,1.0,10.01,100.1321,mm
7,13:05:29,买,100.1200,1.0,10.01,100.1225,mm
7,13:05:33,买,100.1050,1.0,10.01,100.1082,mm
7,13:05:43,卖,100.1100,1.0,10.01,100.1001,mm
7,13:05:54,买,100.1100,1.0,10.01,100.1129,mm
7,13:06:03,买,100.0900,1.0,10.01,100.0981,mm
7,13:06:08,卖,100.1100,1.0,10.01,100.0960,mm
7,13:06:10,卖,100.1050,1.0,10.01,100.0931,mm
7,13:06:11,买,100.0800,1.0,10.01,100.0857,mm
7,13:06:15,卖,100.0950,1.0,10.01,100.0857,mm
7,13:06:21,卖,100.1100,1.0,10.01,100.1132,mm
7,13:06:30,买,100.1100,1.0,10.01,100.1145,mm
7,13:06:36,卖,100.1300,1.0,10.01,100.1189,mm
7,13:06:37,买,100.1100,1.0,10.01,100.1113,mm
7,13:06:38,买,100.0950,1.0,10.01,100.0887,mm
7,13:06:46,卖,100.0700,1.0,10.01,100.0647,mm
7,13:06:49,买,100.0500,1.0,10.01,100.0561,mm
7,13:07:11,卖,100.0700,1.0,10.01,100.0674,mm
7,13:07:21,卖,100.0900,1.0,10.01,100.0876,mm
7,13:07:22,买,100.0750,1.0,10.01,100.0788,mm
7,13:07:23,卖,100.0900,1.0,10.01,100.0918,mm
7,13:07:30,卖,100.1200,1.0,10.01,100.1041,mm
7,13:07:33,买,100.1000,1.0,10.01,100.0964,mm
7,13:07:35,买,100.0950,1.0,10.01,100.0993,mm
7,13:07:41,卖,100.1100,1.0,10.01,100.1062,mm
7,13:07:51,买,100.1100,1.0,10.01,100.1128,mm
7,13:08:05,买,100.1100,1.0,10.01,100.1143,mm
7,13:08:18,卖,100.1100,1.0,10.01,100.1070,mm
7,13:08:18,买,100.0950,1.0,10.01,100.1022,mm
7,13:08:21,卖,100.1050,1.0,10.01,100.1061,mm
7,13:08:28,买,100.0900,1.0,10.01,100.0959,mm
7,13:08:29,卖,100.1050,1.0,10.01,100.0988,mm
7,13:08:46,买,100.0550,1.0,10.01,100.0583,mm
7,13:09:00,卖,100.0600,1.0,10.01,100.0574,mm
7,13:09:02,买,100.0450,1.0,10.00,100.0539,mm
7,13:09:09,卖,100.0800,1.0,10.01,100.0760,mm
7,13:09:31,卖,100.0850,1.0,10.01,100.0822,mm
7,13:09:32,卖,100.1050,1.0,10.01,100.1025,mm
7,13:09:35,买,100.0950,1.0,10.01,100.1001,mm
7,13:09:37,买,100.0950,1.0,10.01,100.0993,mm
7,13:09:41,买,100.0750,1.0,10.01,100.0792,mm
7,13:09:43,卖,100.1000,1.0,10.01,100.0965,mm
7,13:09:47,卖,100.1000,1.0,10.01,100.0949,mm
7,13:09:57,买,100.0800,1.0,10.01,100.0789,mm
7,13:10:33,买,100.0850,1.0,10.01,100.0891,mm
7,13:10:34,卖,100.1000,1.0,10.01,100.0906,mm
7,13:10:59,买,100.0500,1.0,10.01,100.0547,mm
7,13:11:00,买,100.0400,1.0,10.00,100.0427,mm
7,13:11:11,卖,100.0550,1.0,10.01,100.0488,mm
7,13:11:14,卖,100.0500,1.0,10.01,100.0516,mm
7,13:11:27,卖,100.0800,1.0,10.01,100.0679,mm
7,13:11:32,买,100.0700,1.0,10.01,100.0732,mm
7,13:11:34,买,100.0600,1.0,10.01,100.0645,mm
7,13:11:53,卖,100.0700,1.0,10.01,100.0649,mm
7,13:12:13,卖,100.0850,1.0,10.01,100.0746,mm
7,13:12:22,买,100.0850,1.0,10.01,100.0873,mm
7,13:12:33,卖,100.0900,1.0,10.01,100.0826,mm
7,13:12:34,卖,100.1000,1.0,10.01,100.0911,mm
7,13:12:39,买,100.0700,1.0,10.01,100.0754,mm
7,13:12:43,买,100.0650,1.0,10.01,100.0661,mm
7,13:12:53,买,100.0600,1.0,10.01,100.0661,mm
7,13:13:00,买,100.0400,1.0,10.00,100.0462,mm
7,13:13:04,卖,100.0650,1.0,10.01,100.0652,mm
7,13:13:06,卖,100.0750,1.0,10.01,100.0748,mm
7,13:13:09,卖,100.0850,1.0,10.01,100.0886,mm
7,13:13:11,买,100.0850,1.0,10.01,100.0903,mm
7,13:13:13,卖,100.1000,1.0,10.01,100.0940,mm
7,13:13:27,买,100.0850,1.0,10.01,100.0861,mm
7,13:13:34,买,100.0900,1.0,10.01,100.0960,mm
7,13:13:56,买,100.0700,1.0,10.01,100.0736,mm
7,13:14:01,卖,100.0600,1.0,10.01,100.0586,mm
7,13:14:02,卖,100.0700,1.0,10.01,100.0652,mm
7,13:14:06,买,100.0600,1.0,10.01,100.0636,mm
7,13:14:16,卖,100.0550,1.0,10.01,100.0534,mm
7,13:14:21,买,100.0300,1.0,10.00,100.0346,mm
7,13:14:22,买,100.0200,1.0,10.00,100.0224,mm
7,13:14:25,卖,100.0200,1.0,10.00,100.0104,mm
7,13:14:26,卖,100.0200,1.0,10.00,100.0087,mm
7,13:14:48,买,100.0250,1.0,10.00,100.0246,mm
7,13:15:06,卖,99.9950,1.0,10.00,99.9893,mm
7,13:15:14,买,99.9800,1.0,10.00,99.9860,mm
7,13:15:15,卖,100.0000,1.0,10.00,99.9948,mm
7,13:15:18,买,99.9850,1.0,10.00,99.9881,mm
7,13:15:24,卖,99.9750,1.0,10.00,99.9691,mm
7,13:15:29,卖,99.9700,1.0,10.00,99.9665,mm
7,13:15:38,买,99.9550,1.0,10.00,99.9565,mm
7,13:15:42,买,99.9450,1.0,9.99,99.9503,mm
7,13:15:43,卖,99.9650,1.0,10.00,99.9653,mm
7,13:15:43,卖,99.9800,1.0,10.00,99.9717,mm
7,13:15:49,买,99.9550,1.0,10.00,99.9587,mm
7,13:16:04,卖,99.9650,1.0,10.00,99.9601,mm
7,13:16:10,卖,99.9700,1.0,10.00,99.9696,mm
7,13:16:10,买,99.9600,1.0,10.00,99.9576,mm
7,13:16:19,买,99.9700,1.0,10.00,99.9742,mm
7,13:16:27,买,99.9600,1.0,10.00,99.9603,mm
7,13:16:28,买,99.9450,1.0,9.99,99.9512,mm
7,13:16:31,卖,99.9450,1.0,9.99,99.9474,mm
7,13:16:33,买,99.9300,1.0,9.99,99.9360,mm
7,13:16:34,卖,99.9500,1.0,10.00,99.9456,mm
7,13:16:43,卖,99.9550,1.0,10.00,99.9468,mm
7,13:17:05,买,99.9350,1.0,9.99,99.9407,mm
7,13:17:14,卖,99.9300,1.0,9.99,99.9273,mm
7,13:17:29,卖,99.9600,1.0,10.00,99.9530,mm
7,13:17:35,买,99.9350,1.0,9.99,99.9400,mm
7,13:17:42,买,99.9250,1.0,9.99,99.9257,mm
7,13:17:49,卖,99.9400,1.0,9.99,99.9345,mm
7,13:18:01,买,99.9100,1.0,9.99,99.9147,mm
7,13:18:28,卖,99.9250,1.0,9.99,99.9263,mm
7,13:18:31,买,99.9050,1.0,9.99,99.9079,mm
7,13:18:39,卖,99.9450,1.0,9.99,99.9388,mm
7,13:18:42,买,99.9250,1.0,9.99,99.9284,mm
7,13:18:53,卖,99.9500,1.0,10.00,99.9545,mm
7,13:18:58,买,99.9500,1.0,10.00,99.9597,mm
7,13:19:08,卖,100.0150,1.0,10.00,100.0108,mm
7,13:19:39,卖,100.0100,1.0,10.00,100.0042,mm
7,13:19:49,卖,100.0450,1.0,10.00,100.0419,mm
7,13:19:52,买,100.0450,1.0,10.00,100.0440,mm
7,13:19:54,买,100.0350,1.0,10.00,100.0331,mm
7,13:20:06,买,100.0500,1.0,10.01,100.0541,mm
7,13:20:43,卖,100.0900,1.0,10.01,100.0802,mm
7,13:20:58,卖,100.0600,1.0,10.01,100.0566,mm
7,13:21:03,买,100.0500,1.0,10.01,100.0524,mm
7,13:21:08,买,100.0350,1.0,10.00,100.0409,mm
7,13:21:24,卖,100.0750,1.0,10.01,100.0691,mm
7,13:21:31,卖,100.1000,1.0,10.01,100.0935,mm
7,13:21:33,卖,100.1150,1.0,10.01,100.1089,mm
7,13:21:47,买,100.1000,1.0,10.01,100.1053,mm
7,13:21:49,买,100.1000,1.0,10.01,100.1012,mm
7,13:21:51,卖,100.1200,1.0,10.01,100.1155,mm
7,13:21:54,买,100.1000,1.0,10.01,100.1182,mm
7,13:21:56,卖,100.1350,1.0,10.01,100.1263,mm
7,13:22:02,卖,100.1300,1.0,10.01,100.1192,mm
7,13:22:03,买,100.1050,1.0,10.01,100.1049,mm
7,13:22:08,卖,100.1500,1.0,10.02,100.1379,mm
7,13:22:12,买,100.1350,1.0,10.01,100.1401,mm
7,13:22:20,买,100.1450,1.0,10.01,100.1505,mm
7,13:22:23,卖,100.1550,1.0,10.02,100.1515,mm
7,13:22:36,卖,100.1500,1.0,10.02,100.1467,mm
7,13:22:47,买,100.1400,1.0,10.01,100.1403,mm
7,13:22:52,卖,100.1650,1.0,10.02,100.1607,mm
7,13:23:03,买,100.1350,1.0,10.01,100.1388,mm
7,13:23:10,买,100.1400,1.0,10.01,100.1443,mm
7,13:23:23,买,100.1200,1.0,10.01,100.1222,mm
7,13:23:28,卖,100.1300,1.0,10.01,100.1205,mm
7,13:23:35,卖,100.1500,1.0,10.02,100.1500,mm
7,13:23:50,卖,100.1850,1.0,10.02,100.1732,mm
7,13:23:52,买,100.1600,1.0,10.02,100.1658,mm
7,13:23:54,买,100.1450,1.0,10.01,100.1509,mm
7,13:24:11,买,100.1500,1.0,10.02,100.1562,mm
7,13:24:27,卖,100.1150,1.0,10.01,100.1135,mm
7,13:24:28,买,100.1000,1.0,10.01,100.1003,mm
7,13:24:36,卖,100.1150,1.0,10.01,100.1094,mm
7,13:24:55,卖,100.0850,1.0,10.01,100.0805,mm
7,13:25:04,买,100.0800,1.0,10.01,100.0818,mm
7,13:25:08,卖,100.1100,1.0,10.01,100.1053,mm
7,13:25:26,卖,100.1450,1.0,10.01,100.1432,mm
7,13:25:33,卖,100.1700,1.0,10.02,100.1659,mm
7,13:25:34,买,100.1500,1.0,10.02,100.1550,mm
7,13:25:55,买,100.1350,1.0,10.01,100.1359,mm
7,13:25:56,买,100.1250,1.0,10.01,100.1275,mm
7,13:25:58,卖,100.1400,1.0,10.01,100.1312,mm
7,13:26:00,买,100.1200,1.0,10.01,100.1245,mm
7,13:26:22,卖,100.1500,1.0,10.02,100.1438,mm
7,13:26:25,买,100.1350,1.0,10.01,100.1410,mm
7,13:26:35,卖,100.1650,1.0,10.02,100.1616,mm
7,13:26:37,买,100.1400,1.0,10.01,100.1394,mm
7,13:26:45,买,100.1350,1.0,10.01,100.1404,mm
7,13:26:47,买,100.1350,1.0,10.01,100.1397,mm
7,13:27:01,卖,100.1450,1.0,10.01,100.1438,mm
7,13:27:03,卖,100.1450,1.0,10.01,100.1407,mm
7,13:27:05,买,100.1350,1.0,10.01,100.1382,mm
7,13:27:06,卖,100.1500,1.0,10.02,100.1530,mm
7,13:27:07,买,100.1400,1.0,10.01,100.1460,mm
7,13:27:10,卖,100.1700,1.0,10.02,100.1601,mm
7,13:27:14,买,100.1200,1.0,10.01,100.1248,mm
7,13:27:16,买,100.1000,1.0,10.01,100.1049,mm
7,13:27:22,卖,100.1150,1.0,10.01,100.1078,mm
7,13:27:37,买,100.1250,1.0,10.01,100.1305,mm
7,13:27:41,卖,100.1400,1.0,10.01,100.1444,mm
7,13:27:55,卖,100.1400,1.0,10.01,100.1372,mm
7,13:27:56,买,100.1250,1.0,10.01,100.1292,mm
7,13:28:04,卖,100.1250,1.0,10.01,100.1190,mm
7,13:28:19,卖,100.1450,1.0,10.01,100.1393,mm
7,13:28:31,买,100.1400,1.0,10.01,100.1457,mm
7,13:28:37,卖,100.1600,1.0,10.02,100.1625,mm
7,13:28:41,买,100.1700,1.0,10.02,100.1619,mm
7,13:28:48,卖,100.1750,1.0,10.02,100.1656,mm
7,13:28:52,买,100.1600,1.0,10.02,100.1649,mm
7,13:28:57,买,100.1450,1.0,10.01,100.1457,mm
7,13:29:05,卖,100.1650,1.0,10.02,100.1557,mm
7,13:29:07,买,100.1450,1.0,10.01,100.1497,mm
7,13:29:08,买,100.1350,1.0,10.01,100.1412,mm
7,13:29:14,卖,100.1450,1.0,10.01,100.1368,mm
7,13:29:19,卖,100.1350,1.0,10.01,100.1356,mm
7,13:29:28,买,100.1450,1.0,10.01,100.1504,mm
7,13:29:40,卖,100.1750,1.0,10.02,100.1715,mm
7,13:29:48,买,100.1700,1.0,10.02,100.1738,mm
7,13:30:03,卖,100.2150,1.0,10.02,100.2093,mm
7,13:30:37,买,100.2150,1.0,10.02,100.2204,mm
7,13:30:46,卖,100.2200,1.0,10.02,100.2215,mm
7,13:31:02,卖,100.2450,1.0,10.02,100.2361,mm
7,13:31:14,买,100.2600,1.0,10.03,100.2657,mm
7,13:31:16,买,100.2500,1.0,10.03,100.2552,mm
7,13:31:29,卖,100.2650,1.0,10.03,100.2696,mm
7,13:31:47,卖,100.2800,1.0,10.03,100.2589,mm
7,13:32:06,卖,100.3100,1.0,10.03,100.2977,mm
7,13:32:07,买,100.2900,1.0,10.03,100.2949,mm
7,13:32:10,买,100.2850,1.0,10.03,100.2887,mm
7,13:32:19,卖,100.3150,1.0,10.03,100.3102,mm
7,13:32:20,买,100.3000,1.0,10.03,100.3045,mm
7,13:32:43,卖,100.3400,1.0,10.03,100.3384,mm
7,13:32:49,买,100.3300,1.0,10.03,100.3315,mm
7,13:33:07,买,100.3050,1.0,10.03,100.3089,mm
7,13:33:56,卖,100.3350,1.0,10.03,100.3263,mm
7,13:34:16,买,100.3100,1.0,10.03,100.3069,mm
7,13:34:18,买,100.3000,1.0,10.03,100.3058,mm
7,13:34:32,卖,100.3150,1.0,10.03,100.3196,mm
7,13:34:41,卖,100.3050,1.0,10.03,100.2997,mm
7,13:34:43,买,100.3000,1.0,10.03,100.3040,mm
7,13:34:44,买,100.2900,1.0,10.03,100.2953,mm
7,13:34:45,卖,100.3000,1.0,10.03,100.2990,mm
7,13:35:04,买,100.2800,1.0,10.03,100.2903,mm
7,13:35:10,卖,100.2700,1.0,10.03,100.2738,mm
7,13:35:29,卖,100.2700,1.0,10.03,100.2619,mm
7,13:35:31,卖,100.2800,1.0,10.03,100.2790,mm
7,13:35:32,买,100.2700,1.0,10.03,100.2701,mm
7,13:35:41,卖,100.2700,1.0,10.03,100.2651,mm
7,13:35:54,买,100.2700,1.0,10.03,100.2748,mm
7,13:36:24,卖,100.3150,1.0,10.03,100.3019,mm
7,13:36:24,卖,100.3150,1.0,10.03,100.3042,mm
7,13:36:30,买,100.2900,1.0,10.03,100.2909,mm
7,13:36:37,买,100.2850,1.0,10.03,100.2860,mm
7,13:36:42,卖,100.2900,1.0,10.03,100.2872,mm
7,13:36:43,卖,100.2950,1.0,10.03,100.2924,mm
7,13:36:44,买,100.2900,1.0,10.03,100.2890,mm
7,13:37:04,买,100.3150,1.0,10.03,100.3136,mm
7,13:37:04,卖,100.3300,1.0,10.03,100.3320,mm
7,13:37:18,买,100.3400,1.0,10.03,100.3426,mm
7,13:37:33,卖,100.3450,1.0,10.03,100.3437,mm
7,13:37:34,卖,100.3650,1.0,10.04,100.3588,mm
7,13:37:37,卖,100.3750,1.0,10.04,100.3731,mm
7,13:37:39,买,100.3650,1.0,10.04,100.3712,mm
7,13:37:40,买,100.3600,1.0,10.04,100.3617,mm
7,13:37:44,买,100.3500,1.0,10.04,100.3558,mm
7,13:37:48,卖,100.3550,1.0,10.04,100.3541,mm
7,13:38:08,买,100.3750,1.0,10.04,100.3754,mm
7,13:38:09,卖,100.3900,1.0,10.04,100.3876,mm
7,13:38:21,买,100.4050,1.0,10.04,100.4094,mm
7,13:38:25,买,100.4000,1.0,10.04,100.4124,mm
7,13:38:27,卖,100.4200,1.0,10.04,100.4174,mm
7,13:38:40,买,100.4200,1.0,10.04,100.4266,mm
7,13:38:49,卖,100.4350,1.0,10.04,100.4257,mm
7,13:38:50,买,100.4100,1.0,10.04,100.4116,mm
7,13:39:01,卖,100.4300,1.0,10.04,100.4301,mm
7,13:39:04,卖,100.4400,1.0,10.04,100.4318,mm
7,13:39:10,买,100.4300,1.0,10.04,100.4354,mm
7,13:39:14,卖,100.4400,1.0,10.04,100.4385,mm
7,13:39:17,买,100.4300,1.0,10.04,100.4318,mm
7,13:39:31,卖,100.4250,1.0,10.04,100.4150,mm
7,13:39:33,买,100.4000,1.0,10.04,100.4046,mm
7,13:39:40,卖,100.4300,1.0,10.04,100.4261,mm
7,13:39:51,买,100.4200,1.0,10.04,100.4247,mm
7,13:40:00,卖,100.4200,1.0,10.04,100.4167,mm
7,13:40:08,卖,100.4350,1.0,10.04,100.4203,mm
7,13:40:08,卖,100.4350,1.0,10.04,100.4214,mm
7,13:40:22,买,100.4150,1.0,10.04,100.4209,mm
7,13:40:24,买,100.4050,1.0,10.04,100.4106,mm
7,13:40:28,买,100.4100,1.0,10.04,100.4136,mm
7,13:40:51,卖,100.3900,1.0,10.04,100.3868,mm
7,13:40:54,买,100.3850,1.0,10.04,100.3853,mm
7,13:41:07,买,100.3350,1.0,10.03,100.3392,mm
7,13:41:10,卖,100.3400,1.0,10.03,100.3350,mm
7,13:41:27,卖,100.3350,1.0,10.03,100.3321,mm
7,13:41:30,买,100.3100,1.0,10.03,100.3159,mm
7,13:41:55,买,100.2900,1.0,10.03,100.2937,mm
7,13:42:03,买,100.2900,1.0,10.03,100.2925,mm
7,13:42:06,卖,100.3000,1.0,10.03,100.2934,mm
7,13:42:20,卖,100.3050,1.0,10.03,100.3018,mm
7,13:42:21,买,100.2950,1.0,10.03,100.2996,mm
7,13:42:25,买,100.2650,1.0,10.03,100.2707,mm
7,13:42:27,卖,100.2850,1.0,10.03,100.2872,mm
7,13:42:33,买,100.2900,1.0,10.03,100.2943,mm
7,13:42:35,卖,100.2950,1.0,10.03,100.2895,mm
7,13:42:37,卖,100.3100,1.0,10.03,100.3042,mm
7,13:42:44,卖,100.3200,1.0,10.03,100.3139,mm
7,13:42:48,卖,100.3250,1.0,10.03,100.3180,mm
7,13:42:49,买,100.3100,1.0,10.03,100.3131,mm
7,13:42:51,卖,100.3300,1.0,10.03,100.3259,mm
7,13:42:58,买,100.3100,1.0,10.03,100.3063,mm
7,13:42:59,买,100.2900,1.0,10.03,100.2959,mm
7,13:43:29,卖,100.2950,1.0,10.03,100.2864,mm
7,13:43:32,买,100.2700,1.0,10.03,100.2705,mm
7,13:43:45,卖,100.2650,1.0,10.03,100.2585,mm
7,13:43:48,卖,100.2950,1.0,10.03,100.2887,mm
7,13:43:55,买,100.2950,1.0,10.03,100.2954,mm
7,13:43:55,卖,100.3100,1.0,10.03,100.3019,mm
7,13:43:56,卖,100.3200,1.0,10.03,100.3058,mm
7,13:44:12,买,100.3350,1.0,10.03,100.3368,mm
7,13:44:25,买,100.3350,1.0,10.03,100.3396,mm
7,13:44:32,买,100.3550,1.0,10.04,100.3603,mm
7,13:45:19,买,100.3350,1.0,10.03,100.3370,mm
7,13:45:23,卖,100.3450,1.0,10.03,100.3392,mm
7,13:45:26,买,100.3300,1.0,10.03,100.3321,mm
7,13:45:28,卖,100.3300,1.0,10.03,100.3193,mm
7,13:45:29,买,100.3050,1.0,10.03,100.3089,mm
7,13:45:38,买,100.2700,1.0,10.03,100.2752,mm
7,13:45:59,卖,100.2700,1.0,10.03,100.2724,mm
7,13:46:03,卖,100.2850,1.0,10.03,100.2831,mm
7,13:46:05,买,100.2650,1.0,10.03,100.2687,mm
7,13:46:08,卖,100.2750,1.0,10.03,100.2723,mm
7,13:46:10,卖,100.2800,1.0,10.03,100.2756,mm
7,13:46:14,买,100.2500,1.0,10.03,100.2559,mm
7,13:46:28,卖,100.2700,1.0,10.03,100.2752,mm
7,13:46:45,买,100.2600,1.0,10.03,100.2638,mm
7,13:46:52,卖,100.2600,1.0,10.03,100.2521,mm
7,13:46:57,买,100.2400,1.0,10.02,100.2401,mm
7,13:47:00,买,100.2350,1.0,10.02,100.2410,mm
7,13:47:02,卖,100.2600,1.0,10.03,100.2660,mm
7,13:47:07,买,100.2500,1.0,10.03,100.2530,mm
7,13:47:20,买,100.2350,1.0,10.02,100.2411,mm
7,13:47:38,卖,100.2100,1.0,10.02,100.2133,mm
7,13:48:01,卖,100.2100,1.0,10.02,100.2114,mm
7,13:48:05,买,100.1850,1.0,10.02,100.1888,mm
7,13:48:26,卖,100.2050,1.0,10.02,100.1967,mm
7,13:48:26,买,100.1850,1.0,10.02,100.1909,mm
7,13:48:29,卖,100.2050,1.0,10.02,100.1931,mm
7,13:48:30,卖,100.2050,1.0,10.02,100.1942,mm
7,13:48:36,买,100.1650,1.0,10.02,100.1644,mm
7,13:48:37,买,100.1450,1.0,10.01,100.1483,mm
7,13:48:48,买,100.1150,1.0,10.01,100.1174,mm
7,13:48:52,卖,100.1450,1.0,10.01,100.1392,mm
7,13:49:04,买,100.1250,1.0,10.01,100.1418,mm
7,13:49:05,买,100.1250,1.0,10.01,100.1397,mm
7,13:49:07,卖,100.1450,1.0,10.01,100.1468,mm
7,13:49:12,卖,100.1750,1.0,10.02,100.1731,mm
7,13:49:24,卖,100.1700,1.0,10.02,100.1646,mm
7,13:49:29,买,100.1550,1.0,10.02,100.1562,mm
7,13:49:51,卖,100.1750,1.0,10.02,100.1688,mm
7,13:50:01,买,100.1600,1.0,10.02,100.1636,mm
7,13:50:08,买,100.1600,1.0,10.02,100.1694,mm
7,13:50:13,卖,100.2000,1.0,10.02,100.1947,mm
7,13:50:14,买,100.1800,1.0,10.02,100.1903,mm
7,13:50:18,卖,100.2100,1.0,10.02,100.2073,mm
7,13:50:24,卖,100.1950,1.0,10.02,100.1902,mm
7,13:50:30,买,100.1650,1.0,10.02,100.1676,mm
7,13:50:48,买,100.1400,1.0,10.01,100.1453,mm
7,13:50:53,卖,100.1600,1.0,10.02,100.1654,mm
7,13:51:07,卖,100.1450,1.0,10.01,100.1418,mm
7,13:51:13,买,100.1500,1.0,10.02,100.1551,mm
7,13:51:16,买,100.1400,1.0,10.01,100.1422,mm
7,13:51:23,卖,100.1550,1.0,10.02,100.1519,mm
7,13:51:26,卖,100.1700,1.0,10.02,100.1697,mm
7,13:52:06,卖,100.1850,1.0,10.02,100.1796,mm
7,13:52:09,买,100.1700,1.0,10.02,100.1760,mm
7,13:52:11,卖,100.1850,1.0,10.02,100.1739,mm
7,13:52:24,卖,100.2100,1.0,10.02,100.2085,mm
7,13:52:29,买,100.2050,1.0,10.02,100.2122,mm
7,13:52:47,买,100.2050,1.0,10.02,100.2109,mm
7,13:52:57,卖,100.2200,1.0,10.02,100.2157,mm
7,13:53:03,买,100.2050,1.0,10.02,100.2092,mm
7,13:53:04,买,100.1900,1.0,10.02,100.1912,mm
7,13:53:08,卖,100.2000,1.0,10.02,100.2006,mm
7,13:53:12,卖,100.2150,1.0,10.02,100.2121,mm
7,13:53:14,卖,100.2250,1.0,10.02,100.2192,mm
7,13:53:18,买,100.2100,1.0,10.02,100.2143,mm
7,13:53:28,买,100.2250,1.0,10.02,100.2248,mm
7,13:53:34,买,100.2000,1.0,10.02,100.2049,mm
7,13:53:37,买,100.1950,1.0,10.02,100.1989,mm
7,13:53:46,卖,100.2050,1.0,10.02,100.2054,mm
7,13:53:50,卖,100.2100,1.0,10.02,100.2096,mm
7,13:53:52,卖,100.2300,1.0,10.02,100.2257,mm
7,13:54:01,买,100.2000,1.0,10.02,100.2017,mm
7,13:54:02,卖,100.2150,1.0,10.02,100.1983,mm
7,13:54:02,卖,100.2150,1.0,10.02,100.2018,mm
7,13:54:14,卖,100.2200,1.0,10.02,100.2175,mm
7,13:54:15,买,100.2100,1.0,10.02,100.2111,mm
7,13:54:20,买,100.2250,1.0,10.02,100.2276,mm
7,13:54:24,买,100.2250,1.0,10.02,100.2335,mm
7,13:54:30,卖,100.2450,1.0,10.02,100.2357,mm
7,13:54:41,买,100.2450,1.0,10.02,100.2558,mm
7,13:54:48,买,100.2600,1.0,10.03,100.2606,mm
7,13:54:52,卖,100.2750,1.0,10.03,100.2731,mm
7,13:54:56,买,100.2550,1.0,10.03,100.2595,mm
7,13:55:01,买,100.2400,1.0,10.02,100.2453,mm
7,13:55:03,卖,100.2600,1.0,10.03,100.2560,mm
7,13:55:07,买,100.2350,1.0,10.02,100.2401,mm
7,13:55:11,卖,100.2450,1.0,10.02,100.2422,mm
7,13:55:38,买,100.2200,1.0,10.02,100.2240,mm
7,13:55:45,卖,100.2400,1.0,10.02,100.2417,mm
7,13:55:49,卖,100.2500,1.0,10.03,100.2405,mm
7,13:55:51,买,100.2150,1.0,10.02,100.2183,mm
7,13:55:58,卖,100.2250,1.0,10.02,100.2254,mm
7,13:56:27,买,100.2300,1.0,10.02,100.2340,mm
7,13:56:35,买,100.2050,1.0,10.02,100.2081,mm
7,13:56:53,卖,100.2450,1.0,10.02,100.2429,mm
7,13:56:54,卖,100.2550,1.0,10.03,100.2492,mm
7,13:56:59,卖,100.2750,1.0,10.03,100.2662,mm
7,13:57:00,买,100.2550,1.0,10.03,100.2598,mm
7,13:57:05,买,100.2450,1.0,10.02,100.2492,mm
7,13:57:21,卖,100.2100,1.0,10.02,100.2039,mm
7,13:57:25,买,100.2000,1.0,10.02,100.2055,mm
7,13:58:21,买,100.1850,1.0,10.02,100.1827,mm
7,13:58:48,卖,100.2200,1.0,10.02,100.2159,mm
7,13:58:52,卖,100.2200,1.0,10.02,100.2141,mm
7,13:59:02,卖,100.2350,1.0,10.02,100.2394,mm
7,13:59:04,买,100.2300,1.0,10.02,100.2347,mm
7,13:59:21,买,100.2200,1.0,10.02,100.2222,mm
7,13:59:22,买,100.2100,1.0,10.02,100.2162,mm
7,13:59:26,卖,100.2200,1.0,10.02,100.2155,mm
7,13:59:29,卖,100.2200,1.0,10.02,100.2113,mm
7,13:59:31,卖,100.2200,1.0,10.02,100.2146,mm
7,13:59:39,卖,100.2050,1.0,10.02,100.1989,mm
7,13:59:43,买,100.1750,1.0,10.02,100.1772,mm
7,13:59:45,买,100.1650,1.0,10.02,100.1711,mm
7,14:00:08,卖,100.1900,1.0,10.02,100.1867,mm
7,14:00:18,买,100.1700,1.0,10.02,100.1753,mm
7,14:00:23,买,100.1600,1.0,10.02,100.1651,mm
7,14:00:26,买,100.1450,1.0,10.01,100.1498,mm
7,14:00:36,买,100.1450,1.0,10.01,100.1489,mm
7,14:00:41,卖,100.1400,1.0,10.01,100.1379,mm
7,14:00:48,卖,100.1400,1.0,10.01,100.1338,mm
7,14:00:53,卖,100.1350,1.0,10.01,100.1324,mm
7,14:00:55,卖,100.1350,1.0,10.01,100.1369,mm
7,14:00:58,买,100.1200,1.0,10.01,100.1258,mm
7,14:01:07,买,100.1250,1.0,10.01,100.1300,mm
7,14:01:22,卖,100.1650,1.0,10.02,100.1619,mm
7,14:01:29,买,100.1600,1.0,10.02,100.1649,mm
7,14:01:56,买,100.1400,1.0,10.01,100.1445,mm
7,14:02:05,卖,100.1600,1.0,10.02,100.1546,mm
7,14:02:08,买,100.1250,1.0,10.01,100.1246,mm
7,14:02:18,卖,100.1150,1.0,10.01,100.1138,mm
7,14:02:39,卖,100.1300,1.0,10.01,100.1227,mm
7,14:02:56,卖,100.1000,1.0,10.01,100.0927,mm
7,14:03:06,卖,100.1400,1.0,10.01,100.1352,mm
7,14:03:19,买,100.1350,1.0,10.01,100.1381,mm
7,14:03:26,买,100.1400,1.0,10.01,100.1417,mm
7,14:03:30,买,100.1150,1.0,10.01,100.1194,mm
7,14:03:50,买,100.1050,1.0,10.01,100.1072,mm
7,14:04:03,卖,100.0900,1.0,10.01,100.0851,mm
7,14:04:12,买,100.0650,1.0,10.01,100.0705,mm
7,14:04:15,卖,100.0750,1.0,10.01,100.0738,mm
7,14:04:33,卖,100.1050,1.0,10.01,100.1030,mm
7,14:04:43,买,100.1100,1.0,10.01,100.1111,mm
7,14:04:56,卖,100.1450,1.0,10.01,100.1399,mm
7,14:05:01,卖,100.1550,1.0,10.02,100.1513,mm
7,14:05:13,卖,100.1700,1.0,10.02,100.1678,mm
7,14:05:16,买,100.1600,1.0,10.02,100.1657,mm
7,14:05:26,卖,100.1950,1.0,10.02,100.1962,mm
7,14:05:30,买,100.1850,1.0,10.02,100.1840,mm
7,14:05:45,买,100.1800,1.0,10.02,100.1828,mm
7,14:06:02,买,100.1700,1.0,10.02,100.1760,mm
7,14:06:07,卖,100.1800,1.0,10.02,100.1810,mm
7,14:06:11,买,100.1700,1.0,10.02,100.1765,mm
7,14:06:27,买,100.1950,1.0,10.02,100.2008,mm
7,14:06:43,卖,100.1750,1.0,10.02,100.1696,mm
7,14:06:51,买,100.1450,1.0,10.01,100.1503,mm
7,14:07:05,买,100.1400,1.0,10.01,100.1461,mm
7,14:07:06,卖,100.1550,1.0,10.02,100.1488,mm
7,14:07:17,卖,100.1600,1.0,10.02,100.1569,mm
7,14:07:19,买,100.1350,1.0,10.01,100.1343,mm
7,14:07:29,买,100.0650,1.0,10.01,100.0711,mm
7,14:07:44,卖,100.0950,1.0,10.01,100.0935,mm
7,14:07:47,买,100.0850,1.0,10.01,100.0899,mm
7,14:07:55,卖,100.1050,1.0,10.01,100.0994,mm
7,14:08:05,卖,100.0900,1.0,10.01,100.0927,mm
7,14:08:16,卖,100.1000,1.0,10.01,100.0902,mm
7,14:08:24,买,100.0850,1.0,10.01,100.0817,mm
7,14:08:39,买,100.0400,1.0,10.00,100.0451,mm
7,14:08:55,买,100.0550,1.0,10.01,100.0611,mm
7,14:09:00,卖,100.0800,1.0,10.01,100.0719,mm
7,14:09:08,买,100.0350,1.0,10.00,100.0332,mm
7,14:09:20,买,100.0300,1.0,10.00,100.0259,mm
7,14:09:27,卖,100.0250,1.0,10.00,100.0195,mm
7,14:09:32,卖,100.0100,1.0,10.00,100.0064,mm
7,14:09:46,卖,100.0350,1.0,10.00,100.0306,mm
7,14:09:51,卖,100.0600,1.0,10.01,100.0567,mm
7,14:10:14,买,100.0850,1.0,10.01,100.0909,mm
7,14:10:24,卖,100.0850,1.0,10.01,100.0734,mm
7,14:10:25,卖,100.0850,1.0,10.01,100.0719,mm
7,14:10:27,卖,100.0850,1.0,10.01,100.0704,mm
7,14:10:27,卖,100.0850,1.0,10.01,100.0763,mm
7,14:10:38,买,100.0800,1.0,10.01,100.0888,mm
7,14:10:41,买,100.0850,1.0,10.01,100.0874,mm
7,14:10:42,卖,100.1000,1.0,10.01,100.0861,mm
7,14:10:43,卖,100.1000,1.0,10.01,100.0875,mm
7,14:10:51,买,100.1100,1.0,10.01,100.1155,mm
7,14:10:57,买,100.1050,1.0,10.01,100.1036,mm
7,14:11:00,买,100.1000,1.0,10.01,100.1024,mm
7,14:11:04,卖,100.0950,1.0,10.01,100.0852,mm
7,14:11:28,买,100.0950,1.0,10.01,100.0970,mm
7,14:11:52,买,100.0850,1.0,10.01,100.0908,mm
7,14:11:54,买,100.0750,1.0,10.01,100.0808,mm
7,14:11:59,卖,100.0950,1.0,10.01,100.1009,mm
7,14:12:02,买,100.0850,1.0,10.01,100.0904,mm
7,14:12:07,卖,100.0950,1.0,10.01,100.0890,mm
7,14:12:19,买,100.0450,1.0,10.00,100.0490,mm
7,14:12:20,买,100.0300,1.0,10.00,100.0329,mm
7,14:12:31,卖,100.0300,1.0,10.00,100.0256,mm
7,14:13:06,卖,100.0250,1.0,10.00,100.0137,mm
7,14:13:07,卖,100.0250,1.0,10.00,100.0113,mm
7,14:13:08,卖,100.0250,1.0,10.00,100.0149,mm
7,14:13:20,卖,100.0350,1.0,10.00,100.0294,mm
7,14:13:22,买,100.0150,1.0,10.00,100.0167,mm
7,14:13:26,买,100.0050,1.0,10.00,100.0036,mm
7,14:13:31,卖,100.0250,1.0,10.00,100.0195,mm
7,14:13:49,买,100.0050,1.0,10.00,100.0104,mm
7,14:13:58,买,99.9950,1.0,10.00,100.0009,mm
7,14:14:44,卖,100.0250,1.0,10.00,100.0141,mm
7,14:14:46,买,100.0000,1.0,10.00,100.0050,mm
7,14:14:51,卖,100.0100,1.0,10.00,100.0080,mm
7,14:14:52,买,99.9900,1.0,10.00,99.9958,mm
7,14:15:14,卖,99.9900,1.0,10.00,99.9864,mm
7,14:15:23,买,99.9900,1.0,10.00,99.9909,mm
7,14:15:25,买,99.9700,1.0,10.00,99.9754,mm
7,14:15:36,卖,99.9700,1.0,10.00,99.9645,mm
7,14:16:07,卖,99.9800,1.0,10.00,99.9779,mm
7,14:16:12,买,99.9650,1.0,10.00,99.9700,mm
7,14:16:18,买,99.9650,1.0,10.00,99.9685,mm
7,14:16:19,买,99.9600,1.0,10.00,99.9656,mm
7,14:16:22,卖,99.9700,1.0,10.00,99.9604,mm
7,14:16:23,卖,99.9700,1.0,10.00,99.9616,mm
7,14:16:35,卖,99.9650,1.0,10.00,99.9602,mm
7,14:16:47,卖,99.9650,1.0,10.00,99.9617,mm
7,14:16:54,买,99.9500,1.0,10.00,99.9533,mm
7,14:16:58,卖,99.9400,1.0,9.99,99.9338,mm
7,14:17:11,卖,99.9250,1.0,9.99,99.9191,mm
7,14:17:23,买,99.9150,1.0,9.99,99.9196,mm
7,14:17:25,买,99.9050,1.0,9.99,99.9082,mm
7,14:17:38,卖,99.9400,1.0,9.99,99.9369,mm
7,14:17:56,卖,99.9700,1.0,10.00,99.9583,mm
7,14:18:01,买,99.9400,1.0,9.99,99.9440,mm
7,14:18:02,买,99.9350,1.0,9.99,99.9381,mm
7,14:18:03,买,99.9250,1.0,9.99,99.9281,mm
7,14:18:05,卖,99.9350,1.0,9.99,99.9316,mm
7,14:18:08,买,99.9400,1.0,9.99,99.9444,mm
7,14:18:10,买,99.9400,1.0,9.99,99.9432,mm
7,14:18:24,买,99.9200,1.0,9.99,99.9199,mm
7,14:18:26,卖,99.9200,1.0,9.99,99.9225,mm
7,14:18:29,买,99.9050,1.0,9.99,99.9101,mm
7,14:18:53,卖,99.8600,1.0,9.99,99.8583,mm
7,14:19:15,卖,99.8400,1.0,9.98,99.8379,mm
7,14:19:17,卖,99.8550,1.0,9.99,99.8539,mm
7,14:19:40,卖,99.8550,1.0,9.99,99.8426,mm
7,14:19:40,卖,99.8550,1.0,9.99,99.8431,mm
7,14:19:44,买,99.8350,1.0,9.98,99.8369,mm
7,14:19:48,买,99.8150,1.0,9.98,99.8158,mm
7,14:19:51,买,99.7950,1.0,9.98,99.8010,mm
7,14:19:54,卖,99.8000,1.0,9.98,99.7958,mm
7,14:19:59,卖,99.8150,1.0,9.98,99.8104,mm
7,14:20:06,买,99.8050,1.0,9.98,99.8109,mm
7,14:20:15,卖,99.8300,1.0,9.98,99.8239,mm
7,14:20:23,买,99.8000,1.0,9.98,99.8011,mm
7,14:20:26,买,99.7900,1.0,9.98,99.7962,mm
7,14:20:31,买,99.7950,1.0,9.98,99.7977,mm
7,14:20:33,买,99.7850,1.0,9.98,99.7903,mm
7,14:20:33,卖,99.8000,1.0,9.98,99.8031,mm
7,14:20:35,买,99.7750,1.0,9.98,99.7794,mm
7,14:20:37,卖,99.7900,1.0,9.98,99.7824,mm
7,14:20:41,卖,99.8000,1.0,9.98,99.7941,mm
7,14:21:13,买,99.7900,1.0,9.98,99.7903,mm
7,14:21:22,卖,99.7600,1.0,9.98,99.7541,mm
7,14:21:32,买,99.7200,1.0,9.97,99.7227,mm
7,14:21:39,买,99.7100,1.0,9.97,99.7157,mm
7,14:21:42,卖,99.7150,1.0,9.97,99.7092,mm
7,14:21:44,卖,99.7200,1.0,9.97,99.7138,mm
7,14:21:48,卖,99.7300,1.0,9.97,99.7238,mm
7,14:21:51,卖,99.7350,1.0,9.97,99.7179,mm
7,14:22:00,卖,99.7250,1.0,9.97,99.7195,mm
7,14:22:11,买,99.6900,1.0,9.97,99.6944,mm
7,14:22:12,买,99.6850,1.0,9.97,99.6887,mm
7,14:22:14,买,99.6800,1.0,9.97,99.6844,mm
7,14:22:26,买,99.6650,1.0,9.97,99.6708,mm
7,14:22:28,买,99.6600,1.0,9.97,99.6649,mm
7,14:22:31,买,99.6500,1.0,9.97,99.6511,mm
7,14:22:36,卖,99.6500,1.0,9.97,99.6525,mm
7,14:22:41,买,99.6350,1.0,9.96,99.6387,mm
7,14:22:43,卖,99.6550,1.0,9.97,99.6496,mm
7,14:22:52,卖,99.6700,1.0,9.97,99.6647,mm
7,14:22:53,卖,99.6750,1.0,9.97,99.6696,mm
7,14:22:55,买,99.6500,1.0,9.97,99.6504,mm
7,14:23:06,卖,99.6650,1.0,9.97,99.6626,mm
7,14:23:12,卖,99.6700,1.0,9.97,99.6665,mm
7,14:23:15,卖,99.6750,1.0,9.97,99.6715,mm
7,14:23:16,买,99.6600,1.0,9.97,99.6655,mm
7,14:23:18,买,99.6450,1.0,9.96,99.6494,mm
7,14:23:33,买,99.6400,1.0,9.96,99.6436,mm
7,14:23:43,卖,99.6650,1.0,9.97,99.6524,mm
7,14:23:44,卖,99.6650,1.0,9.97,99.6518,mm
7,14:23:44,卖,99.6650,1.0,9.97,99.6526,mm
7,14:23:45,卖,99.6650,1.0,9.97,99.6533,mm
7,14:23:46,买,99.6450,1.0,9.96,99.6535,mm
7,14:23:48,买,99.6400,1.0,9.96,99.6387,mm
7,14:24:16,买,99.6500,1.0,9.97,99.6556,mm
7,14:24:17,买,99.6400,1.0,9.96,99.6383,mm
7,14:24:26,卖,99.6750,1.0,9.97,99.6714,mm
7,14:24:29,卖,99.6800,1.0,9.97,99.6678,mm
7,14:24:35,买,99.6550,1.0,9.97,99.6611,mm
7,14:24:36,买,99.6400,1.0,9.96,99.6438,mm
7,14:24:46,买,99.6700,1.0,9.97,99.6733,mm
7,14:24:51,卖,99.6800,1.0,9.97,99.6924,mm
7,14:25:01,买,99.6800,1.0,9.97,99.6845,mm
7,14:25:16,买,99.6400,1.0,9.96,99.6462,mm
7,14:25:24,卖,99.6600,1.0,9.97,99.6539,mm
7,14:25:29,买,99.6150,1.0,9.96,99.6209,mm
7,14:25:52,卖,99.6200,1.0,9.96,99.6091,mm
7,14:25:53,卖,99.6200,1.0,9.96,99.6091,mm
7,14:25:54,卖,99.6200,1.0,9.96,99.6150,mm
7,14:25:54,买,99.6000,1.0,9.96,99.6123,mm
7,14:26:08,卖,99.5900,1.0,9.96,99.5851,mm
7,14:26:16,买,99.5750,1.0,9.96,99.5805,mm
7,14:26:21,卖,99.5950,1.0,9.96,99.5898,mm
7,14:26:28,买,99.5700,1.0,9.96,99.5750,mm
7,14:26:43,卖,99.5900,1.0,9.96,99.5937,mm
7,14:26:47,买,99.5800,1.0,9.96,99.5817,mm
7,14:26:56,买,99.5600,1.0,9.96,99.5609,mm
7,14:26:59,卖,99.5600,1.0,9.96,99.5569,mm
7,14:27:01,卖,99.5700,1.0,9.96,99.5672,mm
7,14:27:09,卖,99.5950,1.0,9.96,99.5898,mm
7,14:27:10,买,99.5750,1.0,9.96,99.5803,mm
7,14:27:21,卖,99.5750,1.0,9.96,99.5714,mm
7,14:27:31,买,99.5250,1.0,9.95,99.5294,mm
7,14:27:35,卖,99.5350,1.0,9.95,99.5303,mm
7,14:27:41,买,99.5200,1.0,9.95,99.5262,mm
7,14:27:45,卖,99.5400,1.0,9.95,99.5427,mm
7,14:27:47,买,99.5400,1.0,9.95,99.5458,mm
7,14:27:53,卖,99.5650,1.0,9.96,99.5626,mm
7,14:28:05,买,99.5450,1.0,9.95,99.5429,mm
7,14:28:14,买,99.5400,1.0,9.95,99.5412,mm
7,14:28:25,卖,99.5350,1.0,9.95,99.5340,mm
7,14:28:29,买,99.4900,1.0,9.95,99.4938,mm
7,14:28:37,卖,99.5050,1.0,9.95,99.5030,mm
7,14:28:49,卖,99.4950,1.0,9.95,99.4880,mm
7,14:29:07,卖,99.5200,1.0,9.95,99.5176,mm
7,14:29:18,买,99.5100,1.0,9.95,99.5126,mm
7,14:29:27,买,99.4850,1.0,9.95,99.4823,mm
7,14:29:33,卖,99.5000,1.0,9.95,99.5092,mm
7,14:29:35,买,99.5000,1.0,9.95,99.5096,mm
7,14:29:38,买,99.4950,1.0,9.95,99.4998,mm
7,14:29:49,买,99.4900,1.0,9.95,99.4894,mm
7,14:29:55,卖,99.5100,1.0,9.95,99.5075,mm
7,14:30:20,买,99.4600,1.0,9.95,99.4659,mm
7,14:30:28,卖,99.4500,1.0,9.95,99.4494,mm
7,14:30:30,卖,99.4700,1.0,9.95,99.4669,mm
7,14:30:33,买,99.4450,1.0,9.94,99.4501,mm
7,14:30:36,卖,99.4700,1.0,9.95,99.4671,mm
7,14:30:54,买,99.4350,1.0,9.94,99.4322,mm
7,14:30:56,买,99.4150,1.0,9.94,99.4158,mm
7,14:31:04,买,99.4050,1.0,9.94,99.4069,mm
7,14:31:13,卖,99.4250,1.0,9.94,99.4299,mm
7,14:31:17,买,99.4100,1.0,9.94,99.4153,mm
7,14:31:23,卖,99.4250,1.0,9.94,99.4208,mm
7,14:31:27,买,99.4100,1.0,9.94,99.4099,mm
7,14:31:31,卖,99.4100,1.0,9.94,99.4078,mm
7,14:31:39,卖,99.4500,1.0,9.95,99.4453,mm
7,14:31:51,买,99.4250,1.0,9.94,99.4302,mm
7,14:31:58,卖,99.4250,1.0,9.94,99.4231,mm
7,14:32:04,买,99.4150,1.0,9.94,99.4193,mm
7,14:32:07,卖,99.4250,1.0,9.94,99.4273,mm
7,14:32:28,卖,99.4500,1.0,9.95,99.4438,mm
7,14:32:32,卖,99.4450,1.0,9.94,99.4426,mm
7,14:32:36,买,99.4250,1.0,9.94,99.4303,mm
7,14:32:39,卖,99.4500,1.0,9.95,99.4406,mm
7,14:32:46,买,99.4250,1.0,9.94,99.4273,mm
7,14:32:47,卖,99.4400,1.0,9.94,99.4330,mm
7,14:32:54,买,99.4000,1.0,9.94,99.4048,mm
7,14:32:59,卖,99.4150,1.0,9.94,99.4079,mm
7,14:33:00,卖,99.4200,1.0,9.94,99.4161,mm
7,14:33:11,卖,99.4300,1.0,9.94,99.4282,mm
7,14:33:18,买,99.4300,1.0,9.94,99.4351,mm
7,14:33:34,卖,99.4900,1.0,9.95,99.4846,mm
7,14:33:42,买,99.4700,1.0,9.95,99.4710,mm
7,14:33:43,卖,99.4850,1.0,9.95,99.4918,mm
7,14:33:45,卖,99.5100,1.0,9.95,99.5074,mm
7,14:33:52,卖,99.5300,1.0,9.95,99.5199,mm
7,14:34:02,买,99.5400,1.0,9.95,99.5425,mm
7,14:34:10,买,99.5400,1.0,9.95,99.5435,mm
7,14:34:13,买,99.5350,1.0,9.95,99.5409,mm
7,14:34:19,卖,99.5500,1.0,9.96,99.5391,mm
7,14:34:25,卖,99.5500,1.0,9.96,99.5383,mm
7,14:34:27,买,99.5300,1.0,9.95,99.5297,mm
7,14:34:29,买,99.5300,1.0,9.95,99.5359,mm
7,14:34:30,买,99.5250,1.0,9.95,99.5289,mm
7,14:34:31,卖,99.5450,1.0,9.95,99.5408,mm
7,14:34:35,卖,99.5450,1.0,9.95,99.5361,mm
7,14:34:40,买,99.5250,1.0,9.95,99.5310,mm
7,14:34:41,买,99.5200,1.0,9.95,99.5237,mm
7,14:34:43,卖,99.5300,1.0,9.95,99.5271,mm
7,14:34:44,买,99.5200,1.0,9.95,99.5197,mm
7,14:34:51,卖,99.5100,1.0,9.95,99.5094,mm
7,14:34:53,买,99.4900,1.0,9.95,99.4873,mm
7,14:35:12,卖,99.5200,1.0,9.95,99.5176,mm
7,14:35:17,卖,99.5300,1.0,9.95,99.5286,mm
7,14:35:20,买,99.5100,1.0,9.95,99.5139,mm
7,14:35:22,卖,99.5300,1.0,9.95,99.5163,mm
7,14:35:23,卖,99.5300,1.0,9.95,99.5182,mm
7,14:35:37,买,99.4900,1.0,9.95,99.4878,mm
7,14:35:38,买,99.4750,1.0,9.95,99.4796,mm
7,14:35:44,买,99.4800,1.0,9.95,99.4823,mm
7,14:35:46,卖,99.4950,1.0,9.95,99.5003,mm
7,14:35:51,买,99.4850,1.0,9.95,99.4876,mm
7,14:35:58,买,99.4550,1.0,9.95,99.4601,mm
7,14:36:00,买,99.4550,1.0,9.95,99.4602,mm
7,14:36:03,卖,99.4750,1.0,9.95,99.4697,mm
7,14:36:12,买,99.4350,1.0,9.94,99.4385,mm
7,14:36:22,买,99.4400,1.0,9.94,99.4434,mm
7,14:36:37,卖,99.4400,1.0,9.94,99.4379,mm
7,14:36:47,卖,99.4450,1.0,9.94,99.4414,mm
7,14:36:49,卖,99.4500,1.0,9.95,99.4501,mm
7,14:36:55,买,99.4300,1.0,9.94,99.4323,mm
7,14:37:03,买,99.4150,1.0,9.94,99.4205,mm
7,14:37:11,卖,99.4300,1.0,9.94,99.4273,mm
7,14:37:12,买,99.4150,1.0,9.94,99.4177,mm
7,14:37:14,买,99.4050,1.0,9.94,99.4123,mm
7,14:37:16,卖,99.4250,1.0,9.94,99.4274,mm
7,14:37:17,买,99.4150,1.0,9.94,99.4184,mm
7,14:37:18,卖,99.4250,1.0,9.94,99.4221,mm
7,14:37:20,卖,99.4350,1.0,9.94,99.4305,mm
7,14:37:37,卖,99.4650,1.0,9.95,99.4492,mm
7,14:37:40,卖,99.4650,1.0,9.95,99.4488,mm
7,14:37:41,买,99.4350,1.0,9.94,99.4344,mm
7,14:37:48,买,99.4450,1.0,9.94,99.4480,mm
7,14:38:01,卖,99.4250,1.0,9.94,99.4261,mm
7,14:38:09,卖,99.4250,1.0,9.94,99.4291,mm
7,14:38:23,卖,99.4450,1.0,9.94,99.4411,mm
7,14:38:27,买,99.4350,1.0,9.94,99.4404,mm
7,14:38:31,买,99.4250,1.0,9.94,99.4289,mm
7,14:38:38,卖,99.4350,1.0,9.94,99.4348,mm
7,14:38:41,买,99.4400,1.0,9.94,99.4450,mm
7,14:38:43,买,99.4350,1.0,9.94,99.4385,mm
7,14:38:49,买,99.4200,1.0,9.94,99.4164,mm
7,14:38:56,卖,99.4200,1.0,9.94,99.4122,mm
7,14:39:02,买,99.3950,1.0,9.94,99.3966,mm
7,14:39:05,买,99.3850,1.0,9.94,99.3906,mm
7,14:39:22,买,99.3850,1.0,9.94,99.3896,mm
7,14:39:31,买,99.3600,1.0,9.94,99.3641,mm
7,14:39:35,卖,99.3600,1.0,9.94,99.3635,mm
7,14:39:38,买,99.3500,1.0,9.94,99.3558,mm
7,14:39:40,卖,99.3650,1.0,9.94,99.3672,mm
7,14:39:48,卖,99.3500,1.0,9.94,99.3461,mm
7,14:39:54,卖,99.3700,1.0,9.94,99.3643,mm
7,14:40:03,买,99.3500,1.0,9.94,99.3467,mm
7,14:40:05,买,99.3300,1.0,9.93,99.3314,mm
7,14:40:11,卖,99.3300,1.0,9.93,99.3248,mm
7,14:40:17,买,99.3350,1.0,9.93,99.3388,mm
7,14:40:19,卖,99.3550,1.0,9.94,99.3568,mm
7,14:40:20,卖,99.3700,1.0,9.94,99.3677,mm
7,14:40:28,卖,99.3900,1.0,9.94,99.3839,mm
7,14:40:32,卖,99.4050,1.0,9.94,99.3968,mm
7,14:40:33,卖,99.4100,1.0,9.94,99.4035,mm
7,14:40:45,买,99.3750,1.0,9.94,99.3736,mm
7,14:40:45,买,99.3600,1.0,9.94,99.3593,mm
7,14:40:53,卖,99.3500,1.0,9.94,99.3410,mm
7,14:40:58,卖,99.3550,1.0,9.94,99.3495,mm
7,14:41:07,卖,99.3600,1.0,9.94,99.3556,mm
7,14:41:11,买,99.3500,1.0,9.94,99.3534,mm
7,14:41:29,卖,99.4100,1.0,9.94,99.4040,mm
7,14:41:35,卖,99.3900,1.0,9.94,99.3854,mm
7,14:41:36,买,99.3750,1.0,9.94,99.3795,mm
7,14:41:38,卖,99.4000,1.0,9.94,99.4004,mm
7,14:41:45,买,99.3750,1.0,9.94,99.3807,mm
7,14:41:57,买,99.3750,1.0,9.94,99.3808,mm
7,14:42:14,买,99.3650,1.0,9.94,99.3688,mm
7,14:42:40,卖,99.3800,1.0,9.94,99.3724,mm
7,14:42:45,买,99.3550,1.0,9.94,99.3639,mm
7,14:42:49,买,99.3650,1.0,9.94,99.3643,mm
7,14:42:52,卖,99.3750,1.0,9.94,99.3748,mm
7,14:43:00,卖,99.3850,1.0,9.94,99.3799,mm
7,14:43:04,卖,99.3900,1.0,9.94,99.3910,mm
7,14:43:09,买,99.3850,1.0,9.94,99.3912,mm
7,14:43:09,买,99.3800,1.0,9.94,99.3778,mm
7,14:43:11,买,99.3650,1.0,9.94,99.3661,mm
7,14:43:23,卖,99.3700,1.0,9.94,99.3656,mm
7,14:43:29,卖,99.4000,1.0,9.94,99.4002,mm
7,14:43:41,买,99.4150,1.0,9.94,99.4200,mm
7,14:43:51,买,99.4100,1.0,9.94,99.4133,mm
7,14:43:53,卖,99.4200,1.0,9.94,99.4154,mm
7,14:44:05,卖,99.4200,1.0,9.94,99.4120,mm
7,14:44:10,买,99.3950,1.0,9.94,99.3993,mm
7,14:44:12,买,99.3850,1.0,9.94,99.3896,mm
7,14:44:20,卖,99.3950,1.0,9.94,99.3894,mm
7,14:44:35,买,99.3550,1.0,9.94,99.3603,mm
7,14:44:42,卖,99.3750,1.0,9.94,99.3728,mm
7,14:44:43,卖,99.3800,1.0,9.94,99.3728,mm
7,14:44:57,买,99.3450,1.0,9.93,99.3501,mm
7,14:45:00,卖,99.3550,1.0,9.94,99.3483,mm
7,14:45:02,卖,99.3600,1.0,9.94,99.3512,mm
7,14:45:07,买,99.3400,1.0,9.93,99.3457,mm
7,14:45:09,买,99.3350,1.0,9.93,99.3408,mm
7,14:45:10,卖,99.3550,1.0,9.94,99.3522,mm
7,14:45:15,买,99.3550,1.0,9.94,99.3586,mm
7,14:45:17,卖,99.3650,1.0,9.94,99.3610,mm
7,14:45:24,买,99.3550,1.0,9.94,99.3593,mm
7,14:45:28,买,99.3550,1.0,9.94,99.3561,mm
7,14:45:33,卖,99.3700,1.0,9.94,99.3676,mm
7,14:45:42,买,99.3550,1.0,9.94,99.3591,mm
7,14:45:50,买,99.3650,1.0,9.94,99.3711,mm
7,14:45:54,卖,99.3850,1.0,9.94,99.3835,mm
7,14:46:06,买,99.3700,1.0,9.94,99.3688,mm
7,14:46:19,买,99.3500,1.0,9.94,99.3535,mm
7,14:46:21,买,99.3400,1.0,9.93,99.3451,mm
7,14:46:22,买,99.3250,1.0,9.93,99.3254,mm
7,14:46:25,卖,99.3300,1.0,9.93,99.3330,mm
7,14:46:30,卖,99.3350,1.0,9.93,99.3248,mm
7,14:46:40,卖,99.3150,1.0,9.93,99.3100,mm
7,14:46:41,卖,99.3200,1.0,9.93,99.3170,mm
7,14:46:42,卖,99.3300,1.0,9.93,99.3196,mm
7,14:46:43,卖,99.3300,1.0,9.93,99.3248,mm
7,14:46:46,卖,99.3350,1.0,9.93,99.3289,mm
7,14:46:47,买,99.3250,1.0,9.93,99.3260,mm
7,14:46:52,买,99.3150,1.0,9.93,99.3202,mm
7,14:46:56,买,99.3100,1.0,9.93,99.3141,mm
7,14:47:13,买,99.2850,1.0,9.93,99.2907,mm
7,14:47:17,卖,99.2850,1.0,9.93,99.2771,mm
7,14:47:42,卖,99.3050,1.0,9.93,99.3067,mm
7,14:47:55,买,99.3100,1.0,9.93,99.3115,mm
7,14:47:59,买,99.2950,1.0,9.93,99.2972,mm
7,14:48:06,卖,99.3050,1.0,9.93,99.3011,mm
7,14:48:10,卖,99.3150,1.0,9.93,99.3102,mm
7,14:48:33,买,99.3300,1.0,9.93,99.3324,mm
7,14:48:34,卖,99.3450,1.0,9.93,99.3309,mm
7,14:48:36,买,99.3300,1.0,9.93,99.3396,mm
7,14:48:44,卖,99.3550,1.0,9.94,99.3493,mm
7,14:48:49,卖,99.3550,1.0,9.94,99.3501,mm
7,14:48:57,买,99.3150,1.0,9.93,99.3152,mm
7,14:49:02,买,99.2850,1.0,9.93,99.2861,mm
7,14:49:10,买,99.2750,1.0,9.93,99.2792,mm
7,14:49:17,卖,99.2950,1.0,9.93,99.2966,mm
7,14:49:29,卖,99.3050,1.0,9.93,99.3059,mm
7,14:49:30,买,99.2950,1.0,9.93,99.2969,mm
7,14:49:37,买,99.2750,1.0,9.93,99.2783,mm
7,14:49:40,卖,99.3100,1.0,9.93,99.3052,mm
7,14:49:42,买,99.2900,1.0,9.93,99.2880,mm
7,14:49:48,卖,99.2900,1.0,9.93,99.2866,mm
7,14:49:51,卖,99.3050,1.0,9.93,99.2997,mm
7,14:49:53,买,99.2800,1.0,9.93,99.2781,mm
7,14:49:56,卖,99.2850,1.0,9.93,99.2748,mm
7,14:50:02,买,99.2600,1.0,9.93,99.2563,mm
7,14:50:03,卖,99.2700,1.0,9.93,99.2659,mm
7,14:50:21,买,99.2400,1.0,9.92,99.2449,mm
7,14:50:25,卖,99.2500,1.0,9.93,99.2365,mm
7,14:50:27,卖,99.2550,1.0,9.93,99.2489,mm
7,14:50:33,买,99.2450,1.0,9.92,99.2511,mm
7,14:50:36,买,99.2400,1.0,9.92,99.2415,mm
7,14:50:38,买,99.2300,1.0,9.92,99.2354,mm
7,14:50:44,买,99.2400,1.0,9.92,99.2436,mm
7,14:50:48,卖,99.2500,1.0,9.93,99.2475,mm
7,14:51:09,卖,99.2650,1.0,9.93,99.2616,mm
7,14:51:20,卖,99.2750,1.0,9.93,99.2715,mm
7,14:51:24,买,99.2550,1.0,9.93,99.2592,mm
7,14:51:29,卖,99.2650,1.0,9.93,99.2636,mm
7,14:51:30,买,99.2500,1.0,9.93,99.2518,mm
7,14:51:49,卖,99.2350,1.0,9.92,99.2275,mm
7,14:51:56,卖,99.2450,1.0,9.92,99.2359,mm
7,14:51:59,买,99.2200,1.0,9.92,99.2188,mm
7,14:52:07,卖,99.2450,1.0,9.92,99.2465,mm
7,14:52:08,买,99.2350,1.0,9.92,99.2408,mm
7,14:52:26,买,99.2100,1.0,9.92,99.2125,mm
7,14:52:29,买,99.1900,1.0,9.92,99.1864,mm
7,14:52:33,买,99.1550,1.0,9.92,99.1574,mm
7,14:52:37,卖,99.1600,1.0,9.92,99.1552,mm
7,14:52:43,卖,99.1700,1.0,9.92,99.1618,mm
7,14:52:46,卖,99.1650,1.0,9.92,99.1601,mm
7,14:52:48,卖,99.1800,1.0,9.92,99.1759,mm
7,14:52:54,买,99.1700,1.0,9.92,99.1755,mm
7,14:53:04,买,99.1650,1.0,9.92,99.1664,mm
7,14:53:13,卖,99.1600,1.0,9.92,99.1580,mm
7,14:53:14,卖,99.1700,1.0,9.92,99.1612,mm
7,14:53:25,买,99.1450,1.0,9.91,99.1503,mm
7,14:53:26,买,99.1350,1.0,9.91,99.1337,mm
7,14:53:36,卖,99.1300,1.0,9.91,99.1350,mm
7,14:53:41,买,99.1000,1.0,9.91,99.1024,mm
7,14:53:46,买,99.1100,1.0,9.91,99.1154,mm
7,14:53:50,买,99.1150,1.0,9.91,99.1162,mm
7,14:53:52,卖,99.1150,1.0,9.91,99.1128,mm
7,14:53:55,买,99.1000,1.0,9.91,99.0972,mm
7,14:53:57,买,99.0800,1.0,9.91,99.0844,mm
7,14:54:07,卖,99.0850,1.0,9.91,99.0803,mm
7,14:54:11,买,99.0550,1.0,9.91,99.0542,mm
7,14:54:11,卖,99.0650,1.0,9.91,99.0596,mm
7,14:54:15,卖,99.0750,1.0,9.91,99.0788,mm
7,14:54:28,卖,99.1050,1.0,9.91,99.1036,mm
7,14:54:33,卖,99.1100,1.0,9.91,99.1116,mm
7,14:54:49,卖,99.1550,1.0,9.92,99.1525,mm
7,14:55:01,买,99.1450,1.0,9.91,99.1491,mm
7,14:55:02,卖,99.1600,1.0,9.92,99.1502,mm
7,14:55:07,买,99.1400,1.0,9.91,99.1461,mm
7,14:55:09,买,99.1250,1.0,9.91,99.1245,mm
7,14:55:19,卖,99.1500,1.0,9.92,99.1425,mm
7,14:55:31,买,99.1300,1.0,9.91,99.1335,mm
7,14:55:37,卖,99.1400,1.0,9.91,99.1345,mm
7,14:55:44,买,99.1350,1.0,9.91,99.1386,mm
7,14:55:56,卖,99.1500,1.0,9.92,99.1453,mm
7,14:55:58,买,99.1350,1.0,9.91,99.1411,mm
7,14:56:19,买,99.1000,1.0,9.91,99.1060,mm
7,14:56:20,卖,99.1200,1.0,9.91,99.1163,mm
7,14:56:23,买,99.1200,1.0,9.91,99.1239,mm
7,14:56:32,卖,99.1550,1.0,9.92,99.1496,mm
7,14:56:33,卖,99.1600,1.0,9.92,99.1589,mm
7,14:56:36,买,99.1350,1.0,9.91,99.1293,mm
7,14:56:43,买,99.1250,1.0,9.91,99.1298,mm
7,14:56:44,买,99.1150,1.0,9.91,99.1190,mm
7,14:56:54,卖,99.1000,1.0,9.91,99.0960,mm
7,14:56:55,买,99.0800,1.0,9.91,99.0838,mm
7,14:56:56,卖,99.1000,1.0,9.91,99.0944,mm
7,14:57:00,买,99.0750,1.0,9.91,99.0790,mm
7,14:57:18,买,99.0900,1.0,9.91,99.0924,mm
7,14:57:20,买,99.0800,1.0,9.91,99.0802,mm
7,14:57:23,买,99.0650,1.0,9.91,99.0675,mm
7,14:57:28,买,99.0450,1.0,9.90,99.0500,mm
7,14:57:29,卖,99.0600,1.0,9.91,99.0567,mm
7,14:57:31,买,99.0350,1.0,9.90,99.0402,mm
7,14:57:33,卖,99.0450,1.0,9.90,99.0425,mm
7,14:57:40,卖,99.0750,1.0,9.91,99.0658,mm
7,14:57:41,卖,99.0750,1.0,9.91,99.0673,mm
7,14:58:15,卖,99.1000,1.0,9.91,99.0928,mm
7,14:58:19,卖,99.1150,1.0,9.91,99.1113,mm
7,14:58:24,买,99.1050,1.0,9.91,99.1108,mm
7,14:58:35,卖,99.1350,1.0,9.91,99.1397,mm
7,14:58:39,卖,99.1650,1.0,9.92,99.1657,mm
7,14:58:42,买,99.1350,1.0,9.91,99.1380,mm
7,14:58:45,买,99.1150,1.0,9.91,99.1162,mm
7,14:58:51,买,99.0950,1.0,9.91,99.0962,mm
7,14:58:53,卖,99.1100,1.0,9.91,99.1101,mm
7,14:58:59,卖,99.1250,1.0,9.91,99.1200,mm
7,14:59:01,买,99.1100,1.0,9.91,99.1161,mm
7,14:59:15,买,99.1050,1.0,9.91,99.1112,mm
7,14:59:17,买,99.1050,1.0,9.91,99.1076,mm
7,14:59:21,卖,99.1100,1.0,9.91,99.1081,mm
7,14:59:23,买,99.1000,1.0,9.91,99.1036,mm
7,14:59:32,卖,99.1200,1.0,9.91,99.1165,mm
7,14:59:33,卖,99.1250,1.0,9.91,99.1214,mm
7,14:59:44,卖,99.1300,1.0,9.91,99.1213,mm
7,14:59:57,买,99.1300,1.0,9.91,99.1350,mm
7,15:00:00,卖,99.1300,1.0,9.91,99.1325,mm
7,15:00:04,卖,99.1100,1.0,9.91,99.1159,mm
7,15:00:06,卖,99.1200,1.0,9.91,99.1219,mm
8,09:15:03,买,99.0100,1.0,9.90,99.0159,mm
8,09:15:04,卖,99.0250,1.0,9.90,99.0166,mm
8,09:15:04,买,99.0050,1.0,9.90,99.0105,mm
8,09:15:12,卖,99.0050,1.0,9.90,99.0078,mm
8,09:15:30,卖,98.9900,1.0,9.90,98.9841,mm
8,09:15:39,买,98.9750,1.0,9.90,98.9767,mm
8,09:15:48,卖,99.0050,1.0,9.90,98.9953,mm
8,09:15:51,买,98.9800,1.0,9.90,98.9849,mm
8,09:15:57,买,98.9650,1.0,9.90,98.9691,mm
8,09:16:18,卖,98.9850,1.0,9.90,98.9741,mm
8,09:16:18,卖,98.9850,1.0,9.90,98.9723,mm
8,09:16:19,卖,98.9850,1.0,9.90,98.9766,mm
8,09:16:22,买,98.9650,1.0,9.90,98.9674,mm
8,09:16:30,买,98.9400,1.0,9.89,98.9452,mm
8,09:16:39,卖,98.9500,1.0,9.90,98.9472,mm
8,09:16:45,买,98.9250,1.0,9.89,98.9309,mm
8,09:16:56,买,98.9450,1.0,9.89,98.9527,mm
8,09:16:58,卖,98.9700,1.0,9.90,98.9597,mm
8,09:17:11,买,98.9700,1.0,9.90,98.9762,mm
8,09:17:14,买,98.9500,1.0,9.90,98.9524,mm
8,09:17:15,卖,98.9600,1.0,9.90,98.9563,mm
8,09:17:22,卖,98.9650,1.0,9.90,98.9619,mm
8,09:17:37,买,98.9650,1.0,9.90,98.9686,mm
8,09:17:42,卖,98.9550,1.0,9.90,98.9549,mm
8,09:17:43,买,98.9400,1.0,9.89,98.9394,mm
8,09:17:45,卖,98.9400,1.0,9.89,98.9374,mm
8,09:17:52,卖,98.9450,1.0,9.89,98.9349,mm
8,09:18:03,卖,98.9350,1.0,9.89,98.9412,mm
8,09:18:05,买,98.9400,1.0,9.89,98.9416,mm
8,09:18:11,买,98.9400,1.0,9.89,98.9435,mm
8,09:18:18,买,98.9150,1.0,9.89,98.9202,mm
8,09:18:18,卖,98.9350,1.0,9.89,98.9383,mm
8,09:18:20,卖,98.9550,1.0,9.90,98.9453,mm
8,09:18:25,卖,98.9650,1.0,9.90,98.9635,mm
8,09:18:30,买,98.9550,1.0,9.90,98.9540,mm
8,09:18:31,买,98.9450,1.0,9.89,98.9502,mm
8,09:18:46,卖,98.9450,1.0,9.89,98.9421,mm
8,09:18:49,卖,98.9600,1.0,9.90,98.9568,mm
8,09:18:57,买,98.9400,1.0,9.89,98.9456,mm
8,09:19:16,买,98.9400,1.0,9.89,98.9493,mm
8,09:19:19,卖,98.9600,1.0,9.90,98.9527,mm
8,09:19:26,买,98.9250,1.0,9.89,98.9294,mm
8,09:19:36,卖,98.9600,1.0,9.90,98.9478,mm
8,09:19:39,卖,98.9650,1.0,9.90,98.9551,mm
8,09:19:48,买,98.9550,1.0,9.90,98.9467,mm
8,09:20:00,卖,98.9400,1.0,9.89,98.9189,mm
8,09:20:02,买,98.9000,1.0,9.89,98.9051,mm
8,09:20:11,买,98.9150,1.0,9.89,98.9211,mm
8,09:20:14,卖,98.9450,1.0,9.89,98.9391,mm
8,09:20:17,买,98.9300,1.0,9.89,98.9280,mm
8,09:20:21,卖,98.9300,1.0,9.89,98.9243,mm
8,09:20:23,买,98.9150,1.0,9.89,98.9194,mm
8,09:20:37,买,98.9100,1.0,9.89,98.9137,mm
8,09:20:44,卖,98.9300,1.0,9.89,98.9255,mm
8,09:20:49,买,98.9200,1.0,9.89,98.9209,mm
8,09:20:55,卖,98.9050,1.0,9.89,98.8993,mm
8,09:20:59,卖,98.9050,1.0,9.89,98.9002,mm
8,09:21:09,卖,98.9300,1.0,9.89,98.9247,mm
8,09:21:15,买,98.9550,1.0,9.90,98.9467,mm
8,09:21:36,买,98.9650,1.0,9.90,98.9703,mm
8,09:21:48,买,98.9650,1.0,9.90,98.9782,mm
8,09:21:54,卖,98.9950,1.0,9.90,98.9893,mm
8,09:21:55,卖,99.0050,1.0,9.90,99.0020,mm
8,09:21:58,买,98.9950,1.0,9.90,99.0006,mm
8,09:21:59,卖,99.0100,1.0,9.90,99.0039,mm
8,09:22:05,买,98.9800,1.0,9.90,98.9854,mm
8,09:22:16,买,99.0000,1.0,9.90,99.0007,mm
8,09:22:24,卖,99.0000,1.0,9.90,99.0002,mm
8,09:22:30,卖,99.0250,1.0,9.90,99.0253,mm
8,09:22:32,买,99.0150,1.0,9.90,99.0207,mm
8,09:22:44,买,99.0050,1.0,9.90,99.0079,mm
8,09:22:44,卖,99.0200,1.0,9.90,99.0145,mm
8,09:23:00,买,98.9750,1.0,9.90,98.9812,mm
8,09:23:11,卖,99.0100,1.0,9.90,98.9929,mm
8,09:23:14,卖,99.0150,1.0,9.90,99.0135,mm
8,09:23:38,买,99.0350,1.0,9.90,99.0350,mm
8,09:23:48,买,99.0350,1.0,9.90,99.0437,mm
8,09:23:59,卖,99.0600,1.0,9.91,99.0568,mm
8,09:24:01,买,99.0400,1.0,9.90,99.0453,mm
8,09:24:08,卖,99.0600,1.0,9.91,99.0582,mm
8,09:24:12,买,99.0450,1.0,9.90,99.0472,mm
8,09:24:20,卖,99.0550,1.0,9.91,99.0529,mm
8,09:24:22,卖,99.0700,1.0,9.91,99.0666,mm
8,09:24:31,卖,99.0900,1.0,9.91,99.0747,mm
8,09:24:41,买,99.0500,1.0,9.91,99.0500,mm
8,09:24:45,买,99.0350,1.0,9.90,99.0388,mm
8,09:25:06,买,99.0150,1.0,9.90,99.0143,mm
8,09:25:09,卖,99.0250,1.0,9.90,99.0178,mm
8,09:25:14,买,98.9950,1.0,9.90,98.9965,mm
8,09:25:34,卖,99.0200,1.0,9.90,99.0163,mm
8,09:25:38,卖,99.0250,1.0,9.90,99.0146,mm
8,09:25:45,买,99.0150,1.0,9.90,99.0188,mm
8,09:26:09,卖,99.0600,1.0,9.91,99.0557,mm
8,09:26:16,买,99.0500,1.0,9.91,99.0562,mm
8,09:26:21,买,99.0500,1.0,9.91,99.0555,mm
8,09:26:24,卖,99.0750,1.0,9.91,99.0688,mm
8,09:26:29,卖,99.0900,1.0,9.91,99.0756,mm
8,09:26:43,买,99.0700,1.0,9.91,99.0749,mm
8,09:27:08,卖,99.1200,1.0,9.91,99.1176,mm
8,09:27:14,买,99.0950,1.0,9.91,99.0918,mm
8,09:27:15,卖,99.1050,1.0,9.91,99.0933,mm
8,09:27:25,买,99.0800,1.0,9.91,99.0805,mm
8,09:27:35,买,99.0700,1.0,9.91,99.0721,mm
8,09:27:43,卖,99.0900,1.0,9.91,99.0865,mm
8,09:27:48,卖,99.1000,1.0,9.91,99.0987,mm
8,09:27:53,买,99.0900,1.0,9.91,99.0915,mm
8,09:27:54,卖,99.1050,1.0,9.91,99.1014,mm
8,09:28:07,卖,99.1300,1.0,9.91,99.1256,mm
8,09:28:24,买,99.1450,1.0,9.91,99.1428,mm
8,09:28:27,卖,99.1550,1.0,9.92,99.1489,mm
8,09:28:28,买,99.1400,1.0,9.91,99.1433,mm
8,09:28:34,买,99.1150,1.0,9.91,99.1211,mm
8,09:28:38,卖,99.1350,1.0,9.91,99.1238,mm
8,09:28:39,买,99.1150,1.0,9.91,99.1234,mm
8,09:28:41,买,99.1000,1.0,9.91,99.1025,mm
8,09:28:44,卖,99.1000,1.0,9.91,99.0927,mm
8,09:28:47,买,99.0700,1.0,9.91,99.0666,mm
8,09:28:54,卖,99.0800,1.0,9.91,99.0756,mm
8,09:28:56,买,99.0550,1.0,9.91,99.0602,mm
8,09:29:10,卖,99.0700,1.0,9.91,99.0687,mm
8,09:29:14,买,99.0850,1.0,9.91,99.0925,mm
8,09:29:40,买,99.0750,1.0,9.91,99.0785,mm
8,09:29:41,卖,99.0850,1.0,9.91,99.0829,mm
8,09:29:46,卖,99.0950,1.0,9.91,99.0891,mm
8,09:29:53,买,99.0950,1.0,9.91,99.0998,mm
8,09:29:58,卖,99.0950,1.0,9.91,99.0995,mm
8,09:30:00,买,99.0900,1.0,9.91,99.0932,mm
8,09:30:04,卖,99.1050,1.0,9.91,99.0933,mm
8,09:30:06,卖,99.1100,1.0,9.91,99.1068,mm
8,09:30:10,买,99.1200,1.0,9.91,99.1217,mm
8,09:30:26,买,99.1350,1.0,9.91,99.1369,mm
8,09:31:06,卖,99.0900,1.0,9.91,99.0887,mm
8,09:31:28,买,99.0700,1.0,9.91,99.0712,mm
8,09:31:29,卖,99.0800,1.0,9.91,99.0798,mm
8,09:31:51,卖,99.1250,1.0,9.91,99.1161,mm
8,09:31:55,买,99.1150,1.0,9.91,99.1179,mm
8,09:31:59,买,99.1000,1.0,9.91,99.1052,mm
8,09:32:05,卖,99.1000,1.0,9.91,99.0879,mm
8,09:32:54,买,99.0750,1.0,9.91,99.0806,mm
8,09:33:17,卖,99.0500,1.0,9.91,99.0474,mm
8,09:33:42,买,99.0300,1.0,9.90,99.0342,mm
8,09:34:02,卖,99.0500,1.0,9.91,99.0448,mm
8,09:34:29,卖,99.0400,1.0,9.90,99.0484,mm
8,09:34:31,买,99.0400,1.0,9.90,99.0447,mm
8,09:35:10,卖,99.1050,1.0,9.91,99.1011,mm
8,09:35:13,买,99.0900,1.0,9.91,99.0914,mm
8,09:35:18,卖,99.1100,1.0,9.91,99.1078,mm
8,09:35:38,买,99.1250,1.0,9.91,99.1286,mm
8,09:35:59,卖,99.1300,1.0,9.91,99.1265,mm
8,09:36:00,买,99.1150,1.0,9.91,99.1209,mm
8,09:36:04,卖,99.1150,1.0,9.91,99.1045,mm
8,09:36:06,买,99.0900,1.0,9.91,99.0948,mm
8,09:36:07,卖,99.1150,1.0,9.91,99.1126,mm
8,09:36:13,买,99.1150,1.0,9.91,99.1190,mm
8,09:36:19,买,99.0800,1.0,9.91,99.0807,mm
8,09:36:23,卖,99.0700,1.0,9.91,99.0606,mm
8,09:36:27,买,99.0400,1.0,9.90,99.0452,mm
8,09:36:30,卖,99.0600,1.0,9.91,99.0529,mm
8,09:36:57,卖,99.0750,1.0,9.91,99.0709,mm
8,09:37:00,买,99.0700,1.0,9.91,99.0729,mm
8,09:37:17,买,99.0650,1.0,9.91,99.0696,mm
8,09:37:18,卖,99.0750,1.0,9.91,99.0698,mm
8,09:37:43,买,99.0150,1.0,9.90,99.0118,mm
8,09:37:56,卖,99.0100,1.0,9.90,99.0056,mm
8,09:38:04,买,98.9900,1.0,9.90,98.9957,mm
8,09:38:07,卖,99.0000,1.0,9.90,98.9949,mm
8,09:38:09,卖,99.0100,1.0,9.90,99.0065,mm
8,09:38:15,买,98.9900,1.0,9.90,98.9876,mm
8,09:38:20,卖,99.0000,1.0,9.90,98.9867,mm
8,09:38:37,买,99.0100,1.0,9.90,99.0154,mm
8,09:39:07,卖,99.0200,1.0,9.90,99.0097,mm
8,09:39:13,买,99.0200,1.0,9.90,99.0271,mm
8,09:39:14,买,99.0150,1.0,9.90,99.0198,mm
8,09:39:16,买,98.9950,1.0,9.90,98.9993,mm
8,09:39:18,卖,99.0050,1.0,9.90,99.0022,mm
8,09:39:24,卖,98.9900,1.0,9.90,98.9852,mm
8,09:39:26,卖,99.0100,1.0,9.90,99.0125,mm
8,09:39:31,买,98.9950,1.0,9.90,98.9998,mm
8,09:39:42,卖,99.0050,1.0,9.90,99.0006,mm
8,09:39:51,买,99.0250,1.0,9.90,99.0277,mm
8,09:40:35,卖,99.0050,1.0,9.90,98.9995,mm
8,09:40:47,买,98.9900,1.0,9.90,98.9953,mm
8,09:40:55,买,99.0000,1.0,9.90,99.0008,mm
8,09:41:07,卖,99.0250,1.0,9.90,99.0222,mm
8,09:41:12,卖,99.0200,1.0,9.90,99.0123,mm
8,09:41:17,买,99.0200,1.0,9.90,99.0249,mm
8,09:41:22,买,99.0100,1.0,9.90,99.0156,mm
8,09:41:25,卖,99.0250,1.0,9.90,99.0240,mm
8,09:41:50,卖,99.0150,1.0,9.90,99.0153,mm
8,09:41:59,买,99.0300,1.0,9.90,99.0337,mm
8,09:42:00,卖,99.0500,1.0,9.91,99.0458,mm
8,09:42:06,买,99.0350,1.0,9.90,99.0348,mm
8,09:42:46,卖,99.1150,1.0,9.91,99.1032,mm
8,09:42:55,买,99.0900,1.0,9.91,99.0824,mm
8,09:44:16,卖,99.0550,1.0,9.91,99.0429,mm
8,09:44:23,买,99.0100,1.0,9.90,99.0108,mm
8,09:44:41,买,99.0000,1.0,9.90,99.0052,mm
8,09:44:48,卖,99.0300,1.0,9.90,99.0271,mm
8,09:44:53,卖,99.0400,1.0,9.90,99.0383,mm
8,09:44:58,买,99.0250,1.0,9.90,99.0297,mm
8,09:45:14,卖,99.0400,1.0,9.90,99.0357,mm
8,09:45:27,买,99.0050,1.0,9.90,99.0097,mm
8,09:45:41,买,99.0500,1.0,9.91,99.0503,mm
8,09:45:44,卖,99.0650,1.0,9.91,99.0633,mm
8,09:45:48,买,99.0400,1.0,9.90,99.0378,mm
8,09:45:55,卖,99.0500,1.0,9.91,99.0471,mm
8,09:46:02,卖,99.0750,1.0,9.91,99.0690,mm
8,09:46:07,买,99.0650,1.0,9.91,99.0700,mm
8,09:46:37,买,99.1150,1.0,9.91,99.1201,mm
8,09:46:50,卖,99.1450,1.0,9.91,99.1507,mm
8,09:46:57,卖,99.1550,1.0,9.92,99.1488,mm
8,09:46:59,买,99.1350,1.0,9.91,99.1383,mm
8,09:47:00,买,99.1300,1.0,9.91,99.1362,mm
8,09:47:03,卖,99.1450,1.0,9.91,99.1381,mm
8,09:47:23,买,99.1000,1.0,9.91,99.1081,mm
8,09:47:25,卖,99.1200,1.0,9.91,99.1123,mm
8,09:47:50,买,99.1850,1.0,9.92,99.1910,mm
8,09:47:50,卖,99.2000,1.0,9.92,99.2008,mm
8,09:48:32,买,99.1300,1.0,9.91,99.1233,mm
8,09:48:39,卖,99.1350,1.0,9.91,99.1302,mm
8,09:48:42,卖,99.1250,1.0,9.91,99.1190,mm
8,09:48:57,买,99.1250,1.0,9.91,99.1290,mm
8,09:49:23,卖,99.1550,1.0,9.92,99.1502,mm
8,09:49:26,买,99.1350,1.0,9.91,99.1334,mm
8,09:49:50,卖,99.1500,1.0,9.92,99.1405,mm
8,09:49:58,买,99.1150,1.0,9.91,99.1185,mm
8,09:50:11,买,99.1050,1.0,9.91,99.1097,mm
8,09:50:39,卖,99.1200,1.0,9.91,99.1214,mm
8,09:50:41,卖,99.1350,1.0,9.91,99.1273,mm
8,09:50:53,买,99.1150,1.0,9.91,99.1196,mm
8,09:50:56,卖,99.1200,1.0,9.91,99.1139,mm
8,09:51:09,买,99.1300,1.0,9.91,99.1332,mm
8,09:51:10,卖,99.1550,1.0,9.92,99.1491,mm
8,09:51:17,买,99.1400,1.0,9.91,99.1437,mm
8,09:51:31,买,99.1250,1.0,9.91,99.1218,mm
8,09:51:33,卖,99.1350,1.0,9.91,99.1299,mm
8,09:51:39,买,99.1450,1.0,9.91,99.1450,mm
8,09:51:43,卖,99.1550,1.0,9.92,99.1534,mm
8,09:52:04,买,99.0750,1.0,9.91,99.0805,mm
8,09:52:05,卖,99.0900,1.0,9.91,99.0870,mm
8,09:52:34,买,99.0650,1.0,9.91,99.0711,mm
8,09:52:38,卖,99.0900,1.0,9.91,99.0902,mm
8,09:52:45,买,99.0750,1.0,9.91,99.0810,mm
8,09:52:49,卖,99.0800,1.0,9.91,99.0817,mm
8,09:52:52,买,99.0650,1.0,9.91,99.0691,mm
8,09:52:59,卖,99.0500,1.0,9.91,99.0447,mm
8,09:53:25,卖,99.0450,1.0,9.90,99.0440,mm
8,09:53:26,买,99.0350,1.0,9.90,99.0390,mm
8,09:53:55,买,99.0850,1.0,9.91,99.0904,mm
8,09:53:57,卖,99.1000,1.0,9.91,99.0944,mm
8,09:54:05,买,99.0800,1.0,9.91,99.0854,mm
8,09:54:09,卖,99.0900,1.0,9.91,99.0885,mm
8,09:54:17,买,99.0850,1.0,9.91,99.0892,mm
8,09:54:24,卖,99.0750,1.0,9.91,99.0691,mm
8,09:54:48,卖,99.0550,1.0,9.91,99.0491,mm
8,09:54:54,买,99.0500,1.0,9.91,99.0532,mm
8,09:55:04,卖,99.0800,1.0,9.91,99.0747,mm
8,09:55:21,买,99.1000,1.0,9.91,99.1043,mm
8,09:55:45,买,99.1150,1.0,9.91,99.1212,mm
8,09:55:50,卖,99.1300,1.0,9.91,99.1306,mm
8,09:55:57,买,99.0950,1.0,9.91,99.1004,mm
8,09:55:59,卖,99.1100,1.0,9.91,99.1082,mm
8,09:56:15,卖,99.1150,1.0,9.91,99.1102,mm
8,09:56:20,买,99.0900,1.0,9.91,99.0880,mm
8,09:56:50,买,99.0850,1.0,9.91,99.0894,mm
8,09:57:15,买,98.9900,1.0,9.90,98.9938,mm
8,09:57:15,卖,99.0000,1.0,9.90,99.0058,mm
8,09:57:19,卖,99.0150,1.0,9.90,99.0174,mm
8,09:57:26,卖,99.0200,1.0,9.90,99.0160,mm
8,09:57:27,买,99.0050,1.0,9.90,99.0093,mm
8,09:57:46,卖,98.9950,1.0,9.90,98.9808,mm
8,09:57:48,买,98.9700,1.0,9.90,98.9732,mm
8,09:57:50,卖,98.9900,1.0,9.90,98.9953,mm
8,09:57:55,买,98.9800,1.0,9.90,98.9834,mm
8,09:58:36,买,98.9300,1.0,9.89,98.9348,mm
8,09:58:45,卖,98.9400,1.0,9.89,98.9345,mm
8,09:58:48,卖,98.9500,1.0,9.90,98.9444,mm
8,09:58:55,卖,98.9700,1.0,9.90,98.9584,mm
8,09:59:13,买,98.9650,1.0,9.90,98.9570,mm
8,09:59:14,买,98.9550,1.0,9.90,98.9632,mm
8,09:59:56,卖,98.9700,1.0,9.90,98.9662,mm
8,10:00:03,买,98.9450,1.0,9.89,98.9527,mm
8,10:00:08,卖,98.9600,1.0,9.90,98.9480,mm
8,10:00:11,买,98.9350,1.0,9.89,98.9366,mm
8,10:00:41,卖,98.9500,1.0,9.90,98.9439,mm
8,10:00:43,买,98.9400,1.0,9.89,98.9506,mm
8,10:01:13,买,98.9850,1.0,9.90,98.9861,mm
8,10:01:17,买,98.9550,1.0,9.90,98.9604,mm
8,10:01:24,卖,98.9550,1.0,9.90,98.9512,mm
8,10:01:28,卖,98.9350,1.0,9.89,98.9269,mm
8,10:01:41,买,98.9100,1.0,9.89,98.9108,mm
8,10:01:51,卖,98.8950,1.0,9.89,98.8893,mm
8,10:02:09,买,98.8650,1.0,9.89,98.8709,mm
8,10:02:24,卖,98.8800,1.0,9.89,98.8660,mm
8,10:02:25,卖,98.8800,1.0,9.89,98.8665,mm
8,10:02:33,买,98.8700,1.0,9.89,98.8717,mm
8,10:03:19,买,98.8900,1.0,9.89,98.8948,mm
8,10:03:27,卖,98.8950,1.0,9.89,98.8893,mm
8,10:03:49,买,98.8800,1.0,9.89,98.8848,mm
8,10:03:52,卖,98.8850,1.0,9.89,98.8844,mm
8,10:03:57,买,98.8600,1.0,9.89,98.8617,mm
8,10:03:58,买,98.8450,1.0,9.88,98.8449,mm
8,10:04:00,卖,98.8550,1.0,9.89,98.8565,mm
8,10:04:03,卖,98.8750,1.0,9.89,98.8713,mm
8,10:04:12,买,98.8300,1.0,9.88,98.8339,mm
8,10:04:26,卖,98.8300,1.0,9.88,98.8283,mm
8,10:05:30,卖,98.7850,1.0,9.88,98.7814,mm
8,10:05:34,买,98.7650,1.0,9.88,98.7709,mm
8,10:06:03,卖,98.7600,1.0,9.88,98.7502,mm
8,10:06:06,买,98.7450,1.0,9.87,98.7459,mm
8,10:06:37,卖,98.7350,1.0,9.87,98.7330,mm
8,10:06:39,买,98.7300,1.0,9.87,98.7310,mm
8,10:06:55,买,98.7400,1.0,9.87,98.7462,mm
8,10:06:57,卖,98.7550,1.0,9.88,98.7532,mm
8,10:07:08,买,98.6950,1.0,9.87,98.6969,mm
8,10:07:13,卖,98.7250,1.0,9.87,98.7217,mm
8,10:07:24,买,98.6800,1.0,9.87,98.6862,mm
8,10:07:29,卖,98.7150,1.0,9.87,98.7088,mm
8,10:07:32,卖,98.7300,1.0,9.87,98.7257,mm
8,10:07:34,买,98.7200,1.0,9.87,98.7228,mm
8,10:07:45,买,98.7150,1.0,9.87,98.7198,mm
8,10:07:48,卖,98.7250,1.0,9.87,98.7233,mm
8,10:08:02,买,98.7650,1.0,9.88,98.7680,mm
8,10:08:03,卖,98.7950,1.0,9.88,98.7984,mm
8,10:08:38,卖,98.9050,1.0,9.89,98.8995,mm
8,10:08:43,买,98.9000,1.0,9.89,98.9003,mm
8,10:09:14,买,98.8900,1.0,9.89,98.8958,mm
8,10:09:24,卖,98.8950,1.0,9.89,98.8924,mm
8,10:09:26,买,98.8750,1.0,9.89,98.8801,mm
8,10:09:27,卖,98.8850,1.0,9.89,98.8800,mm
8,10:10:08,买,98.8850,1.0,9.89,98.8851,mm
8,10:10:09,卖,98.8950,1.0,9.89,98.8991,mm
8,10:10:12,买,98.8900,1.0,9.89,98.8947,mm
8,10:10:26,卖,98.9250,1.0,9.89,98.9233,mm
8,10:10:38,卖,98.9250,1.0,9.89,98.9105,mm
8,10:10:45,买,98.9400,1.0,9.89,98.9418,mm
8,10:11:07,买,98.9000,1.0,9.89,98.9006,mm
8,10:11:12,卖,98.9000,1.0,9.89,98.9060,mm
8,10:11:23,买,98.8750,1.0,9.89,98.8811,mm
8,10:11:31,卖,98.8950,1.0,9.89,98.8873,mm
8,10:12:19,买,98.9000,1.0,9.89,98.9038,mm
8,10:12:34,买,98.8900,1.0,9.89,98.9029,mm
8,10:12:59,卖,98.9350,1.0,9.89,98.9377,mm
8,10:13:09,卖,98.9300,1.0,9.89,98.9257,mm
8,10:13:14,买,98.9150,1.0,9.89,98.9212,mm
8,10:14:10,卖,98.9050,1.0,9.89,98.8962,mm
8,10:14:16,卖,98.9050,1.0,9.89,98.8989,mm
8,10:14:30,买,98.8800,1.0,9.89,98.8838,mm
8,10:14:49,买,98.9200,1.0,9.89,98.9250,mm
8,10:14:57,卖,98.9500,1.0,9.90,98.9473,mm
8,10:15:08,卖,98.9700,1.0,9.90,98.9589,mm
8,10:15:09,买,98.9500,1.0,9.90,98.9557,mm
8,10:15:15,买,98.9350,1.0,9.89,98.9374,mm
8,10:15:31,卖,98.9350,1.0,9.89,98.9333,mm
8,10:15:48,卖,98.9700,1.0,9.90,98.9643,mm
8,10:15:49,买,98.9550,1.0,9.90,98.9515,mm
8,10:16:38,买,98.8900,1.0,9.89,98.8912,mm
8,10:16:57,卖,98.8850,1.0,9.89,98.8794,mm
8,10:17:01,卖,98.9100,1.0,9.89,98.9005,mm
8,10:17:06,买,98.8950,1.0,9.89,98.8999,mm
8,10:17:16,买,98.8950,1.0,9.89,98.8987,mm
8,10:17:18,卖,98.9050,1.0,9.89,98.8994,mm
8,10:17:29,卖,98.9250,1.0,9.89,98.9302,mm
8,10:17:35,买,98.9200,1.0,9.89,98.9257,mm
8,10:18:03,买,98.9350,1.0,9.89,98.9429,mm
8,10:18:12,卖,98.9650,1.0,9.90,98.9604,mm
8,10:18:39,卖,99.0600,1.0,9.91,99.0499,mm
8,10:18:46,买,99.0350,1.0,9.90,99.0409,mm
8,10:19:07,买,99.0200,1.0,9.90,99.0195,mm
8,10:19:10,卖,99.0250,1.0,9.90,99.0189,mm
8,10:19:25,买,99.0050,1.0,9.90,99.0110,mm
8,10:19:28,卖,99.0100,1.0,9.90,99.0093,mm
8,10:19:31,买,98.9800,1.0,9.90,98.9847,mm
8,10:19:32,卖,98.9950,1.0,9.90,98.9921,mm
8,10:19:53,卖,98.9900,1.0,9.90,98.9810,mm
8,10:20:14,买,99.0100,1.0,9.90,99.0150,mm
8,10:20:16,买,98.9950,1.0,9.90,99.0012,mm
8,10:20:21,卖,99.0100,1.0,9.90,99.0068,mm
8,10:20:38,买,99.0250,1.0,9.90,99.0292,mm
8,10:20:40,卖,99.0250,1.0,9.90,99.0224,mm
8,10:21:02,买,99.0350,1.0,9.90,99.0360,mm
8,10:21:21,卖,99.0650,1.0,9.91,99.0618,mm
8,10:21:27,买,99.0650,1.0,9.91,99.0673,mm
8,10:21:38,卖,99.0500,1.0,9.91,99.0559,mm
8,10:21:41,买,99.0450,1.0,9.90,99.0494,mm
8,10:21:50,卖,99.0800,1.0,9.91,99.0784,mm
8,10:22:16,买,99.1150,1.0,9.91,99.1182,mm
8,10:22:18,卖,99.1300,1.0,9.91,99.1253,mm
8,10:22:37,卖,99.1200,1.0,9.91,99.1094,mm
8,10:22:44,买,99.0950,1.0,9.91,99.0964,mm
8,10:22:49,卖,99.1150,1.0,9.91,99.1101,mm
8,10:22:53,买,99.0900,1.0,9.91,99.0938,mm
8,10:22:56,买,99.0750,1.0,9.91,99.0795,mm
8,10:22:58,卖,99.0900,1.0,9.91,99.0860,mm
8,10:23:05,卖,99.1200,1.0,9.91,99.1066,mm
8,10:23:10,买,99.1100,1.0,9.91,99.1136,mm
8,10:23:19,买,99.0950,1.0,9.91,99.1004,mm
8,10:23:26,卖,99.1000,1.0,9.91,99.0935,mm
8,10:23:39,买,99.1150,1.0,9.91,99.1205,mm
8,10:23:52,卖,99.1100,1.0,9.91,99.1025,mm
8,10:23:54,买,99.0850,1.0,9.91,99.0874,mm
8,10:24:04,卖,99.0550,1.0,9.91,99.0563,mm
8,10:24:14,买,99.0400,1.0,9.90,99.0434,mm
8,10:24:22,卖,99.0350,1.0,9.90,99.0318,mm
8,10:24:31,卖,99.0750,1.0,9.91,99.0602,mm
8,10:24:43,买,99.0500,1.0,9.91,99.0523,mm
8,10:24:53,卖,99.1100,1.0,9.91,99.1040,mm
8,10:24:59,买,99.1200,1.0,9.91,99.1248,mm
8,10:25:27,买,99.0900,1.0,9.91,99.0933,mm
8,10:25:45,买,99.0800,1.0,9.91,99.0922,mm
8,10:25:56,卖,99.1100,1.0,9.91,99.1067,mm
8,10:26:00,卖,99.1200,1.0,9.91,99.1174,mm
8,10:26:03,卖,99.1200,1.0,9.91,99.1161,mm
8,10:26:07,买,99.1000,1.0,9.91,99.1001,mm
8,10:26:16,买,99.1100,1.0,9.91,99.1143,mm
8,10:26:18,卖,99.1200,1.0,9.91,99.1189,mm
8,10:26:28,买,99.1250,1.0,9.91,99.1309,mm
8,10:26:40,卖,99.1200,1.0,9.91,99.1166,mm
8,10:26:41,买,99.0950,1.0,9.91,99.0939,mm
8,10:26:43,卖,99.1050,1.0,9.91,99.0960,mm
8,10:26:49,卖,99.1250,1.0,9.91,99.1182,mm
8,10:26:50,买,99.1050,1.0,9.91,99.1100,mm
8,10:26:52,卖,99.1250,1.0,9.91,99.1189,mm
8,10:27:07,买,99.1050,1.0,9.91,99.1077,mm
8,10:27:14,卖,99.1250,1.0,9.91,99.1170,mm
8,10:27:17,买,99.1050,1.0,9.91,99.1052,mm
8,10:27:24,卖,99.1150,1.0,9.91,99.1043,mm
8,10:27:33,买,99.1000,1.0,9.91,99.1037,mm
8,10:27:50,买,99.1000,1.0,9.91,99.1043,mm
8,10:27:52,卖,99.1250,1.0,9.91,99.1189,mm
8,10:27:56,买,99.1200,1.0,9.91,99.1155,mm
8,10:28:07,卖,99.1050,1.0,9.91,99.0988,mm
8,10:28:13,卖,99.1400,1.0,9.91,99.1370,mm
8,10:28:19,买,99.1600,1.0,9.92,99.1652,mm
8,10:28:31,卖,99.2050,1.0,9.92,99.2020,mm
8,10:28:33,买,99.1950,1.0,9.92,99.1985,mm
8,10:28:46,买,99.2350,1.0,9.92,99.2400,mm
8,10:28:57,卖,99.2100,1.0,9.92,99.2008,mm
8,10:29:01,买,99.1950,1.0,9.92,99.1998,mm
8,10:29:09,卖,99.2100,1.0,9.92,99.2070,mm
8,10:29:27,买,99.1800,1.0,9.92,99.1830,mm
8,10:29:32,卖,99.1900,1.0,9.92,99.1848,mm
8,10:29:33,卖,99.2000,1.0,9.92,99.1942,mm
8,10:29:34,买,99.1850,1.0,9.92,99.1910,mm
8,10:30:42,买,99.1300,1.0,9.91,99.1318,mm
8,10:30:49,卖,99.1350,1.0,9.91,99.1310,mm
8,10:30:53,买,99.1000,1.0,9.91,99.1043,mm
8,10:31:04,卖,99.0850,1.0,9.91,99.0772,mm
8,10:31:05,卖,99.0900,1.0,9.91,99.0891,mm
8,10:31:05,买,99.0800,1.0,9.91,99.0863,mm
8,10:31:17,卖,99.1150,1.0,9.91,99.1115,mm
8,10:31:22,买,99.0750,1.0,9.91,99.0747,mm
8,10:31:31,卖,99.0850,1.0,9.91,99.0790,mm
8,10:31:36,买,99.0750,1.0,9.91,99.0797,mm
8,10:31:43,买,99.0550,1.0,9.91,99.0570,mm
8,10:32:00,卖,99.0550,1.0,9.91,99.0605,mm
8,10:32:06,卖,99.0650,1.0,9.91,99.0543,mm
8,10:32:10,买,99.0550,1.0,9.91,99.0575,mm
8,10:32:17,买,99.0400,1.0,9.90,99.0462,mm
8,10:32:55,卖,99.0700,1.0,9.91,99.0754,mm
8,10:32:57,卖,99.0950,1.0,9.91,99.0875,mm
8,10:33:02,买,99.0650,1.0,9.91,99.0686,mm
8,10:33:04,卖,99.0750,1.0,9.91,99.0641,mm
8,10:33:32,买,99.0750,1.0,9.91,99.0748,mm
8,10:33:49,卖,99.1150,1.0,9.91,99.1118,mm
8,10:34:03,买,99.1000,1.0,9.91,99.1037,mm
8,10:34:27,卖,99.1600,1.0,9.92,99.1536,mm
8,10:34:32,买,99.1300,1.0,9.91,99.1349,mm
8,10:34:42,卖,99.1800,1.0,9.92,99.1699,mm
8,10:34:51,买,99.1650,1.0,9.92,99.1673,mm
8,10:35:03,卖,99.2000,1.0,9.92,99.1877,mm
8,10:35:14,买,99.1850,1.0,9.92,99.1882,mm
8,10:35:46,卖,99.2200,1.0,9.92,99.2167,mm
8,10:35:47,买,99.2100,1.0,9.92,99.2084,mm
8,10:35:55,买,99.1950,1.0,9.92,99.2004,mm
8,10:36:07,卖,99.2250,1.0,9.92,99.2188,mm
8,10:36:09,卖,99.2300,1.0,9.92,99.2254,mm
8,10:36:12,买,99.2250,1.0,9.92,99.2292,mm
8,10:36:14,卖,99.2450,1.0,9.92,99.2392,mm
8,10:36:17,买,99.2350,1.0,9.92,99.2352,mm
8,10:36:21,买,99.2200,1.0,9.92,99.2227,mm
8,10:36:31,卖,99.2050,1.0,9.92,99.2034,mm
8,10:36:35,卖,99.2150,1.0,9.92,99.2112,mm
8,10:36:37,买,99.2000,1.0,9.92,99.2029,mm
8,10:36:37,买,99.1900,1.0,9.92,99.1961,mm
8,10:36:49,卖,99.1750,1.0,9.92,99.1725,mm
8,10:36:55,卖,99.1700,1.0,9.92,99.1732,mm
8,10:37:03,买,99.1550,1.0,9.92,99.1592,mm
8,10:37:13,卖,99.1950,1.0,9.92,99.1930,mm
8,10:37:20,买,99.2000,1.0,9.92,99.2021,mm
8,10:37:27,买,99.1800,1.0,9.92,99.1836,mm
8,10:37:31,卖,99.2000,1.0,9.92,99.1959,mm
8,10:37:56,卖,99.2500,1.0,9.93,99.2476,mm
8,10:37:59,买,99.2550,1.0,9.93,99.2610,mm
8,10:38:00,买,99.2500,1.0,9.93,99.2554,mm
8,10:38:05,卖,99.2600,1.0,9.93,99.2565,mm
8,10:38:14,卖,99.2850,1.0,9.93,99.2797,mm
8,10:38:30,买,99.2950,1.0,9.93,99.2989,mm
8,10:38:37,卖,99.3200,1.0,9.93,99.3146,mm
8,10:38:45,买,99.3250,1.0,9.93,99.3286,mm
8,10:39:14,买,99.3300,1.0,9.93,99.3350,mm
8,10:39:22,卖,99.3450,1.0,9.93,99.3403,mm
8,10:39:34,买,99.3250,1.0,9.93,99.3294,mm
8,10:39:40,卖,99.3450,1.0,9.93,99.3402,mm
8,10:39:41,买,99.3300,1.0,9.93,99.3424,mm
8,10:39:55,卖,99.3250,1.0,9.93,99.3188,mm
8,10:40:09,卖,99.3700,1.0,9.94,99.3725,mm
8,10:40:17,买,99.3850,1.0,9.94,99.3867,mm
8,10:40:35,卖,99.4100,1.0,9.94,99.4048,mm
8,10:40:36,买,99.3850,1.0,9.94,99.3856,mm
8,10:40:38,卖,99.4100,1.0,9.94,99.4007,mm
8,10:40:44,买,99.3850,1.0,9.94,99.3909,mm
8,10:40:48,买,99.3700,1.0,9.94,99.3744,mm
8,10:40:59,卖,99.3600,1.0,9.94,99.3639,mm
8,10:41:00,卖,99.3800,1.0,9.94,99.3774,mm
8,10:41:17,买,99.3800,1.0,9.94,99.3826,mm
8,10:41:31,买,99.3450,1.0,9.93,99.3435,mm
8,10:41:33,卖,99.3550,1.0,9.94,99.3445,mm
8,10:41:46,卖,99.3500,1.0,9.94,99.3443,mm
8,10:41:56,买,99.3250,1.0,9.93,99.3267,mm
8,10:42:15,买,99.2900,1.0,9.93,99.2957,mm
8,10:42:23,卖,99.3050,1.0,9.93,99.2988,mm
8,10:42:39,卖,99.3150,1.0,9.93,99.3119,mm
8,10:42:53,买,99.3050,1.0,9.93,99.3073,mm
8,10:43:02,买,99.2800,1.0,9.93,99.2845,mm
8,10:43:03,卖,99.2950,1.0,9.93,99.2952,mm
8,10:43:08,卖,99.3100,1.0,9.93,99.3038,mm
8,10:43:10,买,99.2800,1.0,9.93,99.2844,mm
8,10:43:22,卖,99.3050,1.0,9.93,99.2994,mm
8,10:43:25,买,99.2850,1.0,9.93,99.2886,mm
8,10:43:27,卖,99.2950,1.0,9.93,99.2860,mm
8,10:43:38,买,99.2650,1.0,9.93,99.2673,mm
8,10:43:38,卖,99.2800,1.0,9.93,99.2744,mm
8,10:43:41,买,99.2600,1.0,9.93,99.2652,mm
8,10:43:48,卖,99.2600,1.0,9.93,99.2566,mm
8,10:43:54,买,99.2700,1.0,9.93,99.2749,mm
8,10:44:35,卖,99.3150,1.0,9.93,99.3100,mm
8,10:44:41,买,99.3000,1.0,9.93,99.3104,mm
8,10:44:49,买,99.2650,1.0,9.93,99.2705,mm
8,10:44:58,卖,99.2800,1.0,9.93,99.2695,mm
8,10:45:11,买,99.2650,1.0,9.93,99.2757,mm
8,10:45:16,卖,99.2550,1.0,9.93,99.2514,mm
8,10:45:24,买,99.2200,1.0,9.92,99.2234,mm
8,10:45:24,卖,99.2350,1.0,9.92,99.2312,mm
8,10:45:29,卖,99.2150,1.0,9.92,99.2166,mm
8,10:45:35,买,99.1950,1.0,9.92,99.2009,mm
8,10:45:43,买,99.1800,1.0,9.92,99.1821,mm
8,10:45:58,卖,99.1800,1.0,9.92,99.1734,mm
8,10:46:03,买,99.1600,1.0,9.92,99.1498,mm
8,10:46:12,卖,99.1300,1.0,9.91,99.1329,mm
8,10:46:15,卖,99.1450,1.0,9.91,99.1418,mm
8,10:46:22,买,99.1200,1.0,9.91,99.1230,mm
8,10:46:31,买,99.1200,1.0,9.91,99.1173,mm
8,10:46:38,卖,99.1300,1.0,9.91,99.1255,mm
8,10:47:37,买,99.1450,1.0,9.91,99.1448,mm
8,10:47:43,卖,99.1450,1.0,9.91,99.1433,mm
8,10:48:06,买,99.1600,1.0,9.92,99.1607,mm
8,10:48:18,卖,99.1700,1.0,9.92,99.1679,mm
8,10:48:27,买,99.1550,1.0,9.92,99.1583,mm
8,10:48:28,卖,99.1700,1.0,9.92,99.1596,mm
8,10:48:29,卖,99.1850,1.0,9.92,99.1689,mm
8,10:48:30,卖,99.1850,1.0,9.92,99.1734,mm
8,10:48:40,买,99.1800,1.0,9.92,99.1811,mm
8,10:48:41,买,99.1700,1.0,9.92,99.1761,mm
8,10:49:10,卖,99.1400,1.0,9.91,99.1326,mm
8,10:49:13,买,99.1200,1.0,9.91,99.1229,mm
8,10:49:15,买,99.1050,1.0,9.91,99.1099,mm
8,10:49:17,卖,99.1200,1.0,9.91,99.1245,mm
8,10:49:19,买,99.1050,1.0,9.91,99.1093,mm
8,10:49:26,卖,99.1150,1.0,9.91,99.1127,mm
8,10:49:49,卖,99.1050,1.0,9.91,99.0988,mm
8,10:49:50,买,99.0950,1.0,9.91,99.0995,mm
8,10:49:59,卖,99.1250,1.0,9.91,99.1168,mm
8,10:50:04,买,99.1000,1.0,9.91,99.1030,mm
8,10:50:16,买,99.0850,1.0,9.91,99.0881,mm
8,10:50:29,卖,99.0800,1.0,9.91,99.0768,mm
8,10:50:36,卖,99.0850,1.0,9.91,99.0796,mm
8,10:50:43,买,99.0900,1.0,9.91,99.0933,mm
8,10:50:49,卖,99.1050,1.0,9.91,99.0903,mm
8,10:50:59,卖,99.1100,1.0,9.91,99.0926,mm
8,10:51:03,买,99.0800,1.0,9.91,99.0905,mm
8,10:51:11,买,99.0550,1.0,9.91,99.0578,mm
8,10:51:33,买,99.0400,1.0,9.90,99.0394,mm
8,10:51:40,卖,99.0550,1.0,9.91,99.0525,mm
8,10:51:42,卖,99.0700,1.0,9.91,99.0644,mm
8,10:51:45,买,99.0500,1.0,9.91,99.0524,mm
8,10:51:50,卖,99.0700,1.0,9.91,99.0668,mm
8,10:51:51,买,99.0550,1.0,9.91,99.0606,mm
8,10:51:53,卖,99.0700,1.0,9.91,99.0604,mm
8,10:51:56,买,99.0450,1.0,9.90,99.0510,mm
8,10:52:25,买,99.0000,1.0,9.90,99.0062,mm
8,10:52:35,卖,99.0250,1.0,9.90,99.0272,mm
8,10:52:46,买,99.0050,1.0,9.90,99.0055,mm
8,10:52:48,卖,99.0050,1.0,9.90,99.0032,mm
8,10:53:01,买,98.9800,1.0,9.90,98.9811,mm
8,10:53:07,卖,98.9800,1.0,9.90,98.9746,mm
8,10:53:18,买,98.9550,1.0,9.90,98.9592,mm
8,10:53:35,卖,98.9500,1.0,9.90,98.9443,mm
8,10:53:36,卖,98.9550,1.0,9.90,98.9598,mm
8,10:53:37,买,98.9500,1.0,9.90,98.9532,mm
8,10:54:00,卖,99.0000,1.0,9.90,98.9971,mm
8,10:54:15,买,98.9850,1.0,9.90,98.9870,mm
8,10:54:23,卖,98.9900,1.0,9.90,98.9840,mm
8,10:54:26,买,98.9750,1.0,9.90,98.9761,mm
8,10:54:30,买,98.9600,1.0,9.90,98.9601,mm
8,10:54:33,卖,98.9700,1.0,9.90,98.9668,mm
8,10:54:35,卖,98.9950,1.0,9.90,98.9948,mm
8,10:54:37,买,98.9750,1.0,9.90,98.9799,mm
8,10:54:54,卖,98.9800,1.0,9.90,98.9831,mm
8,10:54:55,买,98.9650,1.0,9.90,98.9701,mm
8,10:54:57,买,98.9550,1.0,9.90,98.9610,mm
8,10:55:08,买,98.9200,1.0,9.89,98.9225,mm
8,10:55:12,卖,98.9200,1.0,9.89,98.9124,mm
8,10:55:27,卖,98.9100,1.0,9.89,98.9074,mm
8,10:55:30,买,98.9050,1.0,9.89,98.9103,mm
8,10:55:35,卖,98.9200,1.0,9.89,98.9160,mm
8,10:55:41,买,98.8900,1.0,9.89,98.8948,mm
8,10:55:44,卖,98.9100,1.0,9.89,98.9082,mm
8,10:55:58,买,98.8950,1.0,9.89,98.8921,mm
8,10:56:00,卖,98.9050,1.0,9.89,98.9060,mm
8,10:56:12,卖,98.9300,1.0,9.89,98.9285,mm
8,10:56:15,买,98.9300,1.0,9.89,98.9327,mm
8,10:56:22,卖,98.9400,1.0,9.89,98.9295,mm
8,10:56:23,买,98.9200,1.0,9.89,98.9224,mm
8,10:56:30,买,98.9150,1.0,9.89,98.9301,mm
8,10:56:33,卖,98.9400,1.0,9.89,98.9413,mm
8,10:56:48,卖,98.8900,1.0,9.89,98.8937,mm
8,10:56:54,买,98.8850,1.0,9.89,98.8895,mm
8,10:57:01,买,98.8850,1.0,9.89,98.8847,mm
8,10:57:22,卖,98.8850,1.0,9.89,98.8818,mm
8,10:57:36,卖,98.8750,1.0,9.89,98.8731,mm
8,10:57:38,买,98.8750,1.0,9.89,98.8801,mm
8,10:57:43,买,98.8700,1.0,9.89,98.8745,mm
8,10:57:51,买,98.8450,1.0,9.88,98.8484,mm
8,10:57:59,卖,98.8650,1.0,9.89,98.8632,mm
8,10:58:07,卖,98.8500,1.0,9.89,98.8490,mm
8,10:58:16,卖,98.8800,1.0,9.89,98.8832,mm
8,10:58:19,买,98.8800,1.0,9.89,98.8847,mm
8,10:58:53,卖,98.9150,1.0,9.89,98.9088,mm
8,10:59:00,买,98.8950,1.0,9.89,98.8980,mm
8,10:59:18,卖,98.9100,1.0,9.89,98.8996,mm
8,10:59:20,买,98.8850,1.0,9.89,98.8876,mm
8,10:59:22,卖,98.9050,1.0,9.89,98.9073,mm
8,10:59:26,买,98.9100,1.0,9.89,98.9147,mm
8,10:59:45,卖,98.9550,1.0,9.90,98.9574,mm
8,10:59:48,买,98.9450,1.0,9.89,98.9512,mm
8,11:00:08,卖,99.0100,1.0,9.90,99.0049,mm
8,11:00:18,买,98.9900,1.0,9.90,98.9910,mm
8,11:00:22,买,98.9850,1.0,9.90,98.9872,mm
8,11:00:44,卖,99.0000,1.0,9.90,98.9984,mm
8,11:00:48,买,99.0000,1.0,9.90,98.9992,mm
8,11:00:59,卖,99.0250,1.0,9.90,99.0216,mm
8,11:01:01,买,99.0100,1.0,9.90,99.0153,mm
8,11:01:05,卖,99.0350,1.0,9.90,99.0363,mm
8,11:01:06,买,99.0200,1.0,9.90,99.0235,mm
8,11:01:21,买,99.0050,1.0,9.90,99.0099,mm
8,11:01:22,卖,99.0150,1.0,9.90,99.0142,mm
8,11:01:28,卖,99.0150,1.0,9.90,99.0116,mm
8,11:01:46,卖,99.0200,1.0,9.90,99.0178,mm
8,11:01:58,买,99.0100,1.0,9.90,99.0103,mm
8,11:02:03,买,98.9900,1.0,9.90,98.9916,mm
8,11:02:15,卖,99.0050,1.0,9.90,99.0091,mm
8,11:02:27,卖,99.0350,1.0,9.90,99.0377,mm
8,11:02:32,买,99.0450,1.0,9.90,99.0472,mm
8,11:02:33,买,99.0400,1.0,9.90,99.0461,mm
8,11:02:34,买,99.0300,1.0,9.90,99.0352,mm
8,11:02:40,卖,99.0400,1.0,9.90,99.0361,mm
8,11:03:02,卖,99.0650,1.0,9.91,99.0620,mm
8,11:03:03,买,99.0500,1.0,9.91,99.0437,mm
8,11:03:13,卖,99.0500,1.0,9.91,99.0483,mm
8,11:03:34,买,99.0650,1.0,9.91,99.0764,mm
8,11:03:35,卖,99.0850,1.0,9.91,99.0786,mm
8,11:03:37,卖,99.1050,1.0,9.91,99.1015,mm
8,11:03:41,买,99.1050,1.0,9.91,99.1099,mm
8,11:03:42,买,99.1050,1.0,9.91,99.1098,mm
8,11:03:46,卖,99.1300,1.0,9.91,99.1274,mm
8,11:04:14,买,99.1050,1.0,9.91,99.1103,mm
8,11:04:16,卖,99.1200,1.0,9.91,99.1199,mm
8,11:04:25,卖,99.1200,1.0,9.91,99.1113,mm
8,11:04:27,买,99.1000,1.0,9.91,99.1000,mm
8,11:04:39,买,99.0900,1.0,9.91,99.0950,mm
8,11:04:56,卖,99.0750,1.0,9.91,99.0749,mm
8,11:04:57,买,99.0600,1.0,9.91,99.0579,mm
8,11:05:03,卖,99.0650,1.0,9.91,99.0615,mm
8,11:05:10,卖,99.0700,1.0,9.91,99.0600,mm
8,11:05:26,卖,99.0800,1.0,9.91,99.0757,mm
8,11:05:30,买,99.0550,1.0,9.91,99.0612,mm
8,11:05:40,买,99.0600,1.0,9.91,99.0642,mm
8,11:05:50,卖,99.0650,1.0,9.91,99.0536,mm
8,11:05:53,买,99.0350,1.0,9.90,99.0364,mm
8,11:06:16,卖,99.0500,1.0,9.91,99.0479,mm
8,11:06:23,买,99.0350,1.0,9.90,99.0405,mm
8,11:06:24,买,99.0250,1.0,9.90,99.0263,mm
8,11:06:28,买,99.0100,1.0,9.90,99.0281,mm
8,11:06:28,卖,99.0350,1.0,9.90,99.0290,mm
8,11:06:45,卖,99.0550,1.0,9.91,99.0500,mm
8,11:07:03,卖,99.0650,1.0,9.91,99.0614,mm
8,11:07:06,买,99.0450,1.0,9.90,99.0503,mm
8,11:07:17,卖,99.1000,1.0,9.91,99.1001,mm
8,11:07:25,买,99.0950,1.0,9.91,99.0954,mm
8,11:07:49,买,99.1100,1.0,9.91,99.1101,mm
8,11:08:02,卖,99.1350,1.0,9.91,99.1303,mm
8,11:08:07,买,99.1100,1.0,9.91,99.1109,mm
8,11:08:15,卖,99.1300,1.0,9.91,99.1323,mm
8,11:08:28,买,99.1050,1.0,9.91,99.1070,mm
8,11:08:34,卖,99.0950,1.0,9.91,99.0909,mm
8,11:08:51,卖,99.1050,1.0,9.91,99.0970,mm
8,11:08:52,买,99.0900,1.0,9.91,99.1011,mm
8,11:08:59,买,99.0800,1.0,9.91,99.0844,mm
8,11:09:19,卖,99.0900,1.0,9.91,99.0881,mm
8,11:09:25,卖,99.1000,1.0,9.91,99.0978,mm
8,11:09:31,买,99.0800,1.0,9.91,99.0895,mm
8,11:09:36,买,99.0750,1.0,9.91,99.0807,mm
8,11:09:41,卖,99.0900,1.0,9.91,99.0941,mm
8,11:09:45,买,99.0750,1.0,9.91,99.0796,mm
8,11:09:54,卖,99.0800,1.0,9.91,99.0768,mm
8,11:10:33,买,99.0950,1.0,9.91,99.1010,mm
8,11:10:45,卖,99.0700,1.0,9.91,99.0665,mm
8,11:10:50,卖,99.0650,1.0,9.91,99.0619,mm
8,11:10:53,买,99.0550,1.0,9.91,99.0576,mm
8,11:11:21,买,99.0250,1.0,9.90,99.0207,mm
8,11:11:27,卖,99.0400,1.0,9.90,99.0391,mm
8,11:11:31,卖,99.0400,1.0,9.90,99.0273,mm
8,11:11:33,买,99.0150,1.0,9.90,99.0171,mm
8,11:11:34,卖,99.0300,1.0,9.90,99.0357,mm
8,11:11:42,买,99.0200,1.0,9.90,99.0243,mm
8,11:11:56,买,99.0050,1.0,9.90,99.0064,mm
8,11:11:58,卖,99.0150,1.0,9.90,99.0127,mm
8,11:12:13,卖,99.0300,1.0,9.90,99.0332,mm
8,11:12:22,买,99.0250,1.0,9.90,99.0272,mm
8,11:12:39,卖,99.0200,1.0,9.90,99.0135,mm
8,11:12:41,买,99.0100,1.0,9.90,99.0148,mm
8,11:12:42,卖,99.0300,1.0,9.90,99.0247,mm
8,11:12:51,买,99.0050,1.0,9.90,99.0078,mm
8,11:12:57,买,98.9950,1.0,9.90,98.9953,mm
8,11:13:13,卖,98.9950,1.0,9.90,98.9893,mm
8,11:13:16,卖,98.9900,1.0,9.90,98.9872,mm
8,11:13:18,买,98.9700,1.0,9.90,98.9730,mm
8,11:13:24,卖,98.9700,1.0,9.90,98.9627,mm
8,11:13:33,买,98.9700,1.0,9.90,98.9788,mm
8,11:13:49,买,98.9650,1.0,9.90,98.9694,mm
8,11:13:52,卖,98.9750,1.0,9.90,98.9708,mm
8,11:13:54,卖,98.9850,1.0,9.90,98.9825,mm
8,11:13:57,买,98.9700,1.0,9.90,98.9723,mm
8,11:13:58,卖,98.9850,1.0,9.90,98.9792,mm
8,11:14:06,卖,99.0150,1.0,9.90,98.9941,mm
8,11:14:07,卖,99.0150,1.0,9.90,98.9910,mm
8,11:14:08,卖,99.0150,1.0,9.90,98.9990,mm
8,11:14:15,买,99.0000,1.0,9.90,98.9997,mm
8,11:14:15,买,98.9850,1.0,9.90,98.9836,mm
8,11:14:22,买,98.9850,1.0,9.90,98.9861,mm
8,11:14:22,买,98.9750,1.0,9.90,98.9731,mm
8,11:14:31,买,98.9800,1.0,9.90,98.9860,mm
8,11:14:34,买,98.9650,1.0,9.90,98.9696,mm
8,11:14:35,卖,98.9850,1.0,9.90,98.9870,mm
8,11:14:51,买,98.9150,1.0,9.89,98.9208,mm
8,11:14:57,卖,98.9350,1.0,9.89,98.9364,mm
8,11:15:14,卖,98.9050,1.0,9.89,98.8967,mm
8,11:15:30,买,98.8850,1.0,9.89,98.8912,mm
8,11:15:39,卖,98.9000,1.0,9.89,98.9003,mm
8,11:15:52,买,98.8450,1.0,9.88,98.8490,mm
8,11:16:21,买,98.8150,1.0,9.88,98.8173,mm
8,11:16:22,卖,98.8350,1.0,9.88,98.8315,mm
8,11:16:46,卖,98.8650,1.0,9.89,98.8557,mm
8,11:16:48,卖,98.8650,1.0,9.89,98.8506,mm
8,11:16:52,买,98.8250,1.0,9.88,98.8296,mm
8,11:16:58,卖,98.8550,1.0,9.89,98.8420,mm
8,11:17:03,买,98.8250,1.0,9.88,98.8298,mm
8,11:17:22,买,98.8400,1.0,9.88,98.8461,mm
8,11:17:33,卖,98.8450,1.0,9.88,98.8397,mm
8,11:17:42,买,98.8250,1.0,9.88,98.8296,mm
8,11:18:06,卖,98.8200,1.0,9.88,98.8138,mm
8,11:18:14,卖,98.8450,1.0,9.88,98.8415,mm
8,11:18:21,买,98.8300,1.0,9.88,98.8299,mm
8,11:18:29,买,98.8200,1.0,9.88,98.8192,mm
8,11:18:40,卖,98.7750,1.0,9.88,98.7700,mm
8,11:18:42,买,98.7600,1.0,9.88,98.7648,mm
8,11:18:44,卖,98.7800,1.0,9.88,98.7761,mm
8,11:19:10,买,98.7600,1.0,9.88,98.7662,mm
8,11:19:12,卖,98.7800,1.0,9.88,98.7739,mm
8,11:19:16,买,98.7700,1.0,9.88,98.7759,mm
8,11:19:24,卖,98.8050,1.0,9.88,98.8029,mm
8,11:19:26,卖,98.8200,1.0,9.88,98.8141,mm
8,11:19:27,卖,98.8300,1.0,9.88,98.8259,mm
8,11:19:29,买,98.8400,1.0,9.88,98.8394,mm
8,11:19:32,买,98.8250,1.0,9.88,98.8279,mm
8,11:19:34,卖,98.8450,1.0,9.88,98.8451,mm
8,11:19:37,买,98.8300,1.0,9.88,98.8353,mm
8,11:19:42,卖,98.8350,1.0,9.88,98.8325,mm
8,11:19:45,买,98.8200,1.0,9.88,98.8237,mm
8,11:19:54,卖,98.8400,1.0,9.88,98.8294,mm
8,11:19:58,买,98.8150,1.0,9.88,98.8203,mm
8,11:20:05,买,98.8200,1.0,9.88,98.8250,mm
8,11:20:09,卖,98.8250,1.0,9.88,98.8171,mm
8,11:20:18,卖,98.8250,1.0,9.88,98.8188,mm
8,11:20:30,买,98.8100,1.0,9.88,98.8143,mm
8,11:20:34,卖,98.8250,1.0,9.88,98.8265,mm
8,11:20:43,买,98.8300,1.0,9.88,98.8288,mm
8,11:20:48,买,98.8050,1.0,9.88,98.8093,mm
8,11:20:48,卖,98.8200,1.0,9.88,98.8168,mm
8,11:20:57,卖,98.8450,1.0,9.88,98.8340,mm
8,11:21:00,买,98.8250,1.0,9.88,98.8274,mm
8,11:21:36,卖,98.8500,1.0,9.89,98.8577,mm
8,11:21:38,买,98.8500,1.0,9.89,98.8553,mm
8,11:21:39,买,98.8450,1.0,9.88,98.8473,mm
8,11:21:49,卖,98.8700,1.0,9.89,98.8642,mm
8,11:22:09,卖,98.9050,1.0,9.89,98.9016,mm
8,11:22:15,买,98.8950,1.0,9.89,98.9086,mm
8,11:22:18,买,98.8850,1.0,9.89,98.8972,mm
8,11:22:25,买,98.8950,1.0,9.89,98.9101,mm
8,11:22:47,卖,98.8700,1.0,9.89,98.8771,mm
8,11:22:54,卖,98.8800,1.0,9.89,98.8793,mm
8,11:23:01,买,98.8650,1.0,9.89,98.8702,mm
8,11:23:11,卖,98.8500,1.0,9.89,98.8535,mm
8,11:23:14,买,98.8300,1.0,9.88,98.8309,mm
8,11:24:12,卖,98.7450,1.0,9.87,98.7390,mm
8,11:24:30,买,98.7650,1.0,9.88,98.7617,mm
8,11:24:36,卖,98.7450,1.0,9.87,98.7298,mm
8,11:24:36,卖,98.7450,1.0,9.87,98.7308,mm
8,11:24:40,卖,98.7500,1.0,9.88,98.7464,mm
8,11:24:45,买,98.7500,1.0,9.88,98.7471,mm
8,11:24:48,买,98.7450,1.0,9.87,98.7501,mm
8,11:24:57,买,98.7200,1.0,9.87,98.7211,mm
8,11:25:05,买,98.6900,1.0,9.87,98.6953,mm
8,11:25:08,卖,98.6950,1.0,9.87,98.6975,mm
8,11:25:12,卖,98.7050,1.0,9.87,98.7010,mm
8,11:25:14,买,98.6850,1.0,9.87,98.6862,mm
8,11:25:15,卖,98.6950,1.0,9.87,98.7004,mm
8,11:25:19,买,98.7000,1.0,9.87,98.6974,mm
8,11:26:01,卖,98.6550,1.0,9.87,98.6523,mm
8,11:26:02,买,98.6350,1.0,9.86,98.6274,mm
8,11:26:03,卖,98.6400,1.0,9.86,98.6418,mm
8,11:26:11,卖,98.6450,1.0,9.86,98.6372,mm
8,11:26:24,买,98.6150,1.0,9.86,98.6197,mm
8,11:26:25,卖,98.6300,1.0,9.86,98.6264,mm
8,11:26:37,买,98.5950,1.0,9.86,98.5981,mm
8,11:26:56,卖,98.6250,1.0,9.86,98.6197,mm
8,11:27:07,买,98.6450,1.0,9.86,98.6446,mm
8,11:27:46,卖,98.6650,1.0,9.87,98.6543,mm
8,11:27:49,买,98.6500,1.0,9.87,98.6619,mm
8,11:28:08,卖,98.6600,1.0,9.87,98.6578,mm
8,11:28:27,买,98.6500,1.0,9.87,98.6561,mm
8,11:28:30,卖,98.6650,1.0,9.87,98.6624,mm
8,11:28:31,买,98.6500,1.0,9.87,98.6562,mm
8,11:28:59,卖,98.7050,1.0,9.87,98.7054,mm
8,11:29:31,买,98.7450,1.0,9.87,98.7492,mm
8,11:29:36,买,98.7350,1.0,9.87,98.7383,mm
8,11:29:43,卖,98.7400,1.0,9.87,98.7404,mm
8,11:29:46,买,98.7250,1.0,9.87,98.7272,mm
8,11:29:52,卖,98.7250,1.0,9.87,98.7207,mm
8,11:29:54,买,98.7100,1.0,9.87,98.7148,mm
8,13:00:11,卖,98.7150,1.0,9.87,98.7091,mm
8,13:00:22,卖,98.7200,1.0,9.87,98.7178,mm
8,13:00:30,卖,98.7400,1.0,9.87,98.7381,mm
8,13:00:32,买,98.7300,1.0,9.87,98.7269,mm
8,13:00:38,买,98.7400,1.0,9.87,98.7434,mm
8,13:00:40,买,98.7300,1.0,9.87,98.7358,mm
8,13:00:42,卖,98.7450,1.0,9.87,98.7427,mm
8,13:01:11,卖,98.7100,1.0,9.87,98.7051,mm
8,13:01:21,买,98.7300,1.0,9.87,98.7349,mm
8,13:01:41,买,98.7100,1.0,9.87,98.7236,mm
8,13:02:01,卖,98.7100,1.0,9.87,98.7038,mm
8,13:02:04,卖,98.7150,1.0,9.87,98.7090,mm
8,13:02:05,买,98.6950,1.0,9.87,98.6947,mm
8,13:02:11,买,98.6900,1.0,9.87,98.6956,mm
8,13:02:11,卖,98.7050,1.0,9.87,98.7014,mm
8,13:02:14,买,98.6850,1.0,9.87,98.6901,mm
8,13:02:17,买,98.6800,1.0,9.87,98.6845,mm
8,13:02:21,卖,98.6950,1.0,9.87,98.6988,mm
8,13:02:27,卖,98.7250,1.0,9.87,98.7164,mm
8,13:02:31,卖,98.7200,1.0,9.87,98.7172,mm
8,13:02:32,买,98.7150,1.0,9.87,98.7183,mm
8,13:03:02,卖,98.7700,1.0,9.88,98.7652,mm
8,13:03:20,买,98.7750,1.0,9.88,98.7800,mm
8,13:03:38,卖,98.7900,1.0,9.88,98.7838,mm
8,13:03:45,卖,98.7800,1.0,9.88,98.7703,mm
8,13:03:48,买,98.7550,1.0,9.88,98.7567,mm
8,13:03:52,卖,98.7550,1.0,9.88,98.7404,mm
8,13:03:54,买,98.7250,1.0,9.87,98.7266,mm
8,13:03:54,买,98.7100,1.0,9.87,98.7096,mm
8,13:04:03,卖,98.7150,1.0,9.87,98.7108,mm
8,13:04:06,买,98.7150,1.0,9.87,98.7181,mm
8,13:04:19,买,98.6900,1.0,9.87,98.6921,mm
8,13:04:23,卖,98.7000,1.0,9.87,98.6973,mm
8,13:04:31,卖,98.7100,1.0,9.87,98.7035,mm
8,13:04:31,买,98.6950,1.0,9.87,98.6956,mm
8,13:04:38,卖,98.7100,1.0,9.87,98.7050,mm
8,13:04:41,买,98.6900,1.0,9.87,98.6942,mm
8,13:05:04,买,98.7050,1.0,9.87,98.7101,mm
8,13:05:06,卖,98.7200,1.0,9.87,98.7094,mm
8,13:05:25,卖,98.7250,1.0,9.87,98.7186,mm
8,13:05:37,买,98.7100,1.0,9.87,98.7170,mm
8,13:05:43,买,98.6950,1.0,9.87,98.6993,mm
8,13:05:51,卖,98.7250,1.0,9.87,98.7227,mm
8,13:05:56,卖,98.7600,1.0,9.88,98.7563,mm
8,13:06:02,买,98.7700,1.0,9.88,98.7670,mm
8,13:06:17,买,98.7850,1.0,9.88,98.7982,mm
8,13:06:28,卖,98.7750,1.0,9.88,98.7799,mm
8,13:06:33,卖,98.7800,1.0,9.88,98.7749,mm
8,13:06:34,买,98.7600,1.0,9.88,98.7628,mm
8,13:06:35,买,98.7500,1.0,9.88,98.7539,mm
8,13:06:47,卖,98.7600,1.0,9.88,98.7575,mm
8,13:06:51,买,98.7400,1.0,9.87,98.7453,mm
8,13:06:58,卖,98.7450,1.0,9.87,98.7376,mm
8,13:07:31,卖,98.8000,1.0,9.88,98.7913,mm
8,13:07:51,买,98.8400,1.0,9.88,98.8455,mm
8,13:07:58,卖,98.8350,1.0,9.88,98.8350,mm
8,13:08:16,买,98.8450,1.0,9.88,98.8496,mm
8,13:08:56,卖,98.8600,1.0,9.89,98.8637,mm
8,13:09:00,买,98.8550,1.0,9.89,98.8563,mm
8,13:09:24,卖,98.8600,1.0,9.89,98.8565,mm
8,13:09:26,买,98.8500,1.0,9.89,98.8548,mm
8,13:09:32,买,98.8300,1.0,9.88,98.8333,mm
8,13:09:34,卖,98.8450,1.0,9.88,98.8414,mm
8,13:09:48,卖,98.8750,1.0,9.89,98.8749,mm
8,13:09:58,买,98.8500,1.0,9.89,98.8550,mm
8,13:09:59,买,98.8400,1.0,9.88,98.8431,mm
8,13:10:01,卖,98.8550,1.0,9.89,98.8525,mm
8,13:10:11,买,98.8550,1.0,9.89,98.8561,mm
8,13:10:12,卖,98.8650,1.0,9.89,98.8632,mm
8,13:10:13,买,98.8500,1.0,9.89,98.8535,mm
8,13:10:31,卖,98.8300,1.0,9.88,98.8355,mm
8,13:10:43,卖,98.8500,1.0,9.89,98.8474,mm
8,13:10:53,卖,98.8650,1.0,9.89,98.8507,mm
8,13:10:53,买,98.8450,1.0,9.88,98.8481,mm
8,13:10:58,买,98.8550,1.0,9.89,98.8585,mm
8,13:11:05,买,98.8200,1.0,9.88,98.8192,mm
8,13:11:06,买,98.8000,1.0,9.88,98.8055,mm
8,13:11:12,卖,98.7900,1.0,9.88,98.7824,mm
8,13:11:18,卖,98.7850,1.0,9.88,98.7794,mm
8,13:11:19,买,98.7650,1.0,9.88,98.7699,mm
8,13:11:21,卖,98.7850,1.0,9.88,98.7778,mm
8,13:11:25,卖,98.7750,1.0,9.88,98.7679,mm
8,13:11:36,买,98.7500,1.0,9.88,98.7560,mm
8,13:11:43,买,98.7250,1.0,9.87,98.7172,mm
8,13:12:14,卖,98.7200,1.0,9.87,98.7184,mm
8,13:12:25,卖,98.7550,1.0,9.88,98.7451,mm
8,13:12:28,买,98.7350,1.0,9.87,98.7403,mm
8,13:12:29,买,98.7200,1.0,9.87,98.7226,mm
8,13:12:34,卖,98.7300,1.0,9.87,98.7200,mm
8,13:12:46,买,98.7200,1.0,9.87,98.7211,mm
8,13:12:53,卖,98.7450,1.0,9.87,98.7436,mm
8,13:12:53,卖,98.7600,1.0,9.88,98.7477,mm
8,13:13:29,买,98.7450,1.0,9.87,98.7466,mm
8,13:13:35,卖,98.7700,1.0,9.88,98.7628,mm
8,13:13:36,买,98.7500,1.0,9.88,98.7561,mm
8,13:13:51,卖,98.7850,1.0,9.88,98.7767,mm
8,13:13:54,买,98.7800,1.0,9.88,98.7846,mm
8,13:14:26,买,98.7600,1.0,9.88,98.7628,mm
8,13:14:34,卖,98.7550,1.0,9.88,98.7602,mm
8,13:14:38,卖,98.7900,1.0,9.88,98.7817,mm
8,13:14:56,买,98.7850,1.0,9.88,98.7912,mm
8,13:15:04,买,98.7750,1.0,9.88,98.7749,mm
8,13:15:26,卖,98.7950,1.0,9.88,98.7891,mm
8,13:15:30,卖,98.7900,1.0,9.88,98.7855,mm
8,13:15:32,买,98.7750,1.0,9.88,98.7805,mm
8,13:15:54,买,98.7400,1.0,9.87,98.7363,mm
8,13:16:06,卖,98.7300,1.0,9.87,98.7269,mm
8,13:16:29,买,98.7300,1.0,9.87,98.7355,mm
8,13:16:33,卖,98.7450,1.0,9.87,98.7446,mm
8,13:16:38,买,98.7100,1.0,9.87,98.7154,mm
8,13:16:44,买,98.6900,1.0,9.87,98.6949,mm
8,13:16:46,卖,98.7100,1.0,9.87,98.7045,mm
8,13:16:56,卖,98.6800,1.0,9.87,98.6763,mm
8,13:17:19,买,98.6450,1.0,9.86,98.6425,mm
8,13:17:42,卖,98.6500,1.0,9.87,98.6438,mm
8,13:17:55,卖,98.6500,1.0,9.87,98.6459,mm
8,13:18:11,买,98.6600,1.0,9.87,98.6604,mm
8,13:18:19,买,98.6250,1.0,9.86,98.6296,mm
8,13:18:21,卖,98.6500,1.0,9.87,98.6463,mm
8,13:18:28,卖,98.6650,1.0,9.87,98.6607,mm
8,13:18:49,买,98.6700,1.0,9.87,98.6741,mm
8,13:18:51,卖,98.6850,1.0,9.87,98.6835,mm
8,13:19:02,卖,98.6850,1.0,9.87,98.6801,mm
8,13:19:16,买,98.6750,1.0,9.87,98.6763,mm
8,13:19:22,买,98.6700,1.0,9.87,98.6731,mm
8,13:20:07,买,98.6400,1.0,9.86,98.6445,mm
8,13:20:20,买,98.6100,1.0,9.86,98.6133,mm
8,13:20:26,卖,98.6150,1.0,9.86,98.6203,mm
8,13:20:39,卖,98.6200,1.0,9.86,98.6169,mm
8,13:20:45,卖,98.6400,1.0,9.86,98.6383,mm
8,13:20:49,买,98.6350,1.0,9.86,98.6378,mm
8,13:20:50,卖,98.6500,1.0,9.87,98.6540,mm
8,13:21:03,买,98.6550,1.0,9.87,98.6526,mm
8,13:21:10,买,98.6300,1.0,9.86,98.6359,mm
8,13:21:12,买,98.6200,1.0,9.86,98.6230,mm
8,13:21:20,卖,98.6350,1.0,9.86,98.6329,mm
8,13:21:23,卖,98.6550,1.0,9.87,98.6485,mm
8,13:21:24,买,98.6350,1.0,9.86,98.6408,mm
8,13:21:35,卖,98.6500,1.0,9.87,98.6460,mm
8,13:22:07,卖,98.6650,1.0,9.87,98.6591,mm
8,13:22:19,买,98.6450,1.0,9.86,98.6478,mm
8,13:22:24,买,98.6400,1.0,9.86,98.6453,mm
8,13:22:27,卖,98.6650,1.0,9.87,98.6603,mm
8,13:22:31,买,98.6600,1.0,9.87,98.6617,mm
8,13:22:43,买,98.6500,1.0,9.87,98.6550,mm
8,13:22:44,卖,98.6700,1.0,9.87,98.6730,mm
8,13:22:54,买,98.6450,1.0,9.86,98.6485,mm
8,13:23:01,卖,98.6550,1.0,9.87,98.6548,mm
8,13:23:06,卖,98.6700,1.0,9.87,98.6688,mm
8,13:23:12,买,98.6500,1.0,9.87,98.6540,mm
8,13:23:14,卖,98.6600,1.0,9.87,98.6500,mm
8,13:23:15,买,98.6350,1.0,9.86,98.6321,mm
8,13:23:16,卖,98.6450,1.0,9.86,98.6280,mm
8,13:23:21,卖,98.6350,1.0,9.86,98.6302,mm
8,13:23:22,买,98.6200,1.0,9.86,98.6232,mm
8,13:23:25,买,98.6000,1.0,9.86,98.6058,mm
8,13:23:33,买,98.6050,1.0,9.86,98.6029,mm
8,13:23:43,卖,98.6100,1.0,9.86,98.6038,mm
8,13:23:45,卖,98.6250,1.0,9.86,98.6226,mm
8,13:23:51,卖,98.6300,1.0,9.86,98.6238,mm
8,13:23:53,买,98.6100,1.0,9.86,98.6115,mm
8,13:24:11,买,98.6300,1.0,9.86,98.6361,mm
8,13:24:17,卖,98.6450,1.0,9.86,98.6465,mm
8,13:24:36,卖,98.6850,1.0,9.87,98.6815,mm
8,13:24:39,买,98.6800,1.0,9.87,98.6824,mm
8,13:24:49,卖,98.6900,1.0,9.87,98.6871,mm
8,13:24:51,买,98.6700,1.0,9.87,98.6722,mm
8,13:25:15,卖,98.6850,1.0,9.87,98.6741,mm
8,13:25:22,买,98.6650,1.0,9.87,98.6696,mm
8,13:25:36,卖,98.7000,1.0,9.87,98.6977,mm
8,13:25:53,卖,98.7100,1.0,9.87,98.6991,mm
8,13:25:53,买,98.6900,1.0,9.87,98.6912,mm
8,13:25:54,买,98.6800,1.0,9.87,98.6847,mm
8,13:26:07,买,98.6650,1.0,9.87,98.6721,mm
8,13:26:12,卖,98.6700,1.0,9.87,98.6714,mm
8,13:26:19,卖,98.6850,1.0,9.87,98.6806,mm
8,13:26:36,买,98.6850,1.0,9.87,98.6905,mm
8,13:26:41,买,98.6700,1.0,9.87,98.6752,mm
8,13:26:43,买,98.6650,1.0,9.87,98.6687,mm
8,13:26:45,卖,98.6850,1.0,9.87,98.6799,mm
8,13:27:05,卖,98.6500,1.0,9.87,98.6515,mm
8,13:27:30,卖,98.6850,1.0,9.87,98.6911,mm
8,13:27:31,买,98.6850,1.0,9.87,98.6863,mm
8,13:27:42,卖,98.7150,1.0,9.87,98.7119,mm
8,13:27:43,买,98.7000,1.0,9.87,98.7052,mm
8,13:27:57,卖,98.7400,1.0,9.87,98.7375,mm
8,13:28:09,买,98.7200,1.0,9.87,98.7244,mm
8,13:28:21,买,98.7350,1.0,9.87,98.7442,mm
8,13:28:24,卖,98.7500,1.0,9.88,98.7403,mm
8,13:28:40,买,98.7150,1.0,9.87,98.7202,mm
8,13:28:41,卖,98.7300,1.0,9.87,98.7245,mm
8,13:28:51,卖,98.7200,1.0,9.87,98.7228,mm
8,13:28:54,买,98.7000,1.0,9.87,98.7058,mm
8,13:28:57,卖,98.7150,1.0,9.87,98.7088,mm
8,13:29:05,卖,98.7050,1.0,9.87,98.7087,mm
8,13:29:08,买,98.6800,1.0,9.87,98.6807,mm
8,13:29:09,买,98.6600,1.0,9.87,98.6607,mm
8,13:29:18,卖,98.6600,1.0,9.87,98.6626,mm
8,13:29:31,买,98.6600,1.0,9.87,98.6624,mm
8,13:30:40,买,98.6400,1.0,9.86,98.6448,mm
8,13:30:50,卖,98.6550,1.0,9.87,98.6537,mm
8,13:31:06,卖,98.6300,1.0,9.86,98.6246,mm
8,13:31:09,卖,98.6550,1.0,9.87,98.6416,mm
8,13:31:11,买,98.6300,1.0,9.86,98.6329,mm
8,13:31:11,买,98.6200,1.0,9.86,98.6178,mm
8,13:31:25,买,98.6150,1.0,9.86,98.6196,mm
8,13:31:48,卖,98.6150,1.0,9.86,98.6134,mm
8,13:31:49,买,98.6000,1.0,9.86,98.6032,mm
8,13:31:49,卖,98.6150,1.0,9.86,98.6174,mm
8,13:32:05,卖,98.6500,1.0,9.87,98.6446,mm
8,13:32:06,买,98.6350,1.0,9.86,98.6372,mm
8,13:32:16,卖,98.6550,1.0,9.87,98.6441,mm
8,13:32:27,买,98.6400,1.0,9.86,98.6427,mm
8,13:32:28,买,98.6300,1.0,9.86,98.6361,mm
8,13:32:42,卖,98.6350,1.0,9.86,98.6239,mm
8,13:32:57,卖,98.6050,1.0,9.86,98.5906,mm
8,13:32:57,卖,98.6050,1.0,9.86,98.5895,mm
8,13:33:02,买,98.5950,1.0,9.86,98.5917,mm
8,13:33:15,卖,98.5950,1.0,9.86,98.5921,mm
8,13:33:17,买,98.5750,1.0,9.86,98.5772,mm
8,13:33:33,买,98.6000,1.0,9.86,98.6010,mm
8,13:33:34,买,98.5800,1.0,9.86,98.5859,mm
8,13:33:39,卖,98.5950,1.0,9.86,98.6034,mm
8,13:33:58,买,98.5800,1.0,9.86,98.5855,mm
8,13:34:12,买,98.5600,1.0,9.86,98.5659,mm
8,13:34:13,卖,98.5700,1.0,9.86,98.5572,mm
8,13:34:14,卖,98.5700,1.0,9.86,98.5588,mm
8,13:34:14,卖,98.5700,1.0,9.86,98.5649,mm
8,13:34:26,买,98.5550,1.0,9.86,98.5607,mm
8,13:34:33,买,98.5600,1.0,9.86,98.5617,mm
8,13:34:37,卖,98.5750,1.0,9.86,98.5632,mm
8,13:34:37,卖,98.5750,1.0,9.86,98.5699,mm
8,13:34:39,买,98.5600,1.0,9.86,98.5632,mm
8,13:34:41,买,98.5500,1.0,9.86,98.5549,mm
8,13:34:43,卖,98.5700,1.0,9.86,98.5674,mm
8,13:34:55,卖,98.5750,1.0,9.86,98.5728,mm
8,13:35:01,买,98.5750,1.0,9.86,98.5698,mm
8,13:35:09,卖,98.5650,1.0,9.86,98.5664,mm
8,13:35:11,买,98.5500,1.0,9.86,98.5541,mm
8,13:35:15,买,98.5400,1.0,9.85,98.5424,mm
8,13:35:25,卖,98.5350,1.0,9.85,98.5313,mm
8,13:35:26,买,98.5150,1.0,9.85,98.5194,mm
8,13:35:35,卖,98.5300,1.0,9.85,98.5253,mm
8,13:35:40,卖,98.5550,1.0,9.86,98.5464,mm
8,13:35:46,买,98.5450,1.0,9.85,98.5507,mm
8,13:35:54,卖,98.5500,1.0,9.86,98.5447,mm
8,13:36:01,买,98.5050,1.0,9.85,98.5097,mm
8,13:36:29,买,98.4700,1.0,9.85,98.4686,mm
8,13:36:31,买,98.4550,1.0,9.85,98.4578,mm
8,13:36:40,卖,98.4600,1.0,9.85,98.4601,mm
8,13:36:47,卖,98.4650,1.0,9.85,98.4563,mm
8,13:36:51,卖,98.4600,1.0,9.85,98.4491,mm
8,13:36:52,买,98.4400,1.0,9.84,98.4351,mm
8,13:36:59,买,98.4400,1.0,9.84,98.4460,mm
8,13:37:03,卖,98.4650,1.0,9.85,98.4593,mm
8,13:37:15,买,98.4400,1.0,9.84,98.4451,mm
8,13:37:19,买,98.4500,1.0,9.85,98.4522,mm
8,13:37:27,卖,98.4450,1.0,9.84,98.4493,mm
8,13:37:31,卖,98.4700,1.0,9.85,98.4692,mm
8,13:37:34,买,98.4450,1.0,9.84,98.4489,mm
8,13:37:45,买,98.4200,1.0,9.84,98.4219,mm
8,13:37:51,卖,98.4300,1.0,9.84,98.4265,mm
8,13:38:00,买,98.3850,1.0,9.84,98.3883,mm
8,13:38:12,卖,98.4200,1.0,9.84,98.4161,mm
8,13:38:21,卖,98.4200,1.0,9.84,98.4150,mm
8,13:38:34,卖,98.4300,1.0,9.84,98.4251,mm
8,13:38:36,买,98.4200,1.0,9.84,98.4256,mm
8,13:39:01,卖,98.4300,1.0,9.84,98.4220,mm
8,13:39:22,买,98.4250,1.0,9.84,98.4308,mm
8,13:39:23,卖,98.4400,1.0,9.84,98.4381,mm
8,13:39:36,买,98.4450,1.0,9.84,98.4506,mm
8,13:39:46,卖,98.4650,1.0,9.85,98.4622,mm
8,13:39:52,买,98.4400,1.0,9.84,98.4448,mm
8,13:40:17,卖,98.4650,1.0,9.85,98.4689,mm
8,13:40:26,买,98.4850,1.0,9.85,98.4871,mm
8,13:40:27,卖,98.5000,1.0,9.85,98.5049,mm
8,13:40:28,买,98.4950,1.0,9.85,98.4998,mm
8,13:40:29,买,98.4850,1.0,9.85,98.4873,mm
8,13:40:38,卖,98.4950,1.0,9.85,98.4977,mm
8,13:40:48,卖,98.5200,1.0,9.85,98.5265,mm
8,13:40:49,卖,98.5400,1.0,9.85,98.5384,mm
8,13:40:51,买,98.5300,1.0,9.85,98.5332,mm
8,13:40:58,买,98.5300,1.0,9.85,98.5304,mm
8,13:41:04,买,98.5200,1.0,9.85,98.5136,mm
8,13:41:12,买,98.5000,1.0,9.85,98.5044,mm
8,13:41:19,卖,98.4850,1.0,9.85,98.4812,mm
8,13:41:23,买,98.4700,1.0,9.85,98.4755,mm
8,13:41:33,卖,98.4850,1.0,9.85,98.4796,mm
8,13:41:34,买,98.4650,1.0,9.85,98.4647,mm
8,13:41:34,卖,98.4800,1.0,9.85,98.4821,mm
8,13:41:51,卖,98.5200,1.0,9.85,98.5155,mm
8,13:42:23,买,98.5100,1.0,9.85,98.5135,mm
8,13:42:26,买,98.4950,1.0,9.85,98.5003,mm
8,13:42:44,卖,98.5250,1.0,9.85,98.5223,mm
8,13:42:56,买,98.4900,1.0,9.85,98.4934,mm
8,13:43:11,买,98.4750,1.0,9.85,98.4896,mm
8,13:43:13,卖,98.5050,1.0,9.85,98.5080,mm
8,13:43:40,卖,98.5000,1.0,9.85,98.5026,mm
8,13:43:55,卖,98.5250,1.0,9.85,98.5192,mm
8,13:44:00,卖,98.5350,1.0,9.85,98.5294,mm
8,13:44:01,买,98.5200,1.0,9.85,98.5239,mm
8,13:44:11,买,98.5250,1.0,9.85,98.5349,mm
8,13:44:16,买,98.5250,1.0,9.85,98.5296,mm
8,13:44:32,买,98.5250,1.0,9.85,98.5287,mm
8,13:44:39,卖,98.5150,1.0,9.85,98.5093,mm
8,13:44:45,买,98.5100,1.0,9.85,98.5268,mm
8,13:44:46,卖,98.5350,1.0,9.85,98.5352,mm
8,13:44:54,卖,98.5450,1.0,9.85,98.5408,mm
8,13:44:54,卖,98.5500,1.0,9.86,98.5488,mm
8,13:45:01,卖,98.5750,1.0,9.86,98.5710,mm
8,13:45:14,买,98.5750,1.0,9.86,98.5803,mm
8,13:45:30,买,98.5900,1.0,9.86,98.5914,mm
8,13:45:34,卖,98.6050,1.0,9.86,98.6036,mm
8,13:45:37,买,98.5900,1.0,9.86,98.5885,mm
8,13:45:45,卖,98.5750,1.0,9.86,98.5775,mm
8,13:46:05,买,98.5650,1.0,9.86,98.5710,mm
8,13:46:33,卖,98.5400,1.0,9.85,98.5366,mm
8,13:46:54,卖,98.5600,1.0,9.86,98.5466,mm
8,13:47:08,买,98.5500,1.0,9.86,98.5531,mm
8,13:47:19,卖,98.5650,1.0,9.86,98.5614,mm
8,13:47:29,卖,98.5800,1.0,9.86,98.5721,mm
8,13:47:54,买,98.6100,1.0,9.86,98.6133,mm
8,13:47:58,卖,98.6250,1.0,9.86,98.6231,mm
8,13:47:59,卖,98.6400,1.0,9.86,98.6340,mm
8,13:48:02,买,98.6000,1.0,9.86,98.6044,mm
8,13:48:03,买,98.6000,1.0,9.86,98.5973,mm
8,13:48:10,卖,98.6100,1.0,9.86,98.6078,mm
8,13:48:13,买,98.6050,1.0,9.86,98.6096,mm
8,13:48:17,卖,98.6050,1.0,9.86,98.5944,mm
8,13:48:20,买,98.5800,1.0,9.86,98.5862,mm
8,13:48:30,买,98.5550,1.0,9.86,98.5605,mm
8,13:48:37,买,98.5350,1.0,9.85,98.5391,mm
8,13:48:39,买,98.5250,1.0,9.85,98.5312,mm
8,13:48:50,卖,98.5300,1.0,9.85,98.5248,mm
8,13:48:52,卖,98.5350,1.0,9.85,98.5308,mm
8,13:48:55,卖,98.5450,1.0,9.85,98.5398,mm
8,13:49:01,买,98.5300,1.0,9.85,98.5346,mm
8,13:49:25,买,98.5250,1.0,9.85,98.5277,mm
8,13:49:30,卖,98.5300,1.0,9.85,98.5196,mm
8,13:49:36,卖,98.5150,1.0,9.85,98.5025,mm
8,13:49:42,买,98.4900,1.0,9.85,98.4919,mm
8,13:49:49,买,98.4550,1.0,9.85,98.4609,mm
8,13:49:53,买,98.4450,1.0,9.84,98.4414,mm
8,13:50:02,卖,98.4450,1.0,9.84,98.4453,mm
8,13:50:04,卖,98.4600,1.0,9.85,98.4602,mm
8,13:50:05,买,98.4500,1.0,9.85,98.4509,mm
8,13:50:24,买,98.3950,1.0,9.84,98.3973,mm
8,13:50:45,卖,98.3950,1.0,9.84,98.3924,mm
8,13:50:46,卖,98.4050,1.0,9.84,98.4014,mm
8,13:51:02,买,98.4150,1.0,9.84,98.4190,mm
8,13:51:16,卖,98.4050,1.0,9.84,98.4157,mm
8,13:51:31,买,98.4500,1.0,9.85,98.4502,mm
8,13:51:34,卖,98.4700,1.0,9.85,98.4595,mm
8,13:51:39,卖,98.4800,1.0,9.85,98.4738,mm
8,13:51:55,买,98.4550,1.0,9.85,98.4595,mm
8,13:51:56,卖,98.4750,1.0,9.85,98.4669,mm
8,13:51:57,买,98.4500,1.0,9.85,98.4511,mm
8,13:51:57,买,98.4400,1.0,9.84,98.4449,mm
8,13:51:58,买,98.4300,1.0,9.84,98.4349,mm
8,13:51:59,卖,98.4450,1.0,9.84,98.4410,mm
8,13:52:06,卖,98.4550,1.0,9.85,98.4501,mm
8,13:52:20,卖,98.4700,1.0,9.85,98.4642,mm
8,13:52:21,买,98.4550,1.0,9.85,98.4580,mm
8,13:52:26,卖,98.4750,1.0,9.85,98.4736,mm
8,13:52:28,买,98.4600,1.0,9.85,98.4648,mm
8,13:52:30,买,98.4450,1.0,9.84,98.4416,mm
8,13:52:34,卖,98.4650,1.0,9.85,98.4628,mm
8,13:52:35,卖,98.4800,1.0,9.85,98.4766,mm
8,13:52:53,买,98.4700,1.0,9.85,98.4753,mm
8,13:53:02,买,98.4500,1.0,9.85,98.4531,mm
8,13:53:07,卖,98.4600,1.0,9.85,98.4613,mm
8,13:53:20,卖,98.4750,1.0,9.85,98.4722,mm
8,13:53:21,买,98.4600,1.0,9.85,98.4654,mm
8,13:53:23,卖,98.4850,1.0,9.85,98.4779,mm
8,13:53:25,买,98.4650,1.0,9.85,98.4671,mm
8,13:53:53,买,98.4600,1.0,9.85,98.4647,mm
8,13:53:59,买,98.4650,1.0,9.85,98.4690,mm
8,13:54:18,卖,98.4450,1.0,9.84,98.4421,mm
8,13:54:34,卖,98.4450,1.0,9.84,98.4397,mm
8,13:54:50,买,98.4650,1.0,9.85,98.4699,mm
8,13:55:08,卖,98.5050,1.0,9.85,98.5010,mm
8,13:55:13,买,98.4950,1.0,9.85,98.5001,mm
8,13:55:38,卖,98.4700,1.0,9.85,98.4713,mm
8,13:55:42,卖,98.4850,1.0,9.85,98.4726,mm
8,13:55:43,卖,98.4950,1.0,9.85,98.4888,mm
8,13:55:47,买,98.4900,1.0,9.85,98.4953,mm
8,13:55:51,买,98.4850,1.0,9.85,98.4827,mm
8,13:55:55,买,98.4700,1.0,9.85,98.4761,mm
8,13:55:57,卖,98.4800,1.0,9.85,98.4745,mm
8,13:56:03,买,98.4650,1.0,9.85,98.4691,mm
8,13:56:05,卖,98.4850,1.0,9.85,98.4790,mm
8,13:56:11,卖,98.4900,1.0,9.85,98.4768,mm
8,13:56:19,买,98.4700,1.0,9.85,98.4823,mm
8,13:56:20,买,98.4700,1.0,9.85,98.4845,mm
8,13:56:20,买,98.4700,1.0,9.85,98.4855,mm
8,13:56:21,买,98.4700,1.0,9.85,98.4819,mm
8,13:56:31,卖,98.4850,1.0,9.85,98.4893,mm
8,13:56:38,卖,98.4850,1.0,9.85,98.4785,mm
8,13:56:40,卖,98.4850,1.0,9.85,98.4794,mm
8,13:56:47,买,98.4600,1.0,9.85,98.4652,mm
8,13:56:53,买,98.4200,1.0,9.84,98.4256,mm
8,13:56:57,卖,98.4300,1.0,9.84,98.4273,mm
8,13:57:02,卖,98.4350,1.0,9.84,98.4348,mm
8,13:57:06,卖,98.4400,1.0,9.84,98.4359,mm
8,13:57:12,买,98.4450,1.0,9.84,98.4508,mm
8,13:57:16,卖,98.4650,1.0,9.85,98.4588,mm
8,13:57:20,卖,98.4600,1.0,9.85,98.4553,mm
8,13:57:24,买,98.4500,1.0,9.85,98.4570,mm
8,13:57:27,卖,98.4750,1.0,9.85,98.4666,mm
8,13:57:36,买,98.4700,1.0,9.85,98.4754,mm
8,13:57:39,买,98.4700,1.0,9.85,98.4755,mm
8,13:57:46,买,98.4700,1.0,9.85,98.4751,mm
8,13:57:58,卖,98.4900,1.0,9.85,98.4813,mm
8,13:58:01,卖,98.4950,1.0,9.85,98.4894,mm
8,13:58:03,卖,98.5050,1.0,9.85,98.4961,mm
8,13:58:04,买,98.4900,1.0,9.85,98.4934,mm
8,13:58:06,买,98.4750,1.0,9.85,98.4775,mm
8,13:58:12,卖,98.4750,1.0,9.85,98.4724,mm
8,13:58:16,买,98.4750,1.0,9.85,98.4799,mm
8,13:58:29,卖,98.4850,1.0,9.85,98.4728,mm
8,13:58:44,买,98.4750,1.0,9.85,98.4796,mm
8,13:59:10,买,98.4750,1.0,9.85,98.4811,mm
8,14:00:32,买,98.4400,1.0,9.84,98.4462,mm
8,14:00:44,卖,98.4500,1.0,9.85,98.4386,mm
8,14:00:45,卖,98.4500,1.0,9.85,98.4416,mm
8,14:00:59,买,98.4200,1.0,9.84,98.4259,mm
8,14:01:00,买,98.4150,1.0,9.84,98.4159,mm
8,14:01:18,卖,98.4150,1.0,9.84,98.4098,mm
8,14:01:20,卖,98.4150,1.0,9.84,98.4089,mm
8,14:01:23,卖,98.4200,1.0,9.84,98.4076,mm
8,14:01:23,卖,98.4200,1.0,9.84,98.4100,mm
8,14:01:32,卖,98.4050,1.0,9.84,98.4091,mm
8,14:01:34,买,98.3900,1.0,9.84,98.3927,mm
8,14:01:37,卖,98.4050,1.0,9.84,98.4069,mm
8,14:01:39,买,98.4000,1.0,9.84,98.4009,mm
8,14:01:44,买,98.3850,1.0,9.84,98.3895,mm
8,14:02:01,卖,98.4250,1.0,9.84,98.4224,mm
8,14:02:02,买,98.4100,1.0,9.84,98.4143,mm
8,14:02:10,卖,98.4200,1.0,9.84,98.4138,mm
8,14:02:13,买,98.4050,1.0,9.84,98.4112,mm
8,14:02:28,卖,98.4700,1.0,9.85,98.4670,mm
8,14:02:30,买,98.4500,1.0,9.85,98.4535,mm
8,14:02:36,买,98.4250,1.0,9.84,98.4311,mm
8,14:02:37,卖,98.4450,1.0,9.84,98.4388,mm
8,14:02:41,买,98.4300,1.0,9.84,98.4319,mm
8,14:02:45,买,98.4250,1.0,9.84,98.4312,mm
8,14:02:56,卖,98.4350,1.0,9.84,98.4390,mm
8,14:03:02,买,98.4150,1.0,9.84,98.4209,mm
8,14:03:06,买,98.4050,1.0,9.84,98.4104,mm
8,14:03:07,卖,98.4300,1.0,9.84,98.4354,mm
8,14:03:31,买,98.4000,1.0,9.84,98.4106,mm
8,14:03:41,卖,98.4250,1.0,9.84,98.4194,mm
8,14:03:48,卖,98.4250,1.0,9.84,98.4205,mm
8,14:03:50,买,98.4050,1.0,9.84,98.4152,mm
8,14:03:52,卖,98.4250,1.0,9.84,98.4241,mm
8,14:04:00,买,98.4150,1.0,9.84,98.4131,mm
8,14:04:03,买,98.3950,1.0,9.84,98.3979,mm
8,14:04:13,卖,98.4000,1.0,9.84,98.3946,mm
8,14:04:14,卖,98.4050,1.0,9.84,98.4032,mm
8,14:04:17,卖,98.4100,1.0,9.84,98.3997,mm
8,14:04:24,卖,98.4150,1.0,9.84,98.4109,mm
8,14:04:34,买,98.4100,1.0,9.84,98.3995,mm
8,14:04:36,卖,98.4150,1.0,9.84,98.4119,mm
8,14:04:45,买,98.4050,1.0,9.84,98.4104,mm
8,14:04:48,买,98.4000,1.0,9.84,98.4053,mm
8,14:04:51,买,98.4000,1.0,9.84,98.3931,mm
8,14:04:54,卖,98.3850,1.0,9.84,98.3812,mm
8,14:04:55,卖,98.3950,1.0,9.84,98.3934,mm
8,14:05:00,卖,98.4050,1.0,9.84,98.4042,mm
8,14:05:07,买,98.4050,1.0,9.84,98.4077,mm
8,14:05:36,买,98.4350,1.0,9.84,98.4408,mm
8,14:06:03,买,98.4750,1.0,9.85,98.4797,mm
8,14:06:11,买,98.4850,1.0,9.85,98.4867,mm
8,14:06:18,卖,98.4950,1.0,9.85,98.4967,mm
8,14:06:51,买,98.5200,1.0,9.85,98.5247,mm
8,14:07:06,卖,98.4800,1.0,9.85,98.4742,mm
8,14:07:13,卖,98.4850,1.0,9.85,98.4831,mm
8,14:07:20,买,98.4850,1.0,9.85,98.4959,mm
8,14:07:35,买,98.4750,1.0,9.85,98.4777,mm
8,14:07:48,卖,98.4550,1.0,9.85,98.4534,mm
8,14:07:50,买,98.4350,1.0,9.84,98.4411,mm
8,14:08:02,卖,98.4200,1.0,9.84,98.4170,mm
8,14:08:04,卖,98.4300,1.0,9.84,98.4286,mm
8,14:08:06,卖,98.4350,1.0,9.84,98.4314,mm
8,14:08:35,卖,98.4800,1.0,9.85,98.4757,mm
8,14:08:36,买,98.4650,1.0,9.85,98.4663,mm
8,14:08:37,买,98.4550,1.0,9.85,98.4595,mm
8,14:08:42,买,98.4450,1.0,9.84,98.4480,mm
8,14:08:50,买,98.4500,1.0,9.85,98.4541,mm
8,14:09:08,卖,98.4550,1.0,9.85,98.4500,mm
8,14:09:33,卖,98.4400,1.0,9.84,98.4363,mm
8,14:09:39,买,98.4150,1.0,9.84,98.4194,mm
8,14:09:50,买,98.4100,1.0,9.84,98.4157,mm
8,14:09:55,买,98.4000,1.0,9.84,98.4040,mm
8,14:10:04,卖,98.3850,1.0,9.84,98.3817,mm
8,14:10:13,卖,98.3600,1.0,9.84,98.3521,mm
8,14:10:17,卖,98.3500,1.0,9.84,98.3525,mm
8,14:10:19,买,98.3400,1.0,9.83,98.3451,mm
8,14:10:27,买,98.3300,1.0,9.83,98.3348,mm
8,14:10:42,卖,98.3350,1.0,9.83,98.3361,mm
8,14:11:11,买,98.3100,1.0,9.83,98.3113,mm
8,14:11:14,买,98.2950,1.0,9.83,98.2940,mm
8,14:11:15,卖,98.3050,1.0,9.83,98.3054,mm
8,14:11:22,买,98.2750,1.0,9.83,98.2733,mm
8,14:11:29,卖,98.2950,1.0,9.83,98.2900,mm
8,14:11:30,卖,98.3000,1.0,9.83,98.2942,mm
8,14:11:32,买,98.2750,1.0,9.83,98.2802,mm
8,14:11:33,卖,98.2900,1.0,9.83,98.2855,mm
8,14:11:33,卖,98.2950,1.0,9.83,98.2939,mm
8,14:11:49,买,98.2900,1.0,9.83,98.2963,mm
8,14:11:52,卖,98.2900,1.0,9.83,98.2893,mm
8,14:11:53,卖,98.3000,1.0,9.83,98.2947,mm
8,14:11:56,买,98.2750,1.0,9.83,98.2783,mm
8,14:11:58,买,98.2650,1.0,9.83,98.2708,mm
8,14:12:00,卖,98.2750,1.0,9.83,98.2795,mm
8,14:12:20,卖,98.2750,1.0,9.83,98.2715,mm
8,14:12:24,买,98.2750,1.0,9.83,98.2805,mm
8,14:12:35,卖,98.3100,1.0,9.83,98.3072,mm
8,14:12:36,买,98.2950,1.0,9.83,98.3019,mm
8,14:12:54,买,98.3100,1.0,9.83,98.3157,mm
8,14:13:22,卖,98.3900,1.0,9.84,98.3838,mm
8,14:13:30,买,98.3900,1.0,9.84,98.3909,mm
8,14:13:35,买,98.3900,1.0,9.84,98.3933,mm
8,14:13:44,卖,98.4100,1.0,9.84,98.4097,mm
8,14:13:45,买,98.3950,1.0,9.84,98.4000,mm
8,14:13:55,卖,98.4250,1.0,9.84,98.4174,mm
8,14:13:56,卖,98.4250,1.0,9.84,98.4190,mm
8,14:13:57,买,98.4200,1.0,9.84,98.4196,mm
8,14:14:04,买,98.4000,1.0,9.84,98.4051,mm
8,14:14:11,卖,98.4200,1.0,9.84,98.4132,mm
8,14:14:30,卖,98.4050,1.0,9.84,98.3994,mm
8,14:14:39,卖,98.4250,1.0,9.84,98.4211,mm
8,14:15:03,买,98.4750,1.0,9.85,98.4785,mm
8,14:15:06,卖,98.4950,1.0,9.85,98.4908,mm
8,14:15:19,买,98.5100,1.0,9.85,98.5125,mm
8,14:15:22,买,98.4900,1.0,9.85,98.4885,mm
8,14:15:37,卖,98.4800,1.0,9.85,98.4740,mm
8,14:15:42,卖,98.4900,1.0,9.85,98.4830,mm
8,14:15:43,买,98.4650,1.0,9.85,98.4705,mm
8,14:16:00,买,98.4700,1.0,9.85,98.4752,mm
8,14:16:04,卖,98.4800,1.0,9.85,98.4768,mm
8,14:16:06,卖,98.4800,1.0,9.85,98.4830,mm
8,14:16:07,买,98.4700,1.0,9.85,98.4718,mm
8,14:16:15,买,98.4650,1.0,9.85,98.4590,mm
8,14:16:19,买,98.4600,1.0,9.85,98.4660,mm
8,14:16:20,卖,98.4750,1.0,9.85,98.4774,mm
8,14:16:32,买,98.4750,1.0,9.85,98.4800,mm
8,14:16:33,卖,98.4950,1.0,9.85,98.4988,mm
8,14:16:40,卖,98.5000,1.0,9.85,98.4924,mm
8,14:16:51,买,98.4550,1.0,9.85,98.4612,mm
8,14:16:55,卖,98.4850,1.0,9.85,98.4785,mm
8,14:16:57,买,98.4700,1.0,9.85,98.4762,mm
8,14:17:02,卖,98.5000,1.0,9.85,98.4952,mm
8,14:17:03,卖,98.5100,1.0,9.85,98.5071,mm
8,14:17:07,卖,98.5300,1.0,9.85,98.5288,mm
8,14:17:18,卖,98.5750,1.0,9.86,98.5770,mm
8,14:17:19,卖,98.5950,1.0,9.86,98.5828,mm
8,14:17:27,卖,98.6050,1.0,9.86,98.5993,mm
8,14:17:32,买,98.6050,1.0,9.86,98.6055,mm
8,14:17:32,卖,98.6250,1.0,9.86,98.6272,mm
8,14:17:33,卖,98.6450,1.0,9.86,98.6416,mm
8,14:17:34,买,98.6250,1.0,9.86,98.6310,mm
8,14:17:35,买,98.6250,1.0,9.86,98.6305,mm
8,14:17:35,买,98.6250,1.0,9.86,98.6285,mm
8,14:17:38,买,98.6150,1.0,9.86,98.6179,mm
8,14:17:39,买,98.6050,1.0,9.86,98.6038,mm
8,14:17:45,卖,98.6150,1.0,9.86,98.6077,mm
8,14:17:52,买,98.6250,1.0,9.86,98.6297,mm
8,14:18:13,卖,98.6100,1.0,9.86,98.6085,mm
8,14:18:22,买,98.6150,1.0,9.86,98.6238,mm
8,14:18:24,买,98.6100,1.0,9.86,98.6237,mm
8,14:18:53,买,98.6250,1.0,9.86,98.6301,mm
8,14:18:54,买,98.6200,1.0,9.86,98.6241,mm
8,14:18:57,卖,98.6250,1.0,9.86,98.6234,mm
8,14:19:06,卖,98.6400,1.0,9.86,98.6369,mm
8,14:19:17,卖,98.6550,1.0,9.87,98.6470,mm
8,14:19:26,卖,98.6750,1.0,9.87,98.6662,mm
8,14:19:28,买,98.6600,1.0,9.87,98.6620,mm
8,14:19:52,买,98.6350,1.0,9.86,98.6392,mm
8,14:19:53,卖,98.6500,1.0,9.87,98.6463,mm
8,14:20:01,买,98.6250,1.0,9.86,98.6278,mm
8,14:20:19,卖,98.6300,1.0,9.86,98.6323,mm
8,14:20:21,买,98.6200,1.0,9.86,98.6248,mm
8,14:20:25,卖,98.6350,1.0,9.86,98.6282,mm
8,14:20:29,买,98.5950,1.0,9.86,98.5950,mm
8,14:20:35,买,98.5950,1.0,9.86,98.5979,mm
8,14:20:36,卖,98.6100,1.0,9.86,98.6051,mm
8,14:20:52,买,98.6000,1.0,9.86,98.5991,mm
8,14:20:56,买,98.5800,1.0,9.86,98.5776,mm
8,14:20:57,买,98.5600,1.0,9.86,98.5643,mm
8,14:21:08,卖,98.5650,1.0,9.86,98.5664,mm
8,14:21:10,卖,98.5800,1.0,9.86,98.5787,mm
8,14:21:15,卖,98.5950,1.0,9.86,98.5911,mm
8,14:21:24,卖,98.6050,1.0,9.86,98.5979,mm
8,14:21:27,买,98.5900,1.0,9.86,98.5978,mm
8,14:21:28,买,98.5850,1.0,9.86,98.5990,mm
8,14:21:28,买,98.5850,1.0,9.86,98.5884,mm
8,14:21:34,买,98.5750,1.0,9.86,98.5787,mm
8,14:21:41,卖,98.6050,1.0,9.86,98.6023,mm
8,14:21:44,卖,98.6150,1.0,9.86,98.6216,mm
8,14:21:48,买,98.5950,1.0,9.86,98.5972,mm
8,14:21:52,卖,98.6000,1.0,9.86,98.5949,mm
8,14:21:57,卖,98.6050,1.0,9.86,98.5992,mm
8,14:22:11,卖,98.6050,1.0,9.86,98.6086,mm
8,14:22:18,买,98.6050,1.0,9.86,98.6106,mm
8,14:22:24,买,98.5900,1.0,9.86,98.5898,mm
8,14:22:26,买,98.5750,1.0,9.86,98.5770,mm
8,14:22:28,卖,98.5900,1.0,9.86,98.5913,mm
8,14:22:42,卖,98.6000,1.0,9.86,98.5919,mm
8,14:22:42,卖,98.6050,1.0,9.86,98.5999,mm
8,14:22:57,买,98.5750,1.0,9.86,98.5806,mm
8,14:23:00,卖,98.5900,1.0,9.86,98.5868,mm
8,14:23:08,买,98.5700,1.0,9.86,98.5699,mm
8,14:23:09,买,98.5550,1.0,9.86,98.5605,mm
8,14:23:13,买,98.5400,1.0,9.85,98.5407,mm
8,14:23:17,卖,98.5500,1.0,9.86,98.5542,mm
8,14:23:26,买,98.5600,1.0,9.86,98.5662,mm
8,14:23:28,卖,98.5800,1.0,9.86,98.5748,mm
8,14:23:42,卖,98.5900,1.0,9.86,98.5788,mm
8,14:23:47,买,98.5650,1.0,9.86,98.5696,mm
8,14:24:23,买,98.4950,1.0,9.85,98.4962,mm
8,14:24:24,买,98.4850,1.0,9.85,98.4908,mm
8,14:24:26,卖,98.5100,1.0,9.85,98.5045,mm
8,14:24:31,买,98.5000,1.0,9.85,98.5050,mm
8,14:24:45,买,98.4700,1.0,9.85,98.4856,mm
8,14:24:46,卖,98.4950,1.0,9.85,98.4896,mm
8,14:25:03,买,98.4800,1.0,9.85,98.4856,mm
8,14:25:07,买,98.4650,1.0,9.85,98.4712,mm
8,14:25:12,卖,98.4900,1.0,9.85,98.4901,mm
8,14:25:15,卖,98.5050,1.0,9.85,98.5021,mm
8,14:25:16,卖,98.5100,1.0,9.85,98.5107,mm
8,14:25:28,卖,98.5450,1.0,9.85,98.5306,mm
8,14:25:38,卖,98.5350,1.0,9.85,98.5321,mm
8,14:25:48,卖,98.5600,1.0,9.86,98.5546,mm
8,14:25:49,买,98.5400,1.0,9.85,98.5456,mm
8,14:26:10,买,98.5300,1.0,9.85,98.5349,mm
8,14:26:25,买,98.5050,1.0,9.85,98.5066,mm
8,14:26:33,卖,98.5350,1.0,9.85,98.5290,mm
8,14:26:53,买,98.5150,1.0,9.85,98.5209,mm
8,14:27:06,卖,98.5250,1.0,9.85,98.5231,mm
8,14:27:07,买,98.5100,1.0,9.85,98.5158,mm
8,14:27:12,买,98.4900,1.0,9.85,98.4932,mm
8,14:27:20,卖,98.5000,1.0,9.85,98.4972,mm
8,14:27:26,卖,98.5050,1.0,9.85,98.5002,mm
8,14:27:38,卖,98.5150,1.0,9.85,98.5093,mm
8,14:27:40,卖,98.5200,1.0,9.85,98.5176,mm
8,14:27:41,卖,98.5300,1.0,9.85,98.5270,mm
8,14:27:55,卖,98.5100,1.0,9.85,98.5087,mm
8,14:27:56,买,98.5000,1.0,9.85,98.5009,mm
8,14:27:57,买,98.4900,1.0,9.85,98.4943,mm
8,14:28:06,卖,98.5250,1.0,9.85,98.5218,mm
8,14:28:07,买,98.5100,1.0,9.85,98.5194,mm
8,14:28:10,卖,98.5200,1.0,9.85,98.5143,mm
8,14:28:23,买,98.5550,1.0,9.86,98.5553,mm
8,14:28:44,买,98.5750,1.0,9.86,98.5733,mm
8,14:28:57,买,98.5500,1.0,9.86,98.5543,mm
8,14:28:59,卖,98.5650,1.0,9.86,98.5631,mm
8,14:29:06,买,98.5550,1.0,9.86,98.5594,mm
8,14:29:13,卖,98.5800,1.0,9.86,98.5788,mm
8,14:29:24,卖,98.5650,1.0,9.86,98.5640,mm
8,14:29:35,买,98.5650,1.0,9.86,98.5693,mm
8,14:29:38,卖,98.5850,1.0,9.86,98.5793,mm
8,14:29:42,卖,98.5900,1.0,9.86,98.5841,mm
8,14:30:00,买,98.5800,1.0,9.86,98.5851,mm
8,14:30:06,卖,98.6250,1.0,9.86,98.6163,mm
8,14:30:09,卖,98.6300,1.0,9.86,98.6198,mm
8,14:30:15,买,98.6350,1.0,9.86,98.6360,mm
8,14:30:33,买,98.6650,1.0,9.87,98.6705,mm
8,14:30:42,卖,98.6900,1.0,9.87,98.6885,mm
8,14:30:43,买,98.6750,1.0,9.87,98.6781,mm
8,14:30:48,卖,98.6750,1.0,9.87,98.6663,mm
8,14:30:51,买,98.6650,1.0,9.87,98.6712,mm
8,14:30:53,卖,98.6950,1.0,9.87,98.7012,mm
8,14:31:10,买,98.6900,1.0,9.87,98.6915,mm
8,14:31:17,买,98.6950,1.0,9.87,98.6965,mm
8,14:31:25,买,98.6750,1.0,9.87,98.6771,mm
8,14:31:31,卖,98.7000,1.0,9.87,98.6992,mm
8,14:31:33,买,98.6900,1.0,9.87,98.6947,mm
8,14:31:38,卖,98.7100,1.0,9.87,98.7042,mm
8,14:31:49,卖,98.7400,1.0,9.87,98.7371,mm
8,14:31:53,卖,98.7400,1.0,9.87,98.7351,mm
8,14:31:59,买,98.7300,1.0,9.87,98.7362,mm
8,14:32:18,买,98.7350,1.0,9.87,98.7357,mm
8,14:32:24,卖,98.7450,1.0,9.87,98.7393,mm
8,14:32:26,买,98.7200,1.0,9.87,98.7192,mm
8,14:32:30,买,98.6950,1.0,9.87,98.6990,mm
8,14:32:32,卖,98.7100,1.0,9.87,98.6963,mm
8,14:32:41,卖,98.6900,1.0,9.87,98.6874,mm
8,14:32:45,买,98.6750,1.0,9.87,98.6800,mm
8,14:32:48,买,98.6800,1.0,9.87,98.6860,mm
8,14:32:51,卖,98.7000,1.0,9.87,98.6870,mm
8,14:32:53,卖,98.7000,1.0,9.87,98.6894,mm
8,14:33:03,卖,98.7200,1.0,9.87,98.7217,mm
8,14:33:09,买,98.7100,1.0,9.87,98.7155,mm
8,14:33:13,买,98.7000,1.0,9.87,98.7058,mm
8,14:33:16,买,98.6950,1.0,9.87,98.6995,mm
8,14:33:21,卖,98.7150,1.0,9.87,98.7106,mm
8,14:33:32,卖,98.7250,1.0,9.87,98.7141,mm
8,14:33:34,卖,98.7350,1.0,9.87,98.7297,mm
8,14:33:43,买,98.7200,1.0,9.87,98.7205,mm
8,14:33:48,买,98.7200,1.0,9.87,98.7240,mm
8,14:33:55,卖,98.7300,1.0,9.87,98.7273,mm
8,14:34:08,买,98.7350,1.0,9.87,98.7400,mm
8,14:34:11,买,98.7300,1.0,9.87,98.7353,mm
8,14:34:14,买,98.7250,1.0,9.87,98.7299,mm
8,14:34:23,买,98.7250,1.0,9.87,98.7266,mm
8,14:34:25,卖,98.7400,1.0,9.87,98.7337,mm
8,14:34:57,卖,98.7250,1.0,9.87,98.7225,mm
8,14:35:15,买,98.7050,1.0,9.87,98.7108,mm
8,14:35:25,卖,98.7300,1.0,9.87,98.7338,mm
8,14:35:39,卖,98.7450,1.0,9.87,98.7437,mm
8,14:35:41,买,98.7300,1.0,9.87,98.7358,mm
8,14:35:47,买,98.7250,1.0,9.87,98.7286,mm
8,14:36:00,卖,98.7250,1.0,9.87,98.7186,mm
8,14:36:15,卖,98.7150,1.0,9.87,98.7048,mm
8,14:36:15,买,98.6900,1.0,9.87,98.6935,mm
8,14:36:18,买,98.6800,1.0,9.87,98.6823,mm
8,14:36:37,卖,98.7250,1.0,9.87,98.7221,mm
8,14:36:40,卖,98.7150,1.0,9.87,98.7061,mm
8,14:37:00,买,98.7300,1.0,9.87,98.7359,mm
8,14:37:02,买,98.7200,1.0,9.87,98.7251,mm
8,14:37:17,卖,98.7250,1.0,9.87,98.7194,mm
8,14:37:24,买,98.7200,1.0,9.87,98.7247,mm
8,14:37:40,卖,98.7450,1.0,9.87,98.7510,mm
8,14:37:42,买,98.7250,1.0,9.87,98.7307,mm
8,14:37:47,买,98.7150,1.0,9.87,98.7204,mm
8,14:37:52,卖,98.7250,1.0,9.87,98.7217,mm
8,14:38:09,卖,98.7350,1.0,9.87,98.7291,mm
8,14:38:12,卖,98.7350,1.0,9.87,98.7398,mm
8,14:38:23,买,98.7250,1.0,9.87,98.7276,mm
8,14:38:24,卖,98.7400,1.0,9.87,98.7368,mm
8,14:38:26,卖,98.7550,1.0,9.88,98.7513,mm
8,14:38:49,买,98.7200,1.0,9.87,98.7166,mm
8,14:39:27,买,98.7000,1.0,9.87,98.7121,mm
8,14:39:47,卖,98.7350,1.0,9.87,98.7322,mm
8,14:40:01,买,98.6900,1.0,9.87,98.6948,mm
8,14:40:02,卖,98.7050,1.0,9.87,98.7031,mm
8,14:40:10,卖,98.7050,1.0,9.87,98.6972,mm
8,14:40:17,买,98.7050,1.0,9.87,98.7032,mm
8,14:40:22,卖,98.7000,1.0,9.87,98.6925,mm
8,14:40:28,卖,98.7150,1.0,9.87,98.7101,mm
8,14:40:34,买,98.6900,1.0,9.87,98.6947,mm
8,14:41:06,卖,98.7450,1.0,9.87,98.7403,mm
8,14:41:13,买,98.7150,1.0,9.87,98.7169,mm
8,14:41:29,卖,98.7350,1.0,9.87,98.7267,mm
8,14:41:41,买,98.7750,1.0,9.88,98.7786,mm
8,14:41:44,买,98.7700,1.0,9.88,98.7747,mm
8,14:41:47,买,98.7650,1.0,9.88,98.7658,mm
8,14:41:50,卖,98.7900,1.0,9.88,98.7831,mm
8,14:41:55,卖,98.8250,1.0,9.88,98.8194,mm
8,14:41:59,买,98.8300,1.0,9.88,98.8371,mm
8,14:42:08,买,98.8200,1.0,9.88,98.8227,mm
8,14:42:13,卖,98.8400,1.0,9.88,98.8401,mm
8,14:42:18,买,98.8400,1.0,9.88,98.8442,mm
8,14:42:34,买,98.8700,1.0,9.89,98.8721,mm
8,14:42:42,卖,98.9150,1.0,9.89,98.9066,mm
8,14:42:52,买,98.9000,1.0,9.89,98.9053,mm
8,14:42:55,卖,98.9100,1.0,9.89,98.9033,mm
8,14:42:57,卖,98.9150,1.0,9.89,98.9116,mm
8,14:42:59,卖,98.9250,1.0,9.89,98.9285,mm
8,14:43:00,买,98.9200,1.0,9.89,98.9256,mm
8,14:43:02,买,98.9100,1.0,9.89,98.9162,mm
8,14:43:31,买,98.9150,1.0,9.89,98.9200,mm
8,14:43:32,卖,98.9300,1.0,9.89,98.9228,mm
8,14:43:33,买,98.9100,1.0,9.89,98.9153,mm
8,14:43:38,卖,98.9350,1.0,9.89,98.9382,mm
8,14:43:59,卖,98.9250,1.0,9.89,98.9141,mm
8,14:43:59,卖,98.9250,1.0,9.89,98.9154,mm
8,14:44:00,卖,98.9250,1.0,9.89,98.9208,mm
8,14:44:17,卖,98.9350,1.0,9.89,98.9296,mm
8,14:44:21,卖,98.9350,1.0,9.89,98.9239,mm
8,14:44:22,买,98.9150,1.0,9.89,98.9250,mm
8,14:44:39,买,98.8950,1.0,9.89,98.9012,mm
8,14:44:46,买,98.8950,1.0,9.89,98.9020,mm
8,14:44:53,买,98.9000,1.0,9.89,98.9092,mm
8,14:44:56,卖,98.9550,1.0,9.90,98.9568,mm
8,14:45:11,卖,98.9950,1.0,9.90,98.9909,mm
8,14:45:12,买,98.9750,1.0,9.90,98.9785,mm
8,14:45:18,买,98.9750,1.0,9.90,98.9798,mm
8,14:45:37,买,99.0000,1.0,9.90,99.0047,mm
8,14:45:55,卖,99.0650,1.0,9.91,99.0492,mm
8,14:45:56,卖,99.0650,1.0,9.91,99.0596,mm
8,14:45:58,买,99.0450,1.0,9.90,99.0489,mm
8,14:45:59,买,99.0350,1.0,9.90,99.0384,mm
8,14:46:04,买,99.0450,1.0,9.90,99.0403,mm
8,14:46:16,卖,99.0550,1.0,9.91,99.0581,mm
8,14:46:17,卖,99.0750,1.0,9.91,99.0666,mm
8,14:46:19,买,99.0600,1.0,9.91,99.0610,mm
8,14:46:20,买,99.0500,1.0,9.91,99.0520,mm
8,14:46:29,卖,99.0800,1.0,9.91,99.0712,mm
8,14:46:41,卖,99.0950,1.0,9.91,99.0935,mm
8,14:46:42,买,99.0700,1.0,9.91,99.0692,mm
8,14:46:46,买,99.0600,1.0,9.91,99.0660,mm
8,14:46:55,卖,99.0500,1.0,9.91,99.0473,mm
8,14:47:02,买,99.0500,1.0,9.91,99.0571,mm
8,14:47:02,卖,99.0700,1.0,9.91,99.0632,mm
8,14:47:07,卖,99.0700,1.0,9.91,99.0599,mm
8,14:47:13,买,99.0600,1.0,9.91,99.0739,mm
8,14:47:13,卖,99.0850,1.0,9.91,99.0833,mm
8,14:47:16,买,99.0700,1.0,9.91,99.0775,mm
8,14:47:19,卖,99.1000,1.0,9.91,99.0967,mm
8,14:47:20,卖,99.1100,1.0,9.91,99.1045,mm
8,14:47:23,买,99.0900,1.0,9.91,99.0930,mm
8,14:47:28,买,99.0850,1.0,9.91,99.0904,mm
8,14:47:33,卖,99.1000,1.0,9.91,99.0979,mm
8,14:47:47,卖,99.1400,1.0,9.91,99.1339,mm
8,14:47:58,买,99.1000,1.0,9.91,99.1018,mm
8,14:48:00,买,99.0800,1.0,9.91,99.0809,mm
8,14:48:02,卖,99.0950,1.0,9.91,99.0880,mm
8,14:48:03,卖,99.1000,1.0,9.91,99.0960,mm
8,14:48:28,买,99.0200,1.0,9.90,99.0192,mm
8,14:48:54,卖,99.0800,1.0,9.91,99.0756,mm
8,14:49:08,买,99.0800,1.0,9.91,99.0848,mm
8,14:49:11,卖,99.0950,1.0,9.91,99.0932,mm
8,14:49:16,卖,99.1050,1.0,9.91,99.1004,mm
8,14:49:28,买,99.0750,1.0,9.91,99.0805,mm
8,14:49:28,买,99.0700,1.0,9.91,99.0688,mm
8,14:49:29,卖,99.0750,1.0,9.91,99.0713,mm
8,14:49:41,卖,99.1050,1.0,9.91,99.1035,mm
8,14:49:48,卖,99.1350,1.0,9.91,99.1318,mm
8,14:49:53,买,99.1100,1.0,9.91,99.1148,mm
8,14:49:55,卖,99.1350,1.0,9.91,99.1367,mm
8,14:49:57,买,99.1250,1.0,9.91,99.1267,mm
8,14:50:03,卖,99.1450,1.0,9.91,99.1392,mm
8,14:50:06,买,99.1250,1.0,9.91,99.1269,mm
8,14:50:12,买,99.1050,1.0,9.91,99.1066,mm
8,14:50:17,卖,99.1600,1.0,9.92,99.1630,mm
8,14:50:18,卖,99.1750,1.0,9.92,99.1637,mm
8,14:50:39,买,99.1800,1.0,9.92,99.1850,mm
8,14:50:41,买,99.1700,1.0,9.92,99.1742,mm
8,14:50:43,买,99.1600,1.0,9.92,99.1662,mm
8,14:50:48,卖,99.1600,1.0,9.92,99.1581,mm
8,14:50:51,买,99.1350,1.0,9.91,99.1295,mm
8,14:51:23,卖,99.1350,1.0,9.91,99.1222,mm
8,14:51:23,卖,99.1350,1.0,9.91,99.1265,mm
8,14:51:27,卖,99.1350,1.0,9.91,99.1172,mm
8,14:51:36,买,99.1150,1.0,9.91,99.1165,mm
8,14:51:43,买,99.1300,1.0,9.91,99.1349,mm
8,14:51:44,买,99.1250,1.0,9.91,99.1222,mm
8,14:51:54,卖,99.1200,1.0,9.91,99.1230,mm
8,14:52:10,卖,99.1300,1.0,9.91,99.1252,mm
8,14:52:11,买,99.1150,1.0,9.91,99.1183,mm
8,14:52:12,卖,99.1300,1.0,9.91,99.1190,mm
8,14:52:14,买,99.1000,1.0,9.91,99.1056,mm
8,14:52:24,买,99.1150,1.0,9.91,99.1184,mm
8,14:52:27,卖,99.1300,1.0,9.91,99.1256,mm
8,14:52:27,卖,99.1400,1.0,9.91,99.1373,mm
8,14:52:29,卖,99.1450,1.0,9.91,99.1445,mm
8,14:52:32,买,99.1350,1.0,9.91,99.1361,mm
8,14:52:37,买,99.1400,1.0,9.91,99.1451,mm
8,14:52:47,买,99.1500,1.0,9.92,99.1520,mm
8,14:52:50,买,99.1300,1.0,9.91,99.1310,mm
8,14:52:52,卖,99.1450,1.0,9.91,99.1388,mm
8,14:53:07,买,99.1250,1.0,9.91,99.1271,mm
8,14:53:16,买,99.1100,1.0,9.91,99.1076,mm
8,14:53:20,买,99.1100,1.0,9.91,99.1120,mm
8,14:53:32,卖,99.1350,1.0,9.91,99.1278,mm
8,14:53:41,买,99.1300,1.0,9.91,99.1312,mm
8,14:53:46,买,99.1350,1.0,9.91,99.1407,mm
8,14:53:50,卖,99.1500,1.0,9.92,99.1441,mm
8,14:53:57,卖,99.1450,1.0,9.91,99.1429,mm
8,14:53:58,买,99.1250,1.0,9.91,99.1303,mm
8,14:53:58,卖,99.1400,1.0,9.91,99.1318,mm
8,14:54:15,买,99.1050,1.0,9.91,99.1081,mm
8,14:54:26,卖,99.1300,1.0,9.91,99.1243,mm
8,14:54:39,卖,99.1400,1.0,9.91,99.1366,mm
8,14:54:40,买,99.1250,1.0,9.91,99.1355,mm
8,14:54:43,卖,99.1400,1.0,9.91,99.1326,mm
8,14:55:01,卖,99.1900,1.0,9.92,99.1876,mm
8,14:55:08,卖,99.2200,1.0,9.92,99.2175,mm
8,14:55:14,买,99.2050,1.0,9.92,99.2107,mm
8,14:55:33,卖,99.1850,1.0,9.92,99.1749,mm
8,14:55:36,买,99.1650,1.0,9.92,99.1706,mm
8,14:55:46,买,99.1750,1.0,9.92,99.1784,mm
8,14:55:49,买,99.1550,1.0,9.92,99.1557,mm
8,14:55:51,卖,99.1700,1.0,9.92,99.1579,mm
8,14:56:09,卖,99.1350,1.0,9.91,99.1348,mm
8,14:56:15,买,99.1200,1.0,9.91,99.1285,mm
8,14:56:19,卖,99.1400,1.0,9.91,99.1345,mm
8,14:56:29,买,99.1350,1.0,9.91,99.1406,mm
8,14:57:01,卖,99.2100,1.0,9.92,99.2053,mm
8,14:57:14,买,99.2200,1.0,9.92,99.2248,mm
8,14:57:35,买,99.2200,1.0,9.92,99.2251,mm
8,14:57:37,卖,99.2400,1.0,9.92,99.2385,mm
8,14:57:38,卖,99.2550,1.0,9.93,99.2509,mm
8,14:57:47,卖,99.2800,1.0,9.93,99.2771,mm
8,14:57:52,买,99.2650,1.0,9.93,99.2710,mm
8,14:57:53,卖,99.2850,1.0,9.93,99.2888,mm
8,14:58:07,卖,99.3000,1.0,9.93,99.2904,mm
8,14:58:08,卖,99.3050,1.0,9.93,99.3006,mm
8,14:58:17,买,99.3000,1.0,9.93,99.3056,mm
8,14:58:20,卖,99.3050,1.0,9.93,99.3002,mm
8,14:58:22,买,99.2900,1.0,9.93,99.2929,mm
8,14:58:31,卖,99.3200,1.0,9.93,99.3153,mm
8,14:58:37,卖,99.3100,1.0,9.93,99.3108,mm
8,14:58:46,买,99.3100,1.0,9.93,99.3184,mm
8,14:58:54,买,99.2900,1.0,9.93,99.2892,mm
8,14:59:09,买,99.2700,1.0,9.93,99.2757,mm
8,14:59:10,卖,99.2900,1.0,9.93,99.2784,mm
8,14:59:12,买,99.2650,1.0,9.93,99.2696,mm
8,14:59:13,买,99.2600,1.0,9.93,99.2606,mm
8,14:59:15,买,99.2500,1.0,9.93,99.2552,mm
8,14:59:17,买,99.2350,1.0,9.92,99.2379,mm
8,14:59:17,买,99.2250,1.0,9.92,99.2278,mm
8,14:59:23,买,99.2050,1.0,9.92,99.2082,mm
8,14:59:32,卖,99.2400,1.0,9.92,99.2355,mm
8,14:59:34,买,99.2250,1.0,9.92,99.2311,mm
8,14:59:38,卖,99.2450,1.0,9.92,99.2417,mm
8,14:59:43,卖,99.2750,1.0,9.93,99.2772,mm
8,14:59:45,买,99.2600,1.0,9.93,99.2653,mm
8,14:59:50,卖,99.2650,1.0,9.93,99.2604,mm
8,15:00:00,卖,99.2450,1.0,9.92,99.2389,mm
8,15:00:01,卖,99.2400,1.0,9.92,99.2459,mm
9,09:15:01,买,99.0150,1.0,9.90,99.0156,mm
9,09:15:11,买,98.9950,1.0,9.90,98.9999,mm
9,09:15:16,买,98.9800,1.0,9.90,98.9824,mm
9,09:15:18,卖,98.9900,1.0,9.90,98.9878,mm
9,09:15:24,卖,98.9850,1.0,9.90,98.9828,mm
9,09:15:27,卖,98.9950,1.0,9.90,98.9914,mm
9,09:15:32,买,98.9850,1.0,9.90,98.9912,mm
9,09:15:49,卖,99.0000,1.0,9.90,98.9972,mm
9,09:16:11,卖,99.0350,1.0,9.90,99.0319,mm
9,09:16:19,买,99.0000,1.0,9.90,99.0058,mm
9,09:16:25,买,98.9950,1.0,9.90,98.9872,mm
9,09:16:44,买,98.9250,1.0,9.89,98.9290,mm
9,09:16:46,卖,98.9350,1.0,9.89,98.9297,mm
9,09:17:28,卖,98.9900,1.0,9.90,98.9882,mm
9,09:17:31,买,98.9650,1.0,9.90,98.9709,mm
9,09:17:46,买,98.9150,1.0,9.89,98.9137,mm
9,09:17:47,卖,98.9250,1.0,9.89,98.9188,mm
9,09:17:50,卖,98.9350,1.0,9.89,98.9293,mm
9,09:17:51,买,98.9150,1.0,9.89,98.9193,mm
9,09:17:55,卖,98.9250,1.0,9.89,98.9212,mm
9,09:18:08,买,98.9150,1.0,9.89,98.9198,mm
9,09:18:09,买,98.9000,1.0,9.89,98.9042,mm
9,09:18:15,卖,98.9150,1.0,9.89,98.9125,mm
9,09:18:23,卖,98.9150,1.0,9.89,98.9076,mm
9,09:18:25,卖,98.9100,1.0,9.89,98.9024,mm
9,09:18:45,买,98.8950,1.0,9.89,98.8967,mm
9,09:19:05,买,98.8750,1.0,9.89,98.8937,mm
9,09:19:05,买,98.8750,1.0,9.89,98.8920,mm
9,09:19:06,买,98.8750,1.0,9.89,98.8878,mm
9,09:19:18,卖,98.8650,1.0,9.89,98.8560,mm
9,09:19:18,卖,98.8650,1.0,9.89,98.8530,mm
9,09:19:40,买,98.8600,1.0,9.89,98.8593,mm
9,09:19:57,卖,98.8750,1.0,9.89,98.8656,mm
9,09:20:03,买,98.8500,1.0,9.89,98.8560,mm
9,09:20:04,卖,98.8650,1.0,9.89,98.8623,mm
9,09:20:32,买,98.8350,1.0,9.88,98.8385,mm
9,09:20:51,卖,98.8150,1.0,9.88,98.8089,mm
9,09:20:54,卖,98.8300,1.0,9.88,98.8228,mm
9,09:21:12,买,98.7950,1.0,9.88,98.8000,mm
9,09:21:14,卖,98.8200,1.0,9.88,98.8153,mm
9,09:21:18,买,98.8150,1.0,9.88,98.8209,mm
9,09:21:24,卖,98.8500,1.0,9.89,98.8391,mm
9,09:21:26,买,98.8200,1.0,9.88,98.8246,mm
9,09:21:33,买,98.7950,1.0,9.88,98.7994,mm
9,09:21:39,卖,98.7950,1.0,9.88,98.7978,mm
9,09:21:41,卖,98.8100,1.0,9.88,98.8113,mm
9,09:21:57,买,98.7600,1.0,9.88,98.7614,mm
9,09:22:16,卖,98.7750,1.0,9.88,98.7720,mm
9,09:22:20,买,98.7600,1.0,9.88,98.7677,mm
9,09:22:27,卖,98.7950,1.0,9.88,98.7902,mm
9,09:22:38,买,98.8350,1.0,9.88,98.8378,mm
9,09:22:46,卖,98.8150,1.0,9.88,98.8157,mm
9,09:22:54,卖,98.8400,1.0,9.88,98.8347,mm
9,09:23:01,买,98.8250,1.0,9.88,98.8307,mm
9,09:23:06,卖,98.8450,1.0,9.88,98.8355,mm
9,09:23:09,买,98.8200,1.0,9.88,98.8249,mm
9,09:23:19,卖,98.8300,1.0,9.88,98.8217,mm
9,09:23:26,卖,98.8350,1.0,9.88,98.8360,mm
9,09:23:47,买,98.8950,1.0,9.89,98.9002,mm
9,09:23:56,买,98.9100,1.0,9.89,98.9156,mm
9,09:24:04,卖,98.9050,1.0,9.89,98.9013,mm
9,09:24:12,买,98.9200,1.0,9.89,98.9223,mm
9,09:24:21,买,98.9000,1.0,9.89,98.9061,mm
9,09:24:32,卖,98.8850,1.0,9.89,98.8800,mm
9,09:24:53,卖,98.8750,1.0,9.89,98.8639,mm
9,09:24:58,买,98.8500,1.0,9.89,98.8558,mm
9,09:25:08,卖,98.8600,1.0,9.89,98.8561,mm
9,09:25:15,买,98.8600,1.0,9.89,98.8620,mm
9,09:25:24,买,98.8400,1.0,9.88,98.8439,mm
9,09:25:32,卖,98.8350,1.0,9.88,98.8321,mm
9,09:25:39,买,98.8050,1.0,9.88,98.8055,mm
9,09:25:49,卖,98.8350,1.0,9.88,98.8269,mm
9,09:25:59,买,98.8250,1.0,9.88,98.8291,mm
9,09:26:01,卖,98.8350,1.0,9.88,98.8294,mm
9,09:26:17,卖,98.8500,1.0,9.89,98.8448,mm
9,09:26:21,买,98.8400,1.0,9.88,98.8458,mm
9,09:26:22,卖,98.8600,1.0,9.89,98.8627,mm
9,09:26:23,买,98.8550,1.0,9.89,98.8554,mm
9,09:26:25,买,98.8350,1.0,9.88,98.8396,mm
9,09:26:30,买,98.8200,1.0,9.88,98.8257,mm
9,09:26:34,买,98.8000,1.0,9.88,98.8040,mm
9,09:26:45,卖,98.7900,1.0,9.88,98.7960,mm
9,09:26:53,卖,98.8000,1.0,9.88,98.7959,mm
9,09:26:57,买,98.7750,1.0,9.88,98.7745,mm
9,09:27:00,卖,98.7700,1.0,9.88,98.7710,mm
9,09:27:06,卖,98.7700,1.0,9.88,98.7664,mm
9,09:27:41,买,98.7300,1.0,9.87,98.7361,mm
9,09:27:42,卖,98.7450,1.0,9.87,98.7398,mm
9,09:27:57,买,98.7250,1.0,9.87,98.7304,mm
9,09:27:58,卖,98.7400,1.0,9.87,98.7363,mm
9,09:28:27,买,98.6900,1.0,9.87,98.6956,mm
9,09:28:30,卖,98.6950,1.0,9.87,98.6868,mm
9,09:28:31,卖,98.7000,1.0,9.87,98.6952,mm
9,09:28:37,买,98.6950,1.0,9.87,98.7001,mm
9,09:29:20,买,98.7200,1.0,9.87,98.7259,mm
9,09:29:31,卖,98.7050,1.0,9.87,98.7067,mm
9,09:29:36,买,98.6950,1.0,9.87,98.7009,mm
9,09:29:37,卖,98.7050,1.0,9.87,98.6991,mm
9,09:29:46,买,98.6700,1.0,9.87,98.6737,mm
9,09:29:54,卖,98.6600,1.0,9.87,98.6600,mm
9,09:29:58,买,98.6450,1.0,9.86,98.6464,mm
9,09:30:03,卖,98.6500,1.0,9.87,98.6446,mm
9,09:30:06,卖,98.6400,1.0,9.86,98.6365,mm
9,09:30:07,买,98.6250,1.0,9.86,98.6296,mm
9,09:30:08,卖,98.6500,1.0,9.87,98.6442,mm
9,09:30:16,买,98.6600,1.0,9.87,98.6604,mm
9,09:30:46,买,98.6350,1.0,9.86,98.6358,mm
9,09:30:50,卖,98.6500,1.0,9.87,98.6458,mm
9,09:31:13,买,98.6650,1.0,9.87,98.6619,mm
9,09:31:15,卖,98.6700,1.0,9.87,98.6647,mm
9,09:31:30,买,98.6450,1.0,9.86,98.6475,mm
9,09:31:38,买,98.6150,1.0,9.86,98.6208,mm
9,09:31:41,卖,98.6050,1.0,9.86,98.5994,mm
9,09:31:48,卖,98.6100,1.0,9.86,98.6051,mm
9,09:31:52,卖,98.6300,1.0,9.86,98.6267,mm
9,09:32:11,买,98.6550,1.0,9.87,98.6604,mm
9,09:32:13,卖,98.6750,1.0,9.87,98.6732,mm
9,09:32:14,买,98.6650,1.0,9.87,98.6703,mm
9,09:32:37,卖,98.6500,1.0,9.87,98.6444,mm
9,09:32:55,买,98.6500,1.0,9.87,98.6504,mm
9,09:33:01,卖,98.6650,1.0,9.87,98.6604,mm
9,09:33:06,买,98.6450,1.0,9.86,98.6441,mm
9,09:33:39,买,98.6250,1.0,9.86,98.6288,mm
9,09:33:43,卖,98.6450,1.0,9.86,98.6390,mm
9,09:34:10,卖,98.6750,1.0,9.87,98.6646,mm
9,09:34:12,买,98.6550,1.0,9.87,98.6609,mm
9,09:34:16,买,98.6400,1.0,9.86,98.6424,mm
9,09:34:36,卖,98.6400,1.0,9.86,98.6391,mm
9,09:34:42,卖,98.6700,1.0,9.87,98.6651,mm
9,09:34:52,买,98.6500,1.0,9.87,98.6485,mm
9,09:35:28,买,98.6100,1.0,9.86,98.6066,mm
9,09:35:31,卖,98.6300,1.0,9.86,98.6229,mm
9,09:35:37,卖,98.6500,1.0,9.87,98.6489,mm
9,09:35:44,买,98.6600,1.0,9.87,98.6655,mm
9,09:36:20,卖,98.6800,1.0,9.87,98.6822,mm
9,09:36:35,买,98.6800,1.0,9.87,98.6747,mm
9,09:36:36,买,98.6650,1.0,9.87,98.6650,mm
9,09:36:44,卖,98.6600,1.0,9.87,98.6624,mm
9,09:36:46,买,98.6550,1.0,9.87,98.6525,mm
9,09:36:54,卖,98.6450,1.0,9.86,98.6493,mm
9,09:37:18,买,98.6750,1.0,9.87,98.6812,mm
9,09:37:52,卖,98.6600,1.0,9.87,98.6580,mm
9,09:37:55,卖,98.6750,1.0,9.87,98.6600,mm
9,09:37:58,买,98.6350,1.0,9.86,98.6399,mm
9,09:38:00,买,98.6200,1.0,9.86,98.6245,mm
9,09:38:02,买,98.6050,1.0,9.86,98.6067,mm
9,09:38:10,卖,98.6150,1.0,9.86,98.6123,mm
9,09:38:18,卖,98.6250,1.0,9.86,98.6276,mm
9,09:38:19,卖,98.6500,1.0,9.87,98.6441,mm
9,09:38:21,买,98.6300,1.0,9.86,98.6340,mm
9,09:38:37,卖,98.6400,1.0,9.86,98.6344,mm
9,09:38:53,买,98.6400,1.0,9.86,98.6350,mm
9,09:39:07,卖,98.6550,1.0,9.87,98.6496,mm
9,09:39:10,买,98.6450,1.0,9.86,98.6512,mm
9,09:39:12,卖,98.6800,1.0,9.87,98.6652,mm
9,09:39:17,卖,98.7050,1.0,9.87,98.7025,mm
9,09:39:31,买,98.6950,1.0,9.87,98.7005,mm
9,09:39:37,买,98.7100,1.0,9.87,98.7145,mm
9,09:40:12,买,98.7500,1.0,9.88,98.7556,mm
9,09:40:13,卖,98.7550,1.0,9.88,98.7512,mm
9,09:40:36,买,98.7600,1.0,9.88,98.7650,mm
9,09:40:40,卖,98.8000,1.0,9.88,98.7907,mm
9,09:40:44,买,98.7800,1.0,9.88,98.7847,mm
9,09:41:02,卖,98.7800,1.0,9.88,98.7756,mm
9,09:41:11,买,98.7550,1.0,9.88,98.7559,mm
9,09:41:15,卖,98.7500,1.0,9.88,98.7459,mm
9,09:42:00,卖,98.8300,1.0,9.88,98.8266,mm
9,09:42:03,买,98.8250,1.0,9.88,98.8300,mm
9,09:42:06,买,98.8150,1.0,9.88,98.8185,mm
9,09:42:23,卖,98.8500,1.0,9.89,98.8454,mm
9,09:42:28,买,98.8200,1.0,9.88,98.8228,mm
9,09:42:31,买,98.8200,1.0,9.88,98.8316,mm
9,09:42:32,卖,98.8450,1.0,9.88,98.8479,mm
9,09:42:39,卖,98.8650,1.0,9.89,98.8608,mm
9,09:42:44,卖,98.8900,1.0,9.89,98.8800,mm
9,09:42:46,买,98.8950,1.0,9.89,98.8949,mm
9,09:43:19,买,98.8100,1.0,9.88,98.8128,mm
9,09:43:29,卖,98.8300,1.0,9.88,98.8287,mm
9,09:44:00,买,98.8350,1.0,9.88,98.8319,mm
9,09:44:04,卖,98.8300,1.0,9.88,98.8286,mm
9,09:44:30,卖,98.8700,1.0,9.89,98.8561,mm
9,09:44:32,买,98.8500,1.0,9.89,98.8555,mm
9,09:44:34,卖,98.8800,1.0,9.89,98.8877,mm
9,09:44:47,买,98.8950,1.0,9.89,98.8994,mm
9,09:44:52,卖,98.9300,1.0,9.89,98.9251,mm
9,09:45:01,买,98.9150,1.0,9.89,98.9107,mm
9,09:45:36,卖,98.9150,1.0,9.89,98.9131,mm
9,09:45:36,买,98.9050,1.0,9.89,98.9045,mm
9,09:46:15,买,98.9650,1.0,9.90,98.9712,mm
9,09:46:16,卖,98.9800,1.0,9.90,98.9771,mm
9,09:46:22,买,98.9700,1.0,9.90,98.9688,mm
9,09:46:24,卖,98.9700,1.0,9.90,98.9702,mm
9,09:46:29,卖,98.9850,1.0,9.90,98.9705,mm
9,09:46:30,买,98.9600,1.0,9.90,98.9635,mm
9,09:46:40,卖,98.9700,1.0,9.90,98.9628,mm
9,09:46:42,买,98.9550,1.0,9.90,98.9643,mm
9,09:47:32,买,99.0100,1.0,9.90,99.0129,mm
9,09:47:34,卖,99.0200,1.0,9.90,99.0112,mm
9,09:47:35,卖,99.0200,1.0,9.90,99.0119,mm
9,09:47:40,买,99.0050,1.0,9.90,99.0105,mm
9,09:47:43,卖,99.0400,1.0,9.90,99.0372,mm
9,09:47:44,买,99.0300,1.0,9.90,99.0334,mm
9,09:47:45,卖,99.0500,1.0,9.91,99.0398,mm
9,09:47:45,买,99.0300,1.0,9.90,99.0336,mm
9,09:48:06,卖,99.0350,1.0,9.90,99.0278,mm
9,09:48:11,买,99.0200,1.0,9.90,99.0209,mm
9,09:48:14,卖,99.0300,1.0,9.90,99.0300,mm
9,09:48:24,买,99.0200,1.0,9.90,99.0256,mm
9,09:48:28,卖,99.0400,1.0,9.90,99.0276,mm
9,09:48:32,买,99.0250,1.0,9.90,99.0343,mm
9,09:49:03,卖,99.0650,1.0,9.91,99.0518,mm
9,09:49:14,买,99.0300,1.0,9.90,99.0258,mm
9,09:49:23,卖,99.0400,1.0,9.90,99.0322,mm
9,09:49:25,买,99.0250,1.0,9.90,99.0239,mm
9,09:49:28,买,99.0100,1.0,9.90,99.0157,mm
9,09:49:41,卖,98.9900,1.0,9.90,98.9808,mm
9,09:49:48,买,98.9600,1.0,9.90,98.9622,mm
9,09:49:50,卖,98.9700,1.0,9.90,98.9620,mm
9,09:50:17,买,98.9950,1.0,9.90,98.9986,mm
9,09:50:35,卖,99.0150,1.0,9.90,99.0182,mm
9,09:50:43,卖,99.0450,1.0,9.90,99.0397,mm
9,09:50:54,买,99.0350,1.0,9.90,99.0400,mm
9,09:52:07,买,99.1000,1.0,9.91,99.1055,mm
9,09:52:11,卖,99.1100,1.0,9.91,99.1081,mm
9,09:52:17,买,99.0900,1.0,9.91,99.0919,mm
9,09:52:25,卖,99.0900,1.0,9.91,99.0873,mm
9,09:52:30,卖,99.0900,1.0,9.91,99.0811,mm
9,09:52:38,卖,99.1150,1.0,9.91,99.1065,mm
9,09:52:43,买,99.1100,1.0,9.91,99.1087,mm
9,09:52:43,买,99.1000,1.0,9.91,99.1049,mm
9,09:52:54,买,99.0800,1.0,9.91,99.0883,mm
9,09:53:03,卖,99.0450,1.0,9.90,99.0388,mm
9,09:53:14,卖,99.0800,1.0,9.91,99.0748,mm
9,09:53:17,卖,99.1000,1.0,9.91,99.0842,mm
9,09:53:25,买,99.0800,1.0,9.91,99.0773,mm
9,09:53:26,买,99.0700,1.0,9.91,99.0689,mm
9,09:53:30,卖,99.0900,1.0,9.91,99.0832,mm
9,09:53:35,买,99.0850,1.0,9.91,99.0860,mm
9,09:54:25,买,99.0600,1.0,9.91,99.0659,mm
9,09:54:35,卖,99.0850,1.0,9.91,99.0890,mm
9,09:54:35,卖,99.1050,1.0,9.91,99.1037,mm
9,09:54:37,买,99.1100,1.0,9.91,99.1132,mm
9,09:54:41,买,99.0950,1.0,9.91,99.0989,mm
9,09:54:44,卖,99.1100,1.0,9.91,99.1058,mm
9,09:54:45,买,99.0900,1.0,9.91,99.0951,mm
9,09:55:03,买,99.0650,1.0,9.91,99.0710,mm
9,09:55:05,卖,99.0750,1.0,9.91,99.0792,mm
9,09:55:17,卖,99.0350,1.0,9.90,99.0296,mm
9,09:55:23,买,99.0200,1.0,9.90,99.0168,mm
9,09:55:38,卖,99.0300,1.0,9.90,99.0240,mm
9,09:56:02,卖,99.0350,1.0,9.90,99.0289,mm
9,09:56:03,买,99.0200,1.0,9.90,99.0174,mm
9,09:56:09,卖,99.0450,1.0,9.90,99.0415,mm
9,09:56:15,买,99.0250,1.0,9.90,99.0224,mm
9,09:56:19,卖,99.0250,1.0,9.90,99.0208,mm
9,09:56:23,买,99.0100,1.0,9.90,99.0157,mm
9,09:56:28,卖,99.0150,1.0,9.90,99.0133,mm
9,09:57:03,买,99.0400,1.0,9.90,99.0432,mm
9,09:57:09,卖,99.0500,1.0,9.91,99.0480,mm
9,09:57:11,买,99.0450,1.0,9.90,99.0485,mm
9,09:57:25,卖,99.1050,1.0,9.91,99.1072,mm
9,09:57:30,买,99.1050,1.0,9.91,99.1107,mm
9,09:57:32,买,99.1000,1.0,9.91,99.1024,mm
9,09:57:49,卖,99.1150,1.0,9.91,99.1093,mm
9,09:57:54,卖,99.1150,1.0,9.91,99.1124,mm
9,09:58:02,买,99.1200,1.0,9.91,99.1218,mm
9,09:58:06,买,99.1000,1.0,9.91,99.0983,mm
9,09:58:20,卖,99.0850,1.0,9.91,99.0827,mm
9,09:58:23,卖,99.1100,1.0,9.91,99.1048,mm
9,09:58:25,买,99.1050,1.0,9.91,99.1060,mm
9,09:58:37,卖,99.1150,1.0,9.91,99.1044,mm
9,09:58:41,买,99.0950,1.0,9.91,99.1011,mm
9,09:58:52,卖,99.1100,1.0,9.91,99.1048,mm
9,09:58:55,卖,99.1450,1.0,9.91,99.1463,mm
9,09:58:58,买,99.1400,1.0,9.91,99.1404,mm
9,09:59:15,买,99.1350,1.0,9.91,99.1414,mm
9,09:59:58,卖,99.1450,1.0,9.91,99.1394,mm
9,09:59:59,卖,99.1600,1.0,9.92,99.1683,mm
9,10:00:03,买,99.1750,1.0,9.92,99.1736,mm
9,10:00:04,买,99.1650,1.0,9.92,99.1616,mm
9,10:00:08,卖,99.1800,1.0,9.92,99.1657,mm
9,10:00:24,卖,99.2000,1.0,9.92,99.1836,mm
9,10:00:49,买,99.2100,1.0,9.92,99.2067,mm
9,10:00:56,买,99.2100,1.0,9.92,99.2116,mm
9,10:01:18,卖,99.2050,1.0,9.92,99.2013,mm
9,10:01:23,买,99.1800,1.0,9.92,99.1837,mm
9,10:01:37,买,99.1700,1.0,9.92,99.1757,mm
9,10:01:52,卖,99.2050,1.0,9.92,99.2034,mm
9,10:01:54,买,99.1850,1.0,9.92,99.1903,mm
9,10:01:55,卖,99.1900,1.0,9.92,99.1916,mm
9,10:02:41,买,99.2050,1.0,9.92,99.2111,mm
9,10:02:43,卖,99.2200,1.0,9.92,99.2149,mm
9,10:02:47,买,99.2100,1.0,9.92,99.2160,mm
9,10:02:57,卖,99.2150,1.0,9.92,99.2054,mm
9,10:03:05,买,99.1750,1.0,9.92,99.1794,mm
9,10:03:16,卖,99.1600,1.0,9.92,99.1566,mm
9,10:03:38,卖,99.1550,1.0,9.92,99.1471,mm
9,10:03:44,买,99.1400,1.0,9.91,99.1418,mm
9,10:03:47,卖,99.1950,1.0,9.92,99.1896,mm
9,10:03:55,买,99.1700,1.0,9.92,99.1715,mm
9,10:03:58,卖,99.1950,1.0,9.92,99.1933,mm
9,10:04:06,买,99.2000,1.0,9.92,99.2057,mm
9,10:04:24,卖,99.2300,1.0,9.92,99.2244,mm
9,10:04:35,买,99.2550,1.0,9.93,99.2593,mm
9,10:04:40,卖,99.2700,1.0,9.93,99.2522,mm
9,10:04:46,买,99.2650,1.0,9.93,99.2686,mm
9,10:04:57,卖,99.3100,1.0,9.93,99.3002,mm
9,10:05:03,买,99.2800,1.0,9.93,99.2849,mm
9,10:05:06,买,99.2450,1.0,9.92,99.2473,mm
9,10:05:07,卖,99.2550,1.0,9.93,99.2513,mm
9,10:05:10,买,99.2350,1.0,9.92,99.2367,mm
9,10:05:12,卖,99.2400,1.0,9.92,99.2419,mm
9,10:05:16,卖,99.2850,1.0,9.93,99.2743,mm
9,10:05:17,买,99.2650,1.0,9.93,99.2659,mm
9,10:05:18,卖,99.2800,1.0,9.93,99.2889,mm
9,10:05:21,买,99.2650,1.0,9.93,99.2712,mm
9,10:05:48,买,99.2400,1.0,9.92,99.2437,mm
9,10:05:52,卖,99.2450,1.0,9.92,99.2400,mm
9,10:06:11,买,99.2250,1.0,9.92,99.2308,mm
9,10:06:21,卖,99.2250,1.0,9.92,99.2300,mm
9,10:06:28,卖,99.2400,1.0,9.92,99.2407,mm
9,10:06:31,买,99.2300,1.0,9.92,99.2322,mm
9,10:06:34,卖,99.2500,1.0,9.93,99.2430,mm
9,10:06:39,买,99.2300,1.0,9.92,99.2319,mm
9,10:06:47,买,99.1900,1.0,9.92,99.1957,mm
9,10:06:51,卖,99.2150,1.0,9.92,99.2136,mm
9,10:07:15,卖,99.2700,1.0,9.93,99.2600,mm
9,10:07:16,买,99.2500,1.0,9.93,99.2534,mm
9,10:07:33,买,99.2350,1.0,9.92,99.2412,mm
9,10:07:38,卖,99.2550,1.0,9.93,99.2563,mm
9,10:07:49,买,99.2400,1.0,9.92,99.2442,mm
9,10:08:00,卖,99.2400,1.0,9.92,99.2375,mm
9,10:08:17,买,99.2150,1.0,9.92,99.2204,mm
9,10:08:22,卖,99.2200,1.0,9.92,99.2176,mm
9,10:08:44,买,99.2400,1.0,9.92,99.2457,mm
9,10:08:47,卖,99.2500,1.0,9.93,99.2444,mm
9,10:08:59,卖,99.2600,1.0,9.93,99.2414,mm
9,10:09:00,买,99.2300,1.0,9.92,99.2342,mm
9,10:09:06,卖,99.2500,1.0,9.93,99.2420,mm
9,10:09:19,买,99.2350,1.0,9.92,99.2406,mm
9,10:09:31,买,99.2500,1.0,9.93,99.2521,mm
9,10:09:51,卖,99.2500,1.0,9.93,99.2462,mm
9,10:09:53,买,99.2150,1.0,9.92,99.2190,mm
9,10:10:27,卖,99.1850,1.0,9.92,99.1858,mm
9,10:10:29,买,99.1700,1.0,9.92,99.1753,mm
9,10:10:45,卖,99.1650,1.0,9.92,99.1551,mm
9,10:10:59,卖,99.1650,1.0,9.92,99.1644,mm
9,10:11:01,买,99.1500,1.0,9.92,99.1543,mm
9,10:11:04,卖,99.1850,1.0,9.92,99.1873,mm
9,10:11:10,买,99.1850,1.0,9.92,99.1909,mm
9,10:11:32,卖,99.2350,1.0,9.92,99.2329,mm
9,10:11:57,买,99.2600,1.0,9.93,99.2580,mm
9,10:12:12,买,99.2800,1.0,9.93,99.2861,mm
9,10:12:13,买,99.2650,1.0,9.93,99.2697,mm
9,10:12:16,卖,99.2700,1.0,9.93,99.2688,mm
9,10:12:18,卖,99.2850,1.0,9.93,99.2829,mm
9,10:13:09,卖,99.2850,1.0,9.93,99.2826,mm
9,10:13:10,买,99.2750,1.0,9.93,99.2802,mm
9,10:13:20,买,99.2750,1.0,9.93,99.2812,mm
9,10:13:24,卖,99.2700,1.0,9.93,99.2664,mm
9,10:14:04,卖,99.2700,1.0,9.93,99.2609,mm
9,10:14:14,卖,99.3050,1.0,9.93,99.3003,mm
9,10:14:15,买,99.3000,1.0,9.93,99.2988,mm
9,10:14:16,买,99.3000,1.0,9.93,99.3043,mm
9,10:14:45,卖,99.2750,1.0,9.93,99.2684,mm
9,10:14:46,买,99.2550,1.0,9.93,99.2591,mm
9,10:15:26,买,99.2950,1.0,9.93,99.3012,mm
9,10:15:28,卖,99.3100,1.0,9.93,99.3057,mm
9,10:15:42,卖,99.3250,1.0,9.93,99.3240,mm
9,10:16:03,买,99.3500,1.0,9.94,99.3604,mm
9,10:16:10,卖,99.3900,1.0,9.94,99.3818,mm
9,10:16:17,卖,99.4100,1.0,9.94,99.4053,mm
9,10:16:24,买,99.4200,1.0,9.94,99.4202,mm
9,10:16:28,买,99.4150,1.0,9.94,99.4192,mm
9,10:16:44,卖,99.4350,1.0,9.94,99.4375,mm
9,10:16:46,买,99.4300,1.0,9.94,99.4345,mm
9,10:16:48,卖,99.4550,1.0,9.95,99.4420,mm
9,10:16:57,买,99.4450,1.0,9.94,99.4498,mm
9,10:16:59,买,99.4400,1.0,9.94,99.4440,mm
9,10:17:13,卖,99.4600,1.0,9.95,99.4550,mm
9,10:17:24,卖,99.5100,1.0,9.95,99.5002,mm
9,10:17:29,买,99.4750,1.0,9.95,99.4728,mm
9,10:17:38,买,99.4400,1.0,9.94,99.4459,mm
9,10:17:45,卖,99.4500,1.0,9.95,99.4424,mm
9,10:18:00,卖,99.4350,1.0,9.94,99.4305,mm
9,10:18:04,买,99.4250,1.0,9.94,99.4311,mm
9,10:19:14,卖,99.4200,1.0,9.94,99.4152,mm
9,10:19:17,买,99.4000,1.0,9.94,99.4053,mm
9,10:19:24,卖,99.4200,1.0,9.94,99.4141,mm
9,10:19:28,买,99.4200,1.0,9.94,99.4185,mm
9,10:19:31,买,99.4050,1.0,9.94,99.4068,mm
9,10:19:40,买,99.3900,1.0,9.94,99.3877,mm
9,10:19:48,卖,99.3750,1.0,9.94,99.3717,mm
9,10:19:59,卖,99.3650,1.0,9.94,99.3590,mm
9,10:20:25,买,99.3850,1.0,9.94,99.3884,mm
9,10:20:40,卖,99.3650,1.0,9.94,99.3606,mm
9,10:21:24,卖,99.3650,1.0,9.94,99.3631,mm
9,10:21:37,买,99.4000,1.0,9.94,99.4043,mm
9,10:21:45,买,99.3950,1.0,9.94,99.4005,mm
9,10:22:06,买,99.3700,1.0,9.94,99.3757,mm
9,10:22:22,卖,99.3750,1.0,9.94,99.3760,mm
9,10:22:29,买,99.3550,1.0,9.94,99.3612,mm
9,10:22:47,卖,99.3700,1.0,9.94,99.3697,mm
9,10:23:11,卖,99.3700,1.0,9.94,99.3715,mm
9,10:23:17,卖,99.3750,1.0,9.94,99.3738,mm
9,10:23:30,买,99.3700,1.0,9.94,99.3699,mm
9,10:23:55,买,99.3900,1.0,9.94,99.3960,mm
9,10:24:00,买,99.3950,1.0,9.94,99.4184,mm
9,10:24:00,买,99.3950,1.0,9.94,99.4161,mm
9,10:24:09,卖,99.4200,1.0,9.94,99.4244,mm
9,10:24:11,卖,99.4250,1.0,9.94,99.4194,mm
9,10:24:13,卖,99.4300,1.0,9.94,99.4239,mm
9,10:24:30,买,99.3850,1.0,9.94,99.3858,mm
9,10:24:33,卖,99.3950,1.0,9.94,99.3853,mm
9,10:24:40,卖,99.4050,1.0,9.94,99.4002,mm
9,10:24:55,买,99.4000,1.0,9.94,99.4057,mm
9,10:25:18,买,99.4200,1.0,9.94,99.4233,mm
9,10:25:20,卖,99.4300,1.0,9.94,99.4283,mm
9,10:25:23,买,99.4100,1.0,9.94,99.4155,mm
9,10:25:29,卖,99.4050,1.0,9.94,99.4015,mm
9,10:25:30,卖,99.4150,1.0,9.94,99.4010,mm
9,10:25:31,买,99.3950,1.0,9.94,99.4050,mm
9,10:25:58,卖,99.3450,1.0,9.93,99.3325,mm
9,10:26:11,买,99.3350,1.0,9.93,99.3385,mm
9,10:26:20,买,99.3250,1.0,9.93,99.3237,mm
9,10:26:28,卖,99.3450,1.0,9.93,99.3406,mm
9,10:26:32,卖,99.3400,1.0,9.93,99.3454,mm
9,10:26:33,买,99.3350,1.0,9.93,99.3382,mm
9,10:26:34,卖,99.3550,1.0,9.94,99.3433,mm
9,10:26:36,买,99.3450,1.0,9.93,99.3580,mm
9,10:26:43,卖,99.3550,1.0,9.94,99.3525,mm
9,10:26:44,买,99.3450,1.0,9.93,99.3499,mm
9,10:26:48,卖,99.3500,1.0,9.94,99.3389,mm
9,10:26:51,买,99.3400,1.0,9.93,99.3428,mm
9,10:26:55,卖,99.3550,1.0,9.94,99.3488,mm
9,10:26:59,买,99.3400,1.0,9.93,99.3456,mm
9,10:27:09,买,99.3500,1.0,9.94,99.3561,mm
9,10:27:31,卖,99.3150,1.0,9.93,99.3111,mm
9,10:28:00,买,99.3450,1.0,9.93,99.3466,mm
9,10:28:05,卖,99.3350,1.0,9.93,99.3324,mm
9,10:28:10,买,99.3200,1.0,9.93,99.3254,mm
9,10:28:12,卖,99.3350,1.0,9.93,99.3311,mm
9,10:28:35,买,99.3150,1.0,9.93,99.3156,mm
9,10:28:41,卖,99.3350,1.0,9.93,99.3315,mm
9,10:29:16,买,99.3150,1.0,9.93,99.3144,mm
9,10:29:23,卖,99.3050,1.0,9.93,99.3021,mm
9,10:29:26,买,99.2900,1.0,9.93,99.2948,mm
9,10:29:31,卖,99.2800,1.0,9.93,99.2768,mm
9,10:29:43,买,99.2700,1.0,9.93,99.2744,mm
9,10:29:50,卖,99.2650,1.0,9.93,99.2666,mm
9,10:29:54,卖,99.2750,1.0,9.93,99.2659,mm
9,10:29:59,买,99.2950,1.0,9.93,99.2982,mm
9,10:30:04,卖,99.3350,1.0,9.93,99.3283,mm
9,10:30:08,买,99.3100,1.0,9.93,99.3119,mm
9,10:30:14,买,99.3150,1.0,9.93,99.3153,mm
9,10:30:22,卖,99.3150,1.0,9.93,99.3090,mm
9,10:30:31,买,99.2950,1.0,9.93,99.3009,mm
9,10:30:32,卖,99.3100,1.0,9.93,99.3141,mm
9,10:30:38,买,99.3200,1.0,9.93,99.3254,mm
9,10:30:59,卖,99.3000,1.0,9.93,99.2986,mm
9,10:31:00,卖,99.3150,1.0,9.93,99.3055,mm
9,10:31:20,买,99.3350,1.0,9.93,99.3374,mm
9,10:31:21,卖,99.3550,1.0,9.94,99.3442,mm
9,10:31:24,买,99.3350,1.0,9.93,99.3402,mm
9,10:31:26,买,99.3250,1.0,9.93,99.3288,mm
9,10:31:33,卖,99.3200,1.0,9.93,99.3129,mm
9,10:31:55,买,99.2700,1.0,9.93,99.2754,mm
9,10:32:26,卖,99.3100,1.0,9.93,99.3119,mm
9,10:32:30,卖,99.3350,1.0,9.93,99.3266,mm
9,10:32:32,卖,99.3450,1.0,9.93,99.3309,mm
9,10:32:33,买,99.3250,1.0,9.93,99.3254,mm
9,10:32:40,买,99.3350,1.0,9.93,99.3337,mm
9,10:33:05,买,99.3400,1.0,9.93,99.3454,mm
9,10:33:19,卖,99.3450,1.0,9.93,99.3404,mm
9,10:33:31,卖,99.3550,1.0,9.94,99.3534,mm
9,10:33:36,买,99.3500,1.0,9.94,99.3552,mm
9,10:33:55,卖,99.3550,1.0,9.94,99.3395,mm
9,10:34:04,买,99.3500,1.0,9.94,99.3556,mm
9,10:34:25,卖,99.3750,1.0,9.94,99.3715,mm
9,10:34:29,买,99.3650,1.0,9.94,99.3658,mm
9,10:34:41,买,99.3700,1.0,9.94,99.3699,mm
9,10:34:59,卖,99.3450,1.0,9.93,99.3414,mm
9,10:35:09,买,99.3300,1.0,9.93,99.3335,mm
9,10:35:34,卖,99.3350,1.0,9.93,99.3312,mm
9,10:35:40,卖,99.3400,1.0,9.93,99.3293,mm
9,10:35:43,买,99.3100,1.0,9.93,99.3103,mm
9,10:35:46,卖,99.3350,1.0,9.93,99.3340,mm
9,10:35:53,买,99.3350,1.0,9.93,99.3374,mm
9,10:36:11,卖,99.3450,1.0,9.93,99.3491,mm
9,10:36:17,买,99.3300,1.0,9.93,99.3353,mm
9,10:36:24,卖,99.3400,1.0,9.93,99.3349,mm
9,10:36:31,买,99.3300,1.0,9.93,99.3319,mm
9,10:36:39,买,99.3050,1.0,9.93,99.3155,mm
9,10:36:47,卖,99.3150,1.0,9.93,99.3185,mm
9,10:37:03,买,99.3200,1.0,9.93,99.3250,mm
9,10:37:09,卖,99.3200,1.0,9.93,99.3158,mm
9,10:37:32,买,99.2900,1.0,9.93,99.2956,mm
9,10:37:37,卖,99.2800,1.0,9.93,99.2753,mm
9,10:37:51,卖,99.3200,1.0,9.93,99.3175,mm
9,10:38:11,买,99.3250,1.0,9.93,99.3340,mm
9,10:38:33,卖,99.3400,1.0,9.93,99.3365,mm
9,10:38:38,买,99.3300,1.0,9.93,99.3340,mm
9,10:39:04,卖,99.3400,1.0,9.93,99.3325,mm
9,10:39:05,买,99.3200,1.0,9.93,99.3248,mm
9,10:39:19,买,99.3200,1.0,9.93,99.3197,mm
9,10:39:26,卖,99.3250,1.0,9.93,99.3222,mm
9,10:39:43,买,99.3100,1.0,9.93,99.3143,mm
9,10:40:00,卖,99.3000,1.0,9.93,99.2932,mm
9,10:40:04,买,99.2650,1.0,9.93,99.2663,mm
9,10:40:05,卖,99.2750,1.0,9.93,99.2715,mm
9,10:40:23,卖,99.3100,1.0,9.93,99.3062,mm
9,10:40:32,买,99.3150,1.0,9.93,99.3176,mm
9,10:40:33,买,99.3000,1.0,9.93,99.3053,mm
9,10:40:38,卖,99.3150,1.0,9.93,99.3116,mm
9,10:40:58,买,99.3300,1.0,9.93,99.3359,mm
9,10:41:04,卖,99.3550,1.0,9.94,99.3527,mm
9,10:41:08,卖,99.3550,1.0,9.94,99.3531,mm
9,10:41:17,买,99.3450,1.0,9.93,99.3512,mm
9,10:41:29,卖,99.3650,1.0,9.94,99.3595,mm
9,10:41:38,卖,99.3900,1.0,9.94,99.3749,mm
9,10:41:39,买,99.3650,1.0,9.94,99.3640,mm
9,10:41:42,买,99.3600,1.0,9.94,99.3603,mm
9,10:41:45,买,99.3400,1.0,9.93,99.3436,mm
9,10:41:47,卖,99.3500,1.0,9.94,99.3477,mm
9,10:41:52,买,99.3250,1.0,9.93,99.3285,mm
9,10:41:57,卖,99.3400,1.0,9.93,99.3363,mm
9,10:42:24,卖,99.3250,1.0,9.93,99.3268,mm
9,10:42:28,买,99.3100,1.0,9.93,99.3127,mm
9,10:42:45,买,99.2950,1.0,9.93,99.2986,mm
9,10:42:47,卖,99.3050,1.0,9.93,99.3083,mm
9,10:42:48,卖,99.3250,1.0,9.93,99.3238,mm
9,10:42:50,买,99.3150,1.0,9.93,99.3149,mm
9,10:42:52,卖,99.3150,1.0,9.93,99.3090,mm
9,10:43:06,买,99.3500,1.0,9.94,99.3598,mm
9,10:43:09,买,99.3400,1.0,9.93,99.3515,mm
9,10:43:18,卖,99.3800,1.0,9.94,99.3745,mm
9,10:43:41,买,99.3750,1.0,9.94,99.3803,mm
9,10:43:41,卖,99.3900,1.0,9.94,99.3939,mm
9,10:43:46,买,99.3950,1.0,9.94,99.3978,mm
9,10:43:56,卖,99.3900,1.0,9.94,99.3866,mm
9,10:43:57,卖,99.4000,1.0,9.94,99.3931,mm
9,10:43:57,买,99.3800,1.0,9.94,99.3810,mm
9,10:44:08,卖,99.3850,1.0,9.94,99.3854,mm
9,10:44:12,买,99.3800,1.0,9.94,99.3815,mm
9,10:44:34,卖,99.3950,1.0,9.94,99.3918,mm
9,10:44:35,卖,99.4000,1.0,9.94,99.3888,mm
9,10:44:38,卖,99.4050,1.0,9.94,99.3875,mm
9,10:44:50,买,99.3900,1.0,9.94,99.3896,mm
9,10:44:50,买,99.3850,1.0,9.94,99.3858,mm
9,10:44:57,买,99.3700,1.0,9.94,99.3742,mm
9,10:45:09,买,99.3300,1.0,9.93,99.3351,mm
9,10:45:19,卖,99.3400,1.0,9.93,99.3385,mm
9,10:45:27,卖,99.3550,1.0,9.94,99.3524,mm
9,10:45:28,买,99.3450,1.0,9.93,99.3494,mm
9,10:45:31,卖,99.3750,1.0,9.94,99.3725,mm
9,10:45:46,买,99.3700,1.0,9.94,99.3684,mm
9,10:46:08,卖,99.3900,1.0,9.94,99.3893,mm
9,10:46:15,买,99.3750,1.0,9.94,99.3811,mm
9,10:46:28,卖,99.4250,1.0,9.94,99.4233,mm
9,10:46:29,买,99.4150,1.0,9.94,99.4194,mm
9,10:46:36,买,99.3950,1.0,9.94,99.4003,mm
9,10:46:42,买,99.3700,1.0,9.94,99.3739,mm
9,10:46:46,卖,99.3800,1.0,9.94,99.3767,mm
9,10:46:55,卖,99.3400,1.0,9.93,99.3307,mm
9,10:47:14,卖,99.3350,1.0,9.93,99.3304,mm
9,10:47:15,买,99.3200,1.0,9.93,99.3243,mm
9,10:47:19,买,99.3200,1.0,9.93,99.3254,mm
9,10:47:30,买,99.3000,1.0,9.93,99.3045,mm
9,10:47:33,卖,99.3100,1.0,9.93,99.3081,mm
9,10:48:09,卖,99.3100,1.0,9.93,99.3044,mm
9,10:48:31,买,99.2850,1.0,9.93,99.2830,mm
9,10:48:36,买,99.2650,1.0,9.93,99.2711,mm
9,10:48:40,卖,99.2600,1.0,9.93,99.2568,mm
9,10:48:50,买,99.2350,1.0,9.92,99.2392,mm
9,10:49:03,卖,99.2400,1.0,9.92,99.2369,mm
9,10:49:05,买,99.2200,1.0,9.92,99.2228,mm
9,10:49:19,买,99.1600,1.0,9.92,99.1662,mm
9,10:49:23,卖,99.1550,1.0,9.92,99.1584,mm
9,10:49:26,卖,99.1650,1.0,9.92,99.1649,mm
9,10:49:36,卖,99.1650,1.0,9.92,99.1624,mm
9,10:50:00,买,99.1500,1.0,9.92,99.1559,mm
9,10:50:06,卖,99.1650,1.0,9.92,99.1667,mm
9,10:50:14,买,99.1600,1.0,9.92,99.1660,mm
9,10:50:24,卖,99.1400,1.0,9.91,99.1425,mm
9,10:50:34,买,99.1150,1.0,9.91,99.1154,mm
9,10:50:42,卖,99.1150,1.0,9.91,99.1154,mm
9,10:50:57,卖,99.1600,1.0,9.92,99.1543,mm
9,10:51:06,卖,99.2000,1.0,9.92,99.1945,mm
9,10:51:11,买,99.2050,1.0,9.92,99.2025,mm
9,10:51:12,买,99.1800,1.0,9.92,99.1767,mm
9,10:51:48,买,99.2300,1.0,9.92,99.2313,mm
9,10:52:02,卖,99.2300,1.0,9.92,99.2266,mm
9,10:52:17,卖,99.2650,1.0,9.93,99.2612,mm
9,10:52:22,买,99.2500,1.0,9.93,99.2557,mm
9,10:52:28,卖,99.2850,1.0,9.93,99.2789,mm
9,10:52:37,买,99.2800,1.0,9.93,99.2824,mm
9,10:52:53,买,99.2550,1.0,9.93,99.2528,mm
9,10:53:01,卖,99.2600,1.0,9.93,99.2648,mm
9,10:53:07,买,99.2200,1.0,9.92,99.2203,mm
9,10:53:23,卖,99.2450,1.0,9.92,99.2569,mm
9,10:53:57,卖,99.3000,1.0,9.93,99.2978,mm
9,10:54:03,买,99.3050,1.0,9.93,99.3110,mm
9,10:54:43,买,99.2650,1.0,9.93,99.2611,mm
9,10:54:46,卖,99.2700,1.0,9.93,99.2651,mm
9,10:54:50,买,99.2500,1.0,9.93,99.2479,mm
9,10:55:05,卖,99.2600,1.0,9.93,99.2553,mm
9,10:55:41,买,99.1950,1.0,9.92,99.2001,mm
9,10:56:03,卖,99.2050,1.0,9.92,99.2002,mm
9,10:56:44,卖,99.2400,1.0,9.92,99.2271,mm
9,10:56:45,买,99.2150,1.0,9.92,99.2199,mm
9,10:57:00,买,99.2100,1.0,9.92,99.2148,mm
9,10:57:04,卖,99.2300,1.0,9.92,99.2263,mm
9,10:57:12,卖,99.2350,1.0,9.92,99.2301,mm
9,10:57:15,买,99.2100,1.0,9.92,99.2156,mm
9,10:57:38,买,99.1850,1.0,9.92,99.1888,mm
9,10:57:49,卖,99.1750,1.0,9.92,99.1725,mm
9,10:57:51,买,99.1600,1.0,9.92,99.1662,mm
9,10:58:22,卖,99.1400,1.0,9.91,99.1338,mm
9,10:58:30,买,99.1150,1.0,9.91,99.1172,mm
9,10:58:48,卖,99.1200,1.0,9.91,99.1141,mm
9,10:58:54,买,99.1000,1.0,9.91,99.1033,mm
9,10:59:19,卖,99.0850,1.0,9.91,99.0803,mm
9,10:59:33,卖,99.1100,1.0,9.91,99.0966,mm
9,10:59:42,买,99.0850,1.0,9.91,99.0866,mm
9,11:00:16,买,99.0850,1.0,9.91,99.0877,mm
9,11:00:34,卖,99.1200,1.0,9.91,99.1119,mm
9,11:00:37,卖,99.1300,1.0,9.91,99.1240,mm
9,11:00:51,买,99.1350,1.0,9.91,99.1374,mm
9,11:01:07,买,99.1250,1.0,9.91,99.1302,mm
9,11:01:15,卖,99.1250,1.0,9.91,99.1158,mm
9,11:01:16,买,99.0900,1.0,9.91,99.0823,mm
9,11:01:25,卖,99.1050,1.0,9.91,99.1035,mm
9,11:01:35,买,99.0550,1.0,9.91,99.0551,mm
9,11:01:45,卖,99.0700,1.0,9.91,99.0638,mm
9,11:01:53,买,99.0500,1.0,9.91,99.0543,mm
9,11:01:54,买,99.0350,1.0,9.90,99.0409,mm
9,11:01:55,卖,99.0450,1.0,9.90,99.0462,mm
9,11:01:56,卖,99.0550,1.0,9.91,99.0517,mm
9,11:01:59,卖,99.0600,1.0,9.91,99.0578,mm
9,11:02:00,买,99.0500,1.0,9.91,99.0557,mm
9,11:02:33,卖,99.0550,1.0,9.91,99.0444,mm
9,11:02:35,买,99.0350,1.0,9.90,99.0399,mm
9,11:02:36,买,99.0250,1.0,9.90,99.0287,mm
9,11:02:51,卖,99.0150,1.0,9.90,99.0121,mm
9,11:02:56,买,98.9950,1.0,9.90,99.0000,mm
9,11:03:02,卖,99.0050,1.0,9.90,99.0021,mm
9,11:03:15,买,98.9950,1.0,9.90,99.0012,mm
9,11:03:22,买,98.9750,1.0,9.90,98.9744,mm
9,11:03:25,卖,98.9800,1.0,9.90,98.9709,mm
9,11:03:26,卖,98.9800,1.0,9.90,98.9724,mm
9,11:03:32,买,98.9600,1.0,9.90,98.9676,mm
9,11:03:43,卖,98.9800,1.0,9.90,98.9738,mm
9,11:03:54,买,98.9600,1.0,9.90,98.9585,mm
9,11:04:14,卖,98.9700,1.0,9.90,98.9589,mm
9,11:04:24,卖,98.9750,1.0,9.90,98.9706,mm
9,11:04:29,买,98.9600,1.0,9.90,98.9660,mm
9,11:04:37,买,98.9650,1.0,9.90,98.9711,mm
9,11:04:40,卖,98.9800,1.0,9.90,98.9741,mm
9,11:05:42,卖,99.0400,1.0,9.90,99.0369,mm
9,11:05:51,买,99.0350,1.0,9.90,99.0442,mm
9,11:06:16,买,98.9900,1.0,9.90,98.9962,mm
9,11:06:26,卖,98.9950,1.0,9.90,98.9890,mm
9,11:06:33,买,98.9650,1.0,9.90,98.9687,mm
9,11:06:37,卖,98.9850,1.0,9.90,98.9789,mm
9,11:06:44,卖,98.9850,1.0,9.90,98.9791,mm
9,11:06:48,卖,99.0000,1.0,9.90,99.0018,mm
9,11:06:49,买,98.9950,1.0,9.90,98.9995,mm
9,11:06:53,买,98.9850,1.0,9.90,98.9901,mm
9,11:06:58,卖,99.0150,1.0,9.90,99.0060,mm
9,11:07:16,买,99.0100,1.0,9.90,99.0146,mm
9,11:07:33,卖,98.9950,1.0,9.90,98.9853,mm
9,11:07:43,卖,99.0150,1.0,9.90,99.0110,mm
9,11:07:44,买,99.0050,1.0,9.90,99.0103,mm
9,11:08:10,买,99.0500,1.0,9.91,99.0548,mm
9,11:08:16,买,99.0500,1.0,9.91,99.0538,mm
9,11:08:23,卖,99.0750,1.0,9.91,99.0691,mm
9,11:08:40,卖,99.0750,1.0,9.91,99.0634,mm
9,11:08:44,买,99.0450,1.0,9.90,99.0496,mm
9,11:08:48,买,99.0250,1.0,9.90,99.0256,mm
9,11:08:55,卖,99.0400,1.0,9.90,99.0371,mm
9,11:08:59,买,99.0150,1.0,9.90,99.0201,mm
9,11:09:13,卖,99.0600,1.0,9.91,99.0641,mm
9,11:09:20,卖,99.0600,1.0,9.91,99.0616,mm
9,11:09:29,买,99.0500,1.0,9.91,99.0518,mm
9,11:09:40,买,99.0300,1.0,9.90,99.0339,mm
9,11:09:46,卖,99.0500,1.0,9.91,99.0412,mm
9,11:10:03,卖,99.0400,1.0,9.90,99.0367,mm
9,11:10:09,买,99.0300,1.0,9.90,99.0356,mm
9,11:10:26,卖,99.0450,1.0,9.90,99.0397,mm
9,11:10:27,买,99.0250,1.0,9.90,99.0247,mm
9,11:10:42,买,98.9900,1.0,9.90,98.9932,mm
9,11:10:52,卖,99.0150,1.0,9.90,99.0208,mm
9,11:10:54,买,99.0150,1.0,9.90,99.0144,mm
9,11:11:02,买,98.9950,1.0,9.90,99.0012,mm
9,11:11:08,卖,99.0200,1.0,9.90,99.0153,mm
9,11:12:05,卖,99.0150,1.0,9.90,99.0116,mm
9,11:12:14,买,99.0150,1.0,9.90,99.0291,mm
9,11:12:18,卖,99.0450,1.0,9.90,99.0412,mm
9,11:12:39,卖,99.0550,1.0,9.91,99.0499,mm
9,11:12:43,买,99.0250,1.0,9.90,99.0290,mm
9,11:12:53,买,99.0250,1.0,9.90,99.0298,mm
9,11:12:57,卖,99.0450,1.0,9.90,99.0416,mm
9,11:13:10,买,99.0200,1.0,9.90,99.0247,mm
9,11:13:23,买,99.0050,1.0,9.90,99.0081,mm
9,11:13:33,卖,99.0500,1.0,9.91,99.0485,mm
9,11:13:41,卖,99.0600,1.0,9.91,99.0563,mm
9,11:14:00,卖,99.0550,1.0,9.91,99.0491,mm
9,11:14:09,买,99.0300,1.0,9.90,99.0362,mm
9,11:14:15,买,99.0200,1.0,9.90,99.0242,mm
9,11:14:16,买,99.0050,1.0,9.90,99.0018,mm
9,11:14:26,卖,99.0150,1.0,9.90,99.0118,mm
9,11:14:35,买,99.0000,1.0,9.90,98.9993,mm
9,11:14:54,卖,99.0150,1.0,9.90,99.0120,mm
9,11:15:09,卖,99.0450,1.0,9.90,99.0477,mm
9,11:15:13,卖,99.0550,1.0,9.91,99.0509,mm
9,11:15:14,买,99.0400,1.0,9.90,99.0424,mm
9,11:15:26,卖,99.0500,1.0,9.91,99.0489,mm
9,11:15:27,买,99.0400,1.0,9.90,99.0449,mm
9,11:15:28,卖,99.0600,1.0,9.91,99.0521,mm
9,11:15:28,买,99.0400,1.0,9.90,99.0388,mm
9,11:15:51,卖,99.0500,1.0,9.91,99.0473,mm
9,11:15:54,买,99.0400,1.0,9.90,99.0448,mm
9,11:16:12,买,99.0200,1.0,9.90,99.0251,mm
9,11:16:18,卖,99.0300,1.0,9.90,99.0273,mm
9,11:16:25,卖,99.0250,1.0,9.90,99.0196,mm
9,11:16:51,买,99.0350,1.0,9.90,99.0379,mm
9,11:16:55,卖,99.0450,1.0,9.90,99.0397,mm
9,11:17:08,卖,99.0650,1.0,9.91,99.0499,mm
9,11:17:17,买,99.0600,1.0,9.91,99.0652,mm
9,11:17:24,卖,99.0650,1.0,9.91,99.0482,mm
9,11:17:25,买,99.0400,1.0,9.90,99.0402,mm
9,11:17:26,买,99.0200,1.0,9.90,99.0236,mm
9,11:17:35,买,99.0150,1.0,9.90,99.0122,mm
9,11:17:36,卖,99.0250,1.0,9.90,99.0235,mm
9,11:17:46,买,99.0000,1.0,9.90,99.0029,mm
9,11:17:47,卖,99.0150,1.0,9.90,99.0118,mm
9,11:18:15,卖,99.0850,1.0,9.91,99.0744,mm
9,11:18:26,买,99.0500,1.0,9.91,99.0537,mm
9,11:18:31,卖,99.0450,1.0,9.90,99.0335,mm
9,11:18:33,买,99.0250,1.0,9.90,99.0295,mm
9,11:18:34,卖,99.0450,1.0,9.90,99.0397,mm
9,11:18:43,买,99.0450,1.0,9.90,99.0492,mm
9,11:18:46,卖,99.0800,1.0,9.91,99.0665,mm
9,11:18:50,买,99.0550,1.0,9.91,99.0591,mm
9,11:18:58,买,99.0650,1.0,9.91,99.0704,mm
9,11:19:00,卖,99.0850,1.0,9.91,99.0803,mm
9,11:19:00,卖,99.0950,1.0,9.91,99.0893,mm
9,11:19:27,买,99.1000,1.0,9.91,99.1052,mm
9,11:19:53,买,99.0800,1.0,9.91,99.0816,mm
9,11:20:07,买,99.0700,1.0,9.91,99.0720,mm
9,11:20:22,卖,99.1050,1.0,9.91,99.1027,mm
9,11:20:25,卖,99.1150,1.0,9.91,99.1092,mm
9,11:20:38,卖,99.1300,1.0,9.91,99.1253,mm
9,11:20:43,买,99.1200,1.0,9.91,99.1241,mm
9,11:20:52,卖,99.1300,1.0,9.91,99.1239,mm
9,11:20:52,买,99.1150,1.0,9.91,99.1183,mm
9,11:21:12,卖,99.1550,1.0,9.92,99.1519,mm
9,11:21:24,买,99.1550,1.0,9.92,99.1612,mm
9,11:21:30,卖,99.1800,1.0,9.92,99.1708,mm
9,11:21:37,卖,99.2000,1.0,9.92,99.1944,mm
9,11:21:40,买,99.2000,1.0,9.92,99.1970,mm
9,11:21:46,买,99.1950,1.0,9.92,99.1953,mm
9,11:21:48,买,99.1800,1.0,9.92,99.1861,mm
9,11:22:30,买,99.1800,1.0,9.92,99.1899,mm
9,11:22:32,买,99.1700,1.0,9.92,99.1786,mm
9,11:22:42,买,99.1750,1.0,9.92,99.1935,mm
9,11:22:43,卖,99.1950,1.0,9.92,99.1925,mm
9,11:22:45,卖,99.2100,1.0,9.92,99.2070,mm
9,11:22:46,卖,99.2150,1.0,9.92,99.2093,mm
9,11:22:55,卖,99.2000,1.0,9.92,99.1865,mm
9,11:23:19,卖,99.2000,1.0,9.92,99.1993,mm
9,11:23:20,卖,99.2150,1.0,9.92,99.2074,mm
9,11:23:27,买,99.2050,1.0,9.92,99.2070,mm
9,11:23:50,买,99.2150,1.0,9.92,99.2225,mm
9,11:24:00,卖,99.2300,1.0,9.92,99.2219,mm
9,11:24:04,买,99.2200,1.0,9.92,99.2245,mm
9,11:24:29,买,99.2400,1.0,9.92,99.2407,mm
9,11:24:42,卖,99.2650,1.0,9.93,99.2654,mm
9,11:24:55,卖,99.3050,1.0,9.93,99.2962,mm
9,11:24:57,买,99.2850,1.0,9.93,99.2883,mm
9,11:25:04,买,99.2800,1.0,9.93,99.2853,mm
9,11:25:16,卖,99.2750,1.0,9.93,99.2672,mm
9,11:25:21,卖,99.2750,1.0,9.93,99.2708,mm
9,11:25:24,买,99.2800,1.0,9.93,99.2812,mm
9,11:25:32,卖,99.3050,1.0,9.93,99.3000,mm
9,11:25:40,买,99.2900,1.0,9.93,99.2979,mm
9,11:25:41,买,99.2850,1.0,9.93,99.2873,mm
9,11:25:45,卖,99.3100,1.0,9.93,99.2992,mm
9,11:25:53,卖,99.3150,1.0,9.93,99.3183,mm
9,11:25:57,买,99.3050,1.0,9.93,99.3092,mm
9,11:26:02,卖,99.3350,1.0,9.93,99.3248,mm
9,11:26:17,买,99.3300,1.0,9.93,99.3308,mm
9,11:26:43,买,99.3850,1.0,9.94,99.3992,mm
9,11:26:46,卖,99.4200,1.0,9.94,99.4164,mm
9,11:26:59,卖,99.4250,1.0,9.94,99.4215,mm
9,11:27:05,买,99.3900,1.0,9.94,99.3952,mm
9,11:27:22,卖,99.4250,1.0,9.94,99.4198,mm
9,11:27:42,买,99.4450,1.0,9.94,99.4443,mm
9,11:27:50,卖,99.4150,1.0,9.94,99.4027,mm
9,11:27:58,买,99.4000,1.0,9.94,99.4116,mm
9,11:27:58,买,99.4000,1.0,9.94,99.4118,mm
9,11:28:02,卖,99.4000,1.0,9.94,99.4016,mm
9,11:28:03,卖,99.4150,1.0,9.94,99.4079,mm
9,11:28:37,卖,99.4200,1.0,9.94,99.4047,mm
9,11:28:39,买,99.4000,1.0,9.94,99.3998,mm
9,11:28:43,买,99.3850,1.0,9.94,99.3910,mm
9,11:28:44,卖,99.4000,1.0,9.94,99.3946,mm
9,11:28:46,买,99.3800,1.0,9.94,99.3850,mm
9,11:28:55,卖,99.3800,1.0,9.94,99.3706,mm
9,11:29:01,买,99.3600,1.0,9.94,99.3538,mm
9,11:29:22,买,99.3150,1.0,9.93,99.3145,mm
9,11:29:38,买,99.3000,1.0,9.93,99.3040,mm
9,11:29:40,卖,99.2950,1.0,9.93,99.2901,mm
9,11:29:46,卖,99.2950,1.0,9.93,99.2892,mm
9,11:29:50,卖,99.3100,1.0,9.93,99.3041,mm
9,11:29:51,买,99.3050,1.0,9.93,99.3106,mm
9,11:29:56,买,99.3050,1.0,9.93,99.3018,mm
9,13:00:12,买,99.3000,1.0,9.93,99.3166,mm
9,13:00:19,买,99.3100,1.0,9.93,99.3218,mm
9,13:00:34,卖,99.3450,1.0,9.93,99.3423,mm
9,13:00:37,卖,99.3500,1.0,9.94,99.3453,mm
9,13:00:50,卖,99.3700,1.0,9.94,99.3672,mm
9,13:01:00,卖,99.3800,1.0,9.94,99.3753,mm
9,13:01:11,买,99.4000,1.0,9.94,99.4012,mm
9,13:01:22,卖,99.4250,1.0,9.94,99.4165,mm
9,13:01:26,卖,99.4300,1.0,9.94,99.4241,mm
9,13:01:30,买,99.4200,1.0,9.94,99.4210,mm
9,13:01:33,买,99.4150,1.0,9.94,99.4205,mm
9,13:01:41,买,99.4250,1.0,9.94,99.4276,mm
9,13:01:44,买,99.4100,1.0,9.94,99.4152,mm
9,13:01:53,卖,99.4050,1.0,9.94,99.4080,mm
9,13:01:57,卖,99.4300,1.0,9.94,99.4272,mm
9,13:02:00,买,99.4200,1.0,9.94,99.4217,mm
9,13:02:14,卖,99.4300,1.0,9.94,99.4305,mm
9,13:02:27,卖,99.4450,1.0,9.94,99.4391,mm
9,13:02:38,买,99.4300,1.0,9.94,99.4356,mm
9,13:02:41,买,99.4300,1.0,9.94,99.4350,mm
9,13:02:48,卖,99.4500,1.0,9.95,99.4446,mm
9,13:02:51,买,99.4250,1.0,9.94,99.4251,mm
9,13:02:52,卖,99.4350,1.0,9.94,99.4282,mm
9,13:02:56,卖,99.4450,1.0,9.94,99.4413,mm
9,13:03:15,买,99.4350,1.0,9.94,99.4403,mm
9,13:03:33,卖,99.4600,1.0,9.95,99.4566,mm
9,13:03:35,买,99.4450,1.0,9.94,99.4556,mm
9,13:04:00,卖,99.5150,1.0,9.95,99.5124,mm
9,13:04:16,买,99.5100,1.0,9.95,99.5151,mm
9,13:04:22,买,99.4900,1.0,9.95,99.4959,mm
9,13:04:51,买,99.4550,1.0,9.95,99.4711,mm
9,13:05:01,卖,99.4550,1.0,9.95,99.4512,mm
9,13:05:03,卖,99.4600,1.0,9.95,99.4581,mm
9,13:05:27,卖,99.4800,1.0,9.95,99.4663,mm
9,13:05:30,卖,99.4750,1.0,9.95,99.4681,mm
9,13:05:37,买,99.4550,1.0,9.95,99.4504,mm
9,13:05:49,买,99.4350,1.0,9.94,99.4394,mm
9,13:06:02,买,99.4150,1.0,9.94,99.4210,mm
9,13:06:24,卖,99.3750,1.0,9.94,99.3710,mm
9,13:06:30,卖,99.4050,1.0,9.94,99.3994,mm
9,13:06:38,买,99.4300,1.0,9.94,99.4325,mm
9,13:06:45,买,99.4150,1.0,9.94,99.4198,mm
9,13:07:07,卖,99.4250,1.0,9.94,99.4223,mm
9,13:07:12,卖,99.4400,1.0,9.94,99.4352,mm
9,13:07:26,买,99.4100,1.0,9.94,99.4148,mm
9,13:07:43,买,99.4000,1.0,9.94,99.4041,mm
9,13:07:45,卖,99.4200,1.0,9.94,99.4098,mm
9,13:07:57,买,99.3900,1.0,9.94,99.3941,mm
9,13:08:07,卖,99.4000,1.0,9.94,99.4060,mm
9,13:08:33,卖,99.3350,1.0,9.93,99.3254,mm
9,13:08:51,买,99.3050,1.0,9.93,99.3106,mm
9,13:08:54,买,99.3150,1.0,9.93,99.3205,mm
9,13:09:15,卖,99.3350,1.0,9.93,99.3323,mm
9,13:09:16,买,99.3200,1.0,9.93,99.3261,mm
9,13:09:24,卖,99.3350,1.0,9.93,99.3370,mm
9,13:09:31,买,99.3250,1.0,9.93,99.3299,mm
9,13:09:39,卖,99.3300,1.0,9.93,99.3239,mm
9,13:09:43,买,99.2950,1.0,9.93,99.2995,mm
9,13:09:53,卖,99.2750,1.0,9.93,99.2688,mm
9,13:10:05,卖,99.2800,1.0,9.93,99.2739,mm
9,13:10:09,买,99.2650,1.0,9.93,99.2637,mm
9,13:10:15,买,99.2550,1.0,9.93,99.2549,mm
9,13:10:22,卖,99.2700,1.0,9.93,99.2676,mm
9,13:10:25,买,99.2550,1.0,9.93,99.2564,mm
9,13:10:27,卖,99.2800,1.0,9.93,99.2815,mm
9,13:10:55,卖,99.3150,1.0,9.93,99.3040,mm
9,13:10:56,卖,99.3200,1.0,9.93,99.3159,mm
9,13:11:02,买,99.2950,1.0,9.93,99.3011,mm
9,13:11:08,买,99.3050,1.0,9.93,99.3094,mm
9,13:11:20,卖,99.3300,1.0,9.93,99.3224,mm
9,13:11:21,买,99.3100,1.0,9.93,99.3161,mm
9,13:11:26,卖,99.3200,1.0,9.93,99.3181,mm
9,13:11:34,买,99.3300,1.0,9.93,99.3318,mm
9,13:11:56,卖,99.3600,1.0,9.94,99.3622,mm
9,13:11:59,买,99.3500,1.0,9.94,99.3556,mm
9,13:12:12,卖,99.3650,1.0,9.94,99.3596,mm
9,13:12:25,买,99.3650,1.0,9.94,99.3694,mm
9,13:12:27,卖,99.3900,1.0,9.94,99.3847,mm
9,13:12:29,买,99.3650,1.0,9.94,99.3698,mm
9,13:12:42,卖,99.3600,1.0,9.94,99.3453,mm
9,13:12:45,买,99.3350,1.0,9.93,99.3376,mm
9,13:12:58,卖,99.3600,1.0,9.94,99.3503,mm
9,13:13:13,卖,99.3700,1.0,9.94,99.3670,mm
9,13:13:15,买,99.3700,1.0,9.94,99.3704,mm
9,13:13:41,买,99.3950,1.0,9.94,99.3962,mm
9,13:13:45,买,99.3850,1.0,9.94,99.3883,mm
9,13:13:46,卖,99.4000,1.0,9.94,99.3982,mm
9,13:13:52,卖,99.4200,1.0,9.94,99.4170,mm
9,13:13:56,买,99.4000,1.0,9.94,99.4051,mm
9,13:14:04,买,99.4000,1.0,9.94,99.4042,mm
9,13:14:09,卖,99.4100,1.0,9.94,99.4102,mm
9,13:14:24,买,99.4300,1.0,9.94,99.4336,mm
9,13:14:50,卖,99.4400,1.0,9.94,99.4337,mm
9,13:15:17,买,99.3800,1.0,9.94,99.3832,mm
9,13:15:19,卖,99.3950,1.0,9.94,99.3919,mm
9,13:15:19,买,99.3800,1.0,9.94,99.3857,mm
9,13:15:36,卖,99.3700,1.0,9.94,99.3621,mm
9,13:15:45,卖,99.3900,1.0,9.94,99.3840,mm
9,13:15:50,买,99.3950,1.0,9.94,99.3951,mm
9,13:15:54,卖,99.4100,1.0,9.94,99.4016,mm
9,13:16:04,买,99.4200,1.0,9.94,99.4260,mm
9,13:16:07,买,99.4450,1.0,9.94,99.4447,mm
9,13:16:26,买,99.3850,1.0,9.94,99.3878,mm
9,13:16:28,卖,99.3950,1.0,9.94,99.3959,mm
9,13:16:30,买,99.3900,1.0,9.94,99.3884,mm
9,13:16:32,卖,99.3900,1.0,9.94,99.3853,mm
9,13:16:32,卖,99.3950,1.0,9.94,99.3919,mm
9,13:16:38,买,99.3950,1.0,9.94,99.3987,mm
9,13:16:43,卖,99.4050,1.0,9.94,99.3983,mm
9,13:17:00,卖,99.4350,1.0,9.94,99.4282,mm
9,13:17:18,卖,99.4750,1.0,9.95,99.4694,mm
9,13:17:19,买,99.4750,1.0,9.95,99.4766,mm
9,13:17:25,买,99.4850,1.0,9.95,99.4886,mm
9,13:17:29,买,99.4650,1.0,9.95,99.4681,mm
9,13:17:31,卖,99.4800,1.0,9.95,99.4877,mm
9,13:17:40,卖,99.5100,1.0,9.95,99.5051,mm
9,13:17:43,买,99.4900,1.0,9.95,99.4952,mm
9,13:17:48,买,99.4800,1.0,9.95,99.4824,mm
9,13:17:54,卖,99.4750,1.0,9.95,99.4656,mm
9,13:17:55,买,99.4500,1.0,9.95,99.4558,mm
9,13:18:33,买,99.4450,1.0,9.94,99.4592,mm
9,13:18:35,买,99.4400,1.0,9.94,99.4522,mm
9,13:18:51,卖,99.4750,1.0,9.95,99.4686,mm
9,13:19:22,卖,99.4750,1.0,9.95,99.4689,mm
9,13:19:39,买,99.4600,1.0,9.95,99.4660,mm
9,13:19:40,卖,99.4700,1.0,9.95,99.4720,mm
9,13:19:41,卖,99.4850,1.0,9.95,99.4820,mm
9,13:19:57,买,99.4700,1.0,9.95,99.4758,mm
9,13:19:58,卖,99.4850,1.0,9.95,99.4836,mm
9,13:20:04,卖,99.5000,1.0,9.95,99.4912,mm
9,13:20:04,买,99.4800,1.0,9.95,99.4845,mm
9,13:20:10,卖,99.5150,1.0,9.95,99.5097,mm
9,13:20:16,买,99.5150,1.0,9.95,99.5315,mm
9,13:20:29,买,99.5450,1.0,9.95,99.5506,mm
9,13:20:46,卖,99.5650,1.0,9.96,99.5648,mm
9,13:21:05,买,99.5750,1.0,9.96,99.5785,mm
9,13:21:16,卖,99.5800,1.0,9.96,99.5752,mm
9,13:21:20,买,99.5700,1.0,9.96,99.5742,mm
9,13:21:28,买,99.5700,1.0,9.96,99.5752,mm
9,13:21:50,买,99.5050,1.0,9.95,99.5047,mm
9,13:22:01,卖,99.4850,1.0,9.95,99.4807,mm
9,13:22:02,卖,99.4900,1.0,9.95,99.4884,mm
9,13:22:06,卖,99.5000,1.0,9.95,99.4950,mm
9,13:22:11,买,99.4950,1.0,9.95,99.5012,mm
9,13:22:17,卖,99.5150,1.0,9.95,99.5124,mm
9,13:22:19,买,99.5000,1.0,9.95,99.5062,mm
9,13:22:22,卖,99.5200,1.0,9.95,99.5152,mm
9,13:22:24,买,99.5000,1.0,9.95,99.5011,mm
9,13:23:14,买,99.4900,1.0,9.95,99.4927,mm
9,13:23:15,卖,99.5000,1.0,9.95,99.4989,mm
9,13:23:18,卖,99.5000,1.0,9.95,99.4932,mm
9,13:23:36,卖,99.5200,1.0,9.95,99.5178,mm
9,13:23:40,卖,99.5300,1.0,9.95,99.5238,mm
9,13:23:43,买,99.5050,1.0,9.95,99.5073,mm
9,13:23:44,卖,99.5200,1.0,9.95,99.5160,mm
9,13:24:01,买,99.5650,1.0,9.96,99.5711,mm
9,13:24:06,卖,99.5850,1.0,9.96,99.5779,mm
9,13:24:12,买,99.5850,1.0,9.96,99.5911,mm
9,13:24:22,买,99.5800,1.0,9.96,99.5804,mm
9,13:24:27,买,99.5700,1.0,9.96,99.5759,mm
9,13:24:40,卖,99.5850,1.0,9.96,99.5794,mm
9,13:24:44,买,99.5600,1.0,9.96,99.5653,mm
9,13:24:54,卖,99.5550,1.0,9.96,99.5446,mm
9,13:25:02,卖,99.5550,1.0,9.96,99.5546,mm
9,13:25:18,买,99.5600,1.0,9.96,99.5656,mm
9,13:25:31,卖,99.5800,1.0,9.96,99.5731,mm
9,13:25:37,卖,99.6150,1.0,9.96,99.6139,mm
9,13:25:44,买,99.5950,1.0,9.96,99.5997,mm
9,13:25:47,买,99.5900,1.0,9.96,99.5932,mm
9,13:25:48,卖,99.6100,1.0,9.96,99.6081,mm
9,13:25:50,买,99.6000,1.0,9.96,99.6042,mm
9,13:25:56,卖,99.6250,1.0,9.96,99.6192,mm
9,13:26:00,买,99.6150,1.0,9.96,99.6185,mm
9,13:26:03,买,99.6100,1.0,9.96,99.6159,mm
9,13:26:11,卖,99.6450,1.0,9.96,99.6420,mm
9,13:26:15,买,99.6350,1.0,9.96,99.6363,mm
9,13:26:20,卖,99.6450,1.0,9.96,99.6465,mm
9,13:26:24,买,99.6400,1.0,9.96,99.6434,mm
9,13:26:29,卖,99.6450,1.0,9.96,99.6394,mm
9,13:26:55,买,99.6650,1.0,9.97,99.6708,mm
9,13:27:01,买,99.6350,1.0,9.96,99.6400,mm
9,13:27:03,卖,99.6550,1.0,9.97,99.6490,mm
9,13:27:08,卖,99.6550,1.0,9.97,99.6554,mm
9,13:27:10,买,99.6250,1.0,9.96,99.6228,mm
9,13:27:16,卖,99.6400,1.0,9.96,99.6350,mm
9,13:27:18,卖,99.6400,1.0,9.96,99.6334,mm
9,13:27:19,买,99.6200,1.0,9.96,99.6207,mm
9,13:27:30,买,99.6000,1.0,9.96,99.6052,mm
9,13:27:31,卖,99.6150,1.0,9.96,99.6090,mm
9,13:27:43,卖,99.6350,1.0,9.96,99.6288,mm
9,13:27:46,卖,99.6400,1.0,9.96,99.6351,mm
9,13:27:48,买,99.6300,1.0,9.96,99.6362,mm
9,13:27:52,买,99.6250,1.0,9.96,99.6310,mm
9,13:28:03,买,99.6000,1.0,9.96,99.6035,mm
9,13:28:06,卖,99.6200,1.0,9.96,99.6231,mm
9,13:28:13,买,99.6000,1.0,9.96,99.6062,mm
9,13:28:14,卖,99.6200,1.0,9.96,99.6141,mm
9,13:28:33,买,99.5900,1.0,9.96,99.5892,mm
9,13:28:35,卖,99.6000,1.0,9.96,99.5938,mm
9,13:28:52,买,99.5750,1.0,9.96,99.5791,mm
9,13:28:54,买,99.5650,1.0,9.96,99.5687,mm
9,13:28:55,买,99.5500,1.0,9.96,99.5556,mm
9,13:28:58,卖,99.5600,1.0,9.96,99.5641,mm
9,13:29:04,卖,99.5700,1.0,9.96,99.5670,mm
9,13:29:10,买,99.5400,1.0,9.95,99.5404,mm
9,13:29:18,卖,99.5450,1.0,9.95,99.5435,mm
9,13:29:22,卖,99.5700,1.0,9.96,99.5679,mm
9,13:29:30,卖,99.5900,1.0,9.96,99.5906,mm
9,13:29:31,买,99.5800,1.0,9.96,99.5794,mm
9,13:29:33,卖,99.6000,1.0,9.96,99.5869,mm
9,13:29:34,买,99.5750,1.0,9.96,99.5772,mm
9,13:29:39,卖,99.5950,1.0,9.96,99.5869,mm
9,13:29:46,买,99.5650,1.0,9.96,99.5695,mm
9,13:29:53,买,99.5400,1.0,9.95,99.5407,mm
9,13:29:57,卖,99.5450,1.0,9.95,99.5473,mm
9,13:29:59,买,99.5400,1.0,9.95,99.5458,mm
9,13:30:01,买,99.5350,1.0,9.95,99.5392,mm
9,13:30:09,卖,99.5450,1.0,9.95,99.5410,mm
9,13:30:11,买,99.5200,1.0,9.95,99.5211,mm
9,13:30:38,买,99.5350,1.0,9.95,99.5409,mm
9,13:30:48,卖,99.5400,1.0,9.95,99.5363,mm
9,13:30:58,买,99.5200,1.0,9.95,99.5243,mm
9,13:31:00,卖,99.5300,1.0,9.95,99.5275,mm
9,13:31:22,卖,99.5050,1.0,9.95,99.4990,mm
9,13:31:30,卖,99.5150,1.0,9.95,99.5109,mm
9,13:31:36,卖,99.5150,1.0,9.95,99.5110,mm
9,13:31:41,买,99.5050,1.0,9.95,99.5069,mm
9,13:31:58,买,99.4950,1.0,9.95,99.4980,mm
9,13:32:19,卖,99.4700,1.0,9.95,99.4661,mm
9,13:32:24,买,99.4550,1.0,9.95,99.4603,mm
9,13:32:25,卖,99.4700,1.0,9.95,99.4703,mm
9,13:32:26,卖,99.4850,1.0,9.95,99.4785,mm
9,13:32:43,买,99.4650,1.0,9.95,99.4703,mm
9,13:32:51,买,99.4400,1.0,9.94,99.4379,mm
9,13:32:59,卖,99.4500,1.0,9.95,99.4392,mm
9,13:33:01,卖,99.4650,1.0,9.95,99.4622,mm
9,13:33:03,买,99.4500,1.0,9.95,99.4547,mm
9,13:33:15,买,99.4200,1.0,9.94,99.4262,mm
9,13:33:30,卖,99.4200,1.0,9.94,99.4149,mm
9,13:33:40,卖,99.4250,1.0,9.94,99.4188,mm
9,13:33:44,买,99.4100,1.0,9.94,99.4142,mm
9,13:33:50,卖,99.4350,1.0,9.94,99.4288,mm
9,13:34:02,买,99.4300,1.0,9.94,99.4350,mm
9,13:34:04,买,99.4100,1.0,9.94,99.4100,mm
9,13:34:11,卖,99.4200,1.0,9.94,99.4134,mm
9,13:34:28,卖,99.4550,1.0,9.95,99.4503,mm
9,13:34:42,卖,99.4900,1.0,9.95,99.4893,mm
9,13:34:43,买,99.4800,1.0,9.95,99.4858,mm
9,13:34:43,买,99.4750,1.0,9.95,99.4760,mm
9,13:34:48,卖,99.4850,1.0,9.95,99.4892,mm
9,13:34:53,卖,99.5100,1.0,9.95,99.5028,mm
9,13:35:09,买,99.5100,1.0,9.95,99.5077,mm
9,13:35:13,买,99.5000,1.0,9.95,99.5057,mm
9,13:35:22,卖,99.5050,1.0,9.95,99.4996,mm
9,13:35:23,买,99.4900,1.0,9.95,99.4937,mm
9,13:35:30,卖,99.5200,1.0,9.95,99.5146,mm
9,13:35:38,买,99.5150,1.0,9.95,99.5205,mm
9,13:35:49,卖,99.5200,1.0,9.95,99.5110,mm
9,13:35:54,买,99.5200,1.0,9.95,99.5243,mm
9,13:36:11,卖,99.5450,1.0,9.95,99.5500,mm
9,13:36:13,卖,99.5650,1.0,9.96,99.5613,mm
9,13:36:19,买,99.5650,1.0,9.96,99.5687,mm
9,13:36:20,卖,99.5850,1.0,9.96,99.5721,mm
9,13:36:25,买,99.5700,1.0,9.96,99.5750,mm
9,13:36:45,买,99.6250,1.0,9.96,99.6331,mm
9,13:36:51,卖,99.6500,1.0,9.97,99.6552,mm
9,13:36:52,买,99.6450,1.0,9.96,99.6470,mm
9,13:36:53,买,99.6300,1.0,9.96,99.6344,mm
9,13:36:54,卖,99.6450,1.0,9.96,99.6421,mm
9,13:36:56,买,99.6350,1.0,9.96,99.6333,mm
9,13:37:15,卖,99.6300,1.0,9.96,99.6284,mm
9,13:37:19,卖,99.6450,1.0,9.96,99.6398,mm
9,13:37:22,买,99.6400,1.0,9.96,99.6436,mm
9,13:37:35,买,99.6250,1.0,9.96,99.6240,mm
9,13:37:52,卖,99.6300,1.0,9.96,99.6303,mm
9,13:38:05,卖,99.6400,1.0,9.96,99.6373,mm
9,13:38:15,买,99.6250,1.0,9.96,99.6305,mm
9,13:38:27,买,99.6000,1.0,9.96,99.5987,mm
9,13:38:29,卖,99.6050,1.0,9.96,99.6032,mm
9,13:38:30,买,99.5850,1.0,9.96,99.5900,mm
9,13:38:40,卖,99.6100,1.0,9.96,99.6017,mm
9,13:39:08,卖,99.6150,1.0,9.96,99.6121,mm
9,13:39:09,买,99.6000,1.0,9.96,99.6039,mm
9,13:39:28,买,99.5700,1.0,9.96,99.5756,mm
9,13:39:31,卖,99.5850,1.0,9.96,99.5738,mm
9,13:39:34,买,99.5600,1.0,9.96,99.5596,mm
9,13:39:45,买,99.5350,1.0,9.95,99.5364,mm
9,13:39:52,卖,99.5550,1.0,9.96,99.5498,mm
9,13:39:57,卖,99.5600,1.0,9.96,99.5554,mm
9,13:40:00,买,99.5600,1.0,9.96,99.5637,mm
9,13:40:05,卖,99.5850,1.0,9.96,99.5791,mm
9,13:40:13,买,99.5400,1.0,9.95,99.5410,mm
9,13:40:14,卖,99.5450,1.0,9.95,99.5355,mm
9,13:40:17,买,99.5150,1.0,9.95,99.5192,mm
9,13:40:23,卖,99.5300,1.0,9.95,99.5263,mm
9,13:40:29,卖,99.5450,1.0,9.95,99.5496,mm
9,13:40:45,买,99.6000,1.0,9.96,99.6045,mm
9,13:40:46,卖,99.6200,1.0,9.96,99.6093,mm
9,13:41:07,卖,99.5850,1.0,9.96,99.5726,mm
9,13:41:15,买,99.5600,1.0,9.96,99.5639,mm
9,13:41:16,卖,99.5800,1.0,9.96,99.5738,mm
9,13:41:21,买,99.5700,1.0,9.96,99.5708,mm
9,13:41:23,买,99.5550,1.0,9.96,99.5602,mm
9,13:41:30,卖,99.5600,1.0,9.96,99.5543,mm
9,13:41:38,买,99.5350,1.0,9.95,99.5364,mm
9,13:41:57,卖,99.5500,1.0,9.96,99.5429,mm
9,13:42:02,买,99.5250,1.0,9.95,99.5312,mm
9,13:42:08,买,99.5150,1.0,9.95,99.5164,mm
9,13:42:20,卖,99.5200,1.0,9.95,99.5106,mm
9,13:42:32,买,99.4650,1.0,9.95,99.4643,mm
9,13:42:36,卖,99.4750,1.0,9.95,99.4646,mm
9,13:42:49,卖,99.4700,1.0,9.95,99.4587,mm
9,13:42:58,买,99.4650,1.0,9.95,99.4706,mm
9,13:42:59,卖,99.4800,1.0,9.95,99.4775,mm
9,13:43:14,买,99.4650,1.0,9.95,99.4676,mm
9,13:43:28,卖,99.5250,1.0,9.95,99.5254,mm
9,13:43:29,买,99.5150,1.0,9.95,99.5207,mm
9,13:43:30,买,99.5100,1.0,9.95,99.5100,mm
9,13:44:09,卖,99.5250,1.0,9.95,99.5267,mm
9,13:44:14,卖,99.5350,1.0,9.95,99.5274,mm
9,13:44:29,买,99.4900,1.0,9.95,99.4962,mm
9,13:44:30,卖,99.5150,1.0,9.95,99.5079,mm
9,13:44:44,买,99.5150,1.0,9.95,99.5204,mm
9,13:44:50,买,99.5050,1.0,9.95,99.5106,mm
9,13:45:17,卖,99.4800,1.0,9.95,99.4756,mm
9,13:45:21,卖,99.4950,1.0,9.95,99.4902,mm
9,13:45:32,买,99.5050,1.0,9.95,99.5105,mm
9,13:45:42,买,99.5150,1.0,9.95,99.5199,mm
9,13:45:56,卖,99.5250,1.0,9.95,99.5190,mm
9,13:46:01,买,99.5000,1.0,9.95,99.5036,mm
9,13:46:02,卖,99.5150,1.0,9.95,99.5166,mm
9,13:46:09,卖,99.5300,1.0,9.95,99.5239,mm
9,13:46:15,买,99.5300,1.0,9.95,99.5334,mm
9,13:46:16,买,99.5200,1.0,9.95,99.5256,mm
9,13:46:23,卖,99.5250,1.0,9.95,99.5234,mm
9,13:46:27,卖,99.5350,1.0,9.95,99.5305,mm
9,13:46:30,买,99.5350,1.0,9.95,99.5409,mm
9,13:46:45,买,99.5400,1.0,9.95,99.5459,mm
9,13:47:03,卖,99.5550,1.0,9.96,99.5595,mm
9,13:47:04,买,99.5450,1.0,9.95,99.5491,mm
9,13:47:05,卖,99.5600,1.0,9.96,99.5540,mm
9,13:47:15,买,99.5450,1.0,9.95,99.5502,mm
9,13:47:17,卖,99.5700,1.0,9.96,99.5683,mm
9,13:47:23,买,99.5900,1.0,9.96,99.5960,mm
9,13:47:25,买,99.5900,1.0,9.96,99.5951,mm
9,13:47:28,卖,99.6000,1.0,9.96,99.5948,mm
9,13:47:35,卖,99.6100,1.0,9.96,99.6039,mm
9,13:47:38,卖,99.6200,1.0,9.96,99.6153,mm
9,13:47:45,买,99.6000,1.0,9.96,99.6041,mm
9,13:47:57,卖,99.6300,1.0,9.96,99.6189,mm
9,13:48:02,买,99.5900,1.0,9.96,99.5960,mm
9,13:48:08,买,99.5650,1.0,9.96,99.5681,mm
9,13:48:19,买,99.5400,1.0,9.95,99.5342,mm
9,13:48:25,卖,99.5550,1.0,9.96,99.5496,mm
9,13:48:31,卖,99.5400,1.0,9.95,99.5344,mm
9,13:48:36,买,99.5200,1.0,9.95,99.5231,mm
9,13:48:48,卖,99.5200,1.0,9.95,99.5164,mm
9,13:48:48,卖,99.5300,1.0,9.95,99.5263,mm
9,13:48:52,买,99.5200,1.0,9.95,99.5250,mm
9,13:48:53,买,99.5150,1.0,9.95,99.5143,mm
9,13:48:58,卖,99.5250,1.0,9.95,99.5213,mm
9,13:49:19,卖,99.5900,1.0,9.96,99.5866,mm
9,13:49:20,买,99.5750,1.0,9.96,99.5718,mm
9,13:49:22,买,99.5500,1.0,9.96,99.5562,mm
9,13:49:22,卖,99.5700,1.0,9.96,99.5740,mm
9,13:49:25,卖,99.5900,1.0,9.96,99.5917,mm
9,13:49:40,买,99.5550,1.0,9.96,99.5610,mm
9,13:49:52,买,99.5400,1.0,9.95,99.5450,mm
9,13:49:52,卖,99.5550,1.0,9.96,99.5561,mm
9,13:49:59,卖,99.5700,1.0,9.96,99.5610,mm
9,13:50:04,买,99.5500,1.0,9.96,99.5554,mm
9,13:50:27,卖,99.5900,1.0,9.96,99.5864,mm
9,13:50:30,买,99.5800,1.0,9.96,99.5821,mm
9,13:50:31,买,99.5650,1.0,9.96,99.5709,mm
9,13:50:49,卖,99.5600,1.0,9.96,99.5587,mm
9,13:50:55,买,99.5400,1.0,9.95,99.5436,mm
9,13:51:11,卖,99.5900,1.0,9.96,99.5861,mm
9,13:51:17,买,99.5700,1.0,9.96,99.5755,mm
9,13:51:31,卖,99.5950,1.0,9.96,99.5946,mm
9,13:51:36,买,99.5900,1.0,9.96,99.5934,mm
9,13:51:38,卖,99.6150,1.0,9.96,99.6186,mm
9,13:51:43,买,99.5900,1.0,9.96,99.5925,mm
9,13:51:51,卖,99.6350,1.0,9.96,99.6296,mm
9,13:51:57,买,99.6250,1.0,9.96,99.6312,mm
9,13:52:00,卖,99.6500,1.0,9.97,99.6481,mm
9,13:52:03,卖,99.6550,1.0,9.97,99.6500,mm
9,13:52:07,买,99.6400,1.0,9.96,99.6445,mm
9,13:52:18,买,99.6300,1.0,9.96,99.6334,mm
9,13:52:28,卖,99.6350,1.0,9.96,99.6313,mm
9,13:52:35,买,99.6150,1.0,9.96,99.6194,mm
9,13:53:03,卖,99.6300,1.0,9.96,99.6273,mm
9,13:53:05,卖,99.6450,1.0,9.96,99.6270,mm
9,13:53:06,买,99.6150,1.0,9.96,99.6182,mm
9,13:53:20,卖,99.6300,1.0,9.96,99.6227,mm
9,13:53:24,买,99.6200,1.0,9.96,99.6243,mm
9,13:53:25,买,99.6100,1.0,9.96,99.6072,mm
9,13:53:32,卖,99.6050,1.0,9.96,99.6013,mm
9,13:53:33,卖,99.6150,1.0,9.96,99.6095,mm
9,13:53:38,买,99.6100,1.0,9.96,99.6135,mm
9,13:54:00,卖,99.6300,1.0,9.96,99.6240,mm
9,13:54:11,卖,99.6400,1.0,9.96,99.6357,mm
9,13:54:12,买,99.6300,1.0,9.96,99.6290,mm
9,13:54:18,卖,99.6500,1.0,9.97,99.6390,mm
9,13:54:22,买,99.6300,1.0,9.96,99.6335,mm
9,13:54:25,卖,99.6550,1.0,9.97,99.6509,mm
9,13:54:27,买,99.6250,1.0,9.96,99.6267,mm
9,13:54:34,卖,99.6450,1.0,9.96,99.6318,mm
9,13:54:34,买,99.6200,1.0,9.96,99.6257,mm
9,13:54:41,卖,99.6100,1.0,9.96,99.5984,mm
9,13:54:48,买,99.6100,1.0,9.96,99.6146,mm
9,13:54:52,买,99.6050,1.0,9.96,99.6026,mm
9,13:55:08,买,99.6200,1.0,9.96,99.6172,mm
9,13:55:12,卖,99.6250,1.0,9.96,99.6200,mm
9,13:55:15,买,99.6100,1.0,9.96,99.6116,mm
9,13:55:17,卖,99.6250,1.0,9.96,99.6166,mm
9,13:55:23,买,99.5950,1.0,9.96,99.5984,mm
9,13:55:30,卖,99.5900,1.0,9.96,99.5943,mm
9,13:55:41,买,99.5550,1.0,9.96,99.5601,mm
9,13:55:42,卖,99.5750,1.0,9.96,99.5706,mm
9,13:55:45,卖,99.6000,1.0,9.96,99.5956,mm
9,13:55:46,买,99.5850,1.0,9.96,99.5872,mm
9,13:55:47,买,99.5700,1.0,9.96,99.5687,mm
9,13:55:49,卖,99.5850,1.0,9.96,99.5789,mm
9,13:55:58,买,99.5750,1.0,9.96,99.5812,mm
9,13:55:59,买,99.5650,1.0,9.96,99.5702,mm
9,13:56:11,卖,99.5600,1.0,9.96,99.5549,mm
9,13:56:22,卖,99.5650,1.0,9.96,99.5605,mm
9,13:56:28,买,99.5450,1.0,9.95,99.5509,mm
9,13:56:42,卖,99.5900,1.0,9.96,99.5904,mm
9,13:56:54,卖,99.6200,1.0,9.96,99.6169,mm
9,13:56:55,买,99.6050,1.0,9.96,99.6035,mm
9,13:57:07,买,99.5850,1.0,9.96,99.5968,mm
9,13:57:12,卖,99.5900,1.0,9.96,99.5821,mm
9,13:57:15,买,99.5750,1.0,9.96,99.5768,mm
9,13:57:18,买,99.5750,1.0,9.96,99.5793,mm
9,13:57:24,卖,99.5800,1.0,9.96,99.5801,mm
9,13:57:35,买,99.5750,1.0,9.96,99.5812,mm
9,13:57:44,卖,99.5600,1.0,9.96,99.5596,mm
9,13:57:46,买,99.5400,1.0,9.95,99.5416,mm
9,13:57:53,卖,99.5450,1.0,9.95,99.5412,mm
9,13:58:35,卖,99.5000,1.0,9.95,99.4968,mm
9,13:58:37,卖,99.5050,1.0,9.95,99.4981,mm
9,13:58:39,买,99.4800,1.0,9.95,99.4776,mm
9,13:58:49,卖,99.4600,1.0,9.95,99.4564,mm
9,13:58:51,买,99.4450,1.0,9.94,99.4504,mm
9,13:58:56,卖,99.4550,1.0,9.95,99.4451,mm
9,13:58:59,买,99.4300,1.0,9.94,99.4312,mm
9,13:59:06,买,99.4200,1.0,9.94,99.4249,mm
9,13:59:26,卖,99.4200,1.0,9.94,99.4093,mm
9,13:59:29,卖,99.4250,1.0,9.94,99.4276,mm
9,13:59:30,买,99.4150,1.0,9.94,99.4199,mm
9,13:59:41,买,99.4150,1.0,9.94,99.4195,mm
9,13:59:45,卖,99.4300,1.0,9.94,99.4233,mm
9,13:59:54,卖,99.4100,1.0,9.94,99.4003,mm
9,14:00:12,卖,99.4750,1.0,9.95,99.4676,mm
9,14:00:14,买,99.4700,1.0,9.95,99.4753,mm
9,14:00:21,卖,99.5050,1.0,9.95,99.5009,mm
9,14:00:28,买,99.5100,1.0,9.95,99.5139,mm
9,14:00:55,买,99.5150,1.0,9.95,99.5203,mm
9,14:01:09,卖,99.5250,1.0,9.95,99.5097,mm
9,14:01:09,卖,99.5250,1.0,9.95,99.5121,mm
9,14:01:13,买,99.4900,1.0,9.95,99.4937,mm
9,14:01:20,买,99.4850,1.0,9.95,99.4911,mm
9,14:01:22,卖,99.5000,1.0,9.95,99.4860,mm
9,14:01:28,买,99.4650,1.0,9.95,99.4667,mm
9,14:01:37,买,99.4550,1.0,9.95,99.4651,mm
9,14:01:41,卖,99.4750,1.0,9.95,99.4672,mm
9,14:01:49,卖,99.4650,1.0,9.95,99.4678,mm
9,14:02:02,卖,99.4800,1.0,9.95,99.4774,mm
9,14:02:09,买,99.4950,1.0,9.95,99.4999,mm
9,14:02:15,买,99.4800,1.0,9.95,99.4804,mm
9,14:02:24,卖,99.4750,1.0,9.95,99.4695,mm
9,14:02:24,买,99.4600,1.0,9.95,99.4584,mm
9,14:02:42,卖,99.4800,1.0,9.95,99.4812,mm
9,14:02:48,买,99.4650,1.0,9.95,99.4702,mm
9,14:02:51,买,99.4650,1.0,9.95,99.4708,mm
9,14:02:53,买,99.4500,1.0,9.95,99.4554,mm
9,14:03:09,卖,99.4850,1.0,9.95,99.4793,mm
9,14:03:24,卖,99.4700,1.0,9.95,99.4681,mm
9,14:03:25,买,99.4500,1.0,9.95,99.4548,mm
9,14:03:26,卖,99.4700,1.0,9.95,99.4745,mm
9,14:03:28,买,99.4550,1.0,9.95,99.4593,mm
9,14:04:02,卖,99.4500,1.0,9.95,99.4411,mm
9,14:04:38,卖,99.4450,1.0,9.94,99.4446,mm
9,14:04:44,买,99.4400,1.0,9.94,99.4441,mm
9,14:04:58,买,99.4500,1.0,9.95,99.4558,mm
9,14:05:02,买,99.4450,1.0,9.94,99.4506,mm
9,14:05:12,卖,99.4650,1.0,9.95,99.4648,mm
9,14:05:40,卖,99.5000,1.0,9.95,99.4970,mm
9,14:05:44,买,99.4800,1.0,9.95,99.4855,mm
9,14:05:48,卖,99.5000,1.0,9.95,99.4950,mm
9,14:05:54,卖,99.5150,1.0,9.95,99.5043,mm
9,14:06:08,买,99.4850,1.0,9.95,99.4845,mm
9,14:06:09,买,99.4700,1.0,9.95,99.4749,mm
9,14:06:11,买,99.4600,1.0,9.95,99.4655,mm
9,14:06:22,卖,99.4850,1.0,9.95,99.4810,mm
9,14:06:30,买,99.4300,1.0,9.94,99.4311,mm
9,14:06:36,买,99.4050,1.0,9.94,99.4102,mm
9,14:06:38,卖,99.4100,1.0,9.94,99.4103,mm
9,14:06:46,买,99.3750,1.0,9.94,99.3811,mm
9,14:07:00,卖,99.3650,1.0,9.94,99.3550,mm
9,14:07:03,卖,99.3700,1.0,9.94,99.3663,mm
9,14:07:05,买,99.3550,1.0,9.94,99.3689,mm
9,14:07:12,买,99.3600,1.0,9.94,99.3774,mm
9,14:07:13,买,99.3600,1.0,9.94,99.3728,mm
9,14:07:29,卖,99.3550,1.0,9.94,99.3516,mm
9,14:07:33,卖,99.3550,1.0,9.94,99.3514,mm
9,14:07:36,卖,99.3550,1.0,9.94,99.3510,mm
9,14:07:38,买,99.3350,1.0,9.93,99.3400,mm
9,14:07:53,买,99.3200,1.0,9.93,99.3236,mm
9,14:08:00,卖,99.3150,1.0,9.93,99.3129,mm
9,14:08:04,卖,99.3250,1.0,9.93,99.3242,mm
9,14:08:31,买,99.3150,1.0,9.93,99.3191,mm
9,14:08:32,卖,99.3300,1.0,9.93,99.3291,mm
9,14:08:36,卖,99.3300,1.0,9.93,99.3281,mm
9,14:08:44,买,99.3500,1.0,9.94,99.3559,mm
9,14:08:57,买,99.3150,1.0,9.93,99.3207,mm
9,14:09:04,卖,99.3400,1.0,9.93,99.3294,mm
9,14:09:07,买,99.3200,1.0,9.93,99.3249,mm
9,14:09:12,卖,99.3450,1.0,9.93,99.3418,mm
9,14:09:24,买,99.3400,1.0,9.93,99.3447,mm
9,14:09:33,卖,99.3450,1.0,9.93,99.3400,mm
9,14:09:40,卖,99.3500,1.0,9.94,99.3454,mm
9,14:09:43,卖,99.3650,1.0,9.94,99.3636,mm
9,14:09:47,买,99.3800,1.0,9.94,99.3759,mm
9,14:09:58,卖,99.3950,1.0,9.94,99.3916,mm
9,14:09:59,买,99.3800,1.0,9.94,99.3780,mm
9,14:10:04,买,99.3800,1.0,9.94,99.3853,mm
9,14:10:08,买,99.3650,1.0,9.94,99.3681,mm
9,14:10:16,卖,99.3700,1.0,9.94,99.3670,mm
9,14:10:17,买,99.3500,1.0,9.94,99.3548,mm
9,14:10:31,卖,99.4000,1.0,9.94,99.3970,mm
9,14:10:43,卖,99.4150,1.0,9.94,99.4093,mm
9,14:10:46,卖,99.4200,1.0,9.94,99.4173,mm
9,14:10:48,买,99.4050,1.0,9.94,99.4112,mm
9,14:10:59,买,99.4150,1.0,9.94,99.4191,mm
9,14:11:24,买,99.3500,1.0,9.94,99.3558,mm
9,14:11:25,卖,99.3600,1.0,9.94,99.3562,mm
9,14:11:31,卖,99.3500,1.0,9.94,99.3458,mm
9,14:12:09,买,99.3500,1.0,9.94,99.3536,mm
9,14:12:11,卖,99.3600,1.0,9.94,99.3491,mm
9,14:12:14,买,99.3300,1.0,9.93,99.3243,mm
9,14:12:21,卖,99.3300,1.0,9.93,99.3258,mm
9,14:12:39,卖,99.3400,1.0,9.93,99.3421,mm
9,14:12:49,买,99.3700,1.0,9.94,99.3750,mm
9,14:13:00,买,99.3650,1.0,9.94,99.3675,mm
9,14:13:04,卖,99.3850,1.0,9.94,99.3826,mm
9,14:13:06,卖,99.4000,1.0,9.94,99.3846,mm
9,14:13:08,买,99.3700,1.0,9.94,99.3756,mm
9,14:13:14,卖,99.3900,1.0,9.94,99.3855,mm
9,14:13:19,卖,99.4050,1.0,9.94,99.4001,mm
9,14:13:20,买,99.3950,1.0,9.94,99.3938,mm
9,14:13:21,买,99.3800,1.0,9.94,99.3837,mm
9,14:13:23,卖,99.3950,1.0,9.94,99.3985,mm
9,14:13:30,买,99.3800,1.0,9.94,99.3850,mm
9,14:13:42,买,99.3650,1.0,9.94,99.3662,mm
9,14:13:52,买,99.3750,1.0,9.94,99.3805,mm
9,14:13:58,卖,99.4000,1.0,9.94,99.4044,mm
9,14:13:59,卖,99.4150,1.0,9.94,99.4116,mm
9,14:14:14,买,99.4000,1.0,9.94,99.4057,mm
9,14:14:24,卖,99.4200,1.0,9.94,99.4201,mm
9,14:14:26,买,99.4050,1.0,9.94,99.4074,mm
9,14:14:29,卖,99.4100,1.0,9.94,99.4092,mm
9,14:14:30,买,99.3900,1.0,9.94,99.3848,mm
9,14:14:37,买,99.3700,1.0,9.94,99.3753,mm
9,14:14:54,卖,99.3600,1.0,9.94,99.3575,mm
9,14:14:58,买,99.3600,1.0,9.94,99.3618,mm
9,14:15:06,卖,99.3600,1.0,9.94,99.3488,mm
9,14:15:07,卖,99.3600,1.0,9.94,99.3471,mm
9,14:15:34,买,99.3300,1.0,9.93,99.3359,mm
9,14:15:36,买,99.3350,1.0,9.93,99.3492,mm
9,14:15:36,买,99.3350,1.0,9.93,99.3508,mm
9,14:15:37,卖,99.3600,1.0,9.94,99.3557,mm
9,14:15:40,卖,99.3800,1.0,9.94,99.3843,mm
9,14:15:53,卖,99.3850,1.0,9.94,99.3769,mm
9,14:15:56,卖,99.3900,1.0,9.94,99.3866,mm
9,14:16:07,买,99.3800,1.0,9.94,99.3730,mm
9,14:16:12,卖,99.4000,1.0,9.94,99.3868,mm
9,14:16:13,卖,99.4000,1.0,9.94,99.3854,mm
9,14:16:20,买,99.3700,1.0,9.94,99.3705,mm
9,14:16:25,买,99.3650,1.0,9.94,99.3729,mm
9,14:16:37,买,99.3750,1.0,9.94,99.3812,mm
9,14:16:38,卖,99.4000,1.0,9.94,99.4040,mm
9,14:16:51,买,99.3800,1.0,9.94,99.3828,mm
9,14:16:53,买,99.3750,1.0,9.94,99.3727,mm
9,14:16:55,卖,99.3850,1.0,9.94,99.3880,mm
9,14:16:56,买,99.3750,1.0,9.94,99.3806,mm
9,14:16:57,卖,99.3900,1.0,9.94,99.3872,mm
9,14:17:07,卖,99.3850,1.0,9.94,99.3866,mm
9,14:17:08,买,99.3750,1.0,9.94,99.3738,mm
9,14:17:10,卖,99.3850,1.0,9.94,99.3780,mm
9,14:17:16,买,99.3700,1.0,9.94,99.3697,mm
9,14:17:23,卖,99.3650,1.0,9.94,99.3586,mm
9,14:17:25,买,99.3450,1.0,9.93,99.3429,mm
9,14:17:26,买,99.3250,1.0,9.93,99.3297,mm
9,14:17:29,卖,99.3250,1.0,9.93,99.3222,mm
9,14:17:43,卖,99.3500,1.0,9.94,99.3439,mm
9,14:17:46,卖,99.3550,1.0,9.94,99.3524,mm
9,14:17:48,买,99.3400,1.0,9.93,99.3443,mm
9,14:17:55,买,99.3200,1.0,9.93,99.3240,mm
9,14:17:57,买,99.3100,1.0,9.93,99.3130,mm
9,14:18:18,卖,99.3050,1.0,9.93,99.2985,mm
9,14:18:38,买,99.2600,1.0,9.93,99.2661,mm
9,14:18:42,卖,99.2600,1.0,9.93,99.2599,mm
9,14:18:54,买,99.2500,1.0,9.93,99.2556,mm
9,14:18:57,卖,99.2700,1.0,9.93,99.2565,mm
9,14:19:04,买,99.2400,1.0,9.92,99.2458,mm
9,14:19:07,卖,99.2550,1.0,9.93,99.2496,mm
9,14:19:15,卖,99.2650,1.0,9.93,99.2590,mm
9,14:19:31,卖,99.2900,1.0,9.93,99.2865,mm
9,14:19:47,卖,99.3000,1.0,9.93,99.2849,mm
9,14:19:49,卖,99.2950,1.0,9.93,99.2828,mm
9,14:19:50,买,99.2700,1.0,9.93,99.2739,mm
9,14:19:51,卖,99.2900,1.0,9.93,99.2899,mm
9,14:19:52,买,99.2800,1.0,9.93,99.2828,mm
9,14:20:00,买,99.2650,1.0,9.93,99.2709,mm
9,14:20:17,买,99.2700,1.0,9.93,99.2752,mm
9,14:20:19,买,99.2650,1.0,9.93,99.2712,mm
9,14:20:22,买,99.2600,1.0,9.93,99.2632,mm
9,14:20:48,卖,99.2750,1.0,9.93,99.2711,mm
9,14:21:06,卖,99.2900,1.0,9.93,99.2855,mm
9,14:21:11,买,99.2700,1.0,9.93,99.2762,mm
9,14:21:13,卖,99.2900,1.0,9.93,99.2841,mm
9,14:21:27,卖,99.2850,1.0,9.93,99.2832,mm
9,14:21:30,买,99.2650,1.0,9.93,99.2710,mm
9,14:21:37,卖,99.2700,1.0,9.93,99.2720,mm
9,14:21:41,买,99.2700,1.0,9.93,99.2762,mm
9,14:21:43,卖,99.2950,1.0,9.93,99.2913,mm
9,14:21:49,买,99.2850,1.0,9.93,99.2982,mm
9,14:21:49,卖,99.3100,1.0,9.93,99.2982,mm
9,14:21:49,买,99.2850,1.0,9.93,99.2988,mm
9,14:22:01,卖,99.3250,1.0,9.93,99.3188,mm
9,14:22:02,卖,99.3350,1.0,9.93,99.3327,mm
9,14:22:07,买,99.3350,1.0,9.93,99.3422,mm
9,14:22:18,买,99.3650,1.0,9.94,99.3700,mm
9,14:22:21,卖,99.3850,1.0,9.94,99.3816,mm
9,14:22:26,买,99.3800,1.0,9.94,99.3807,mm
9,14:22:27,买,99.3550,1.0,9.94,99.3552,mm
9,14:22:30,卖,99.3750,1.0,9.94,99.3718,mm
9,14:22:44,卖,99.4000,1.0,9.94,99.3942,mm
9,14:22:45,卖,99.4150,1.0,9.94,99.4063,mm
9,14:22:50,买,99.4000,1.0,9.94,99.4112,mm
9,14:22:51,买,99.4000,1.0,9.94,99.4105,mm
9,14:23:08,卖,99.4300,1.0,9.94,99.4244,mm
9,14:23:16,卖,99.4300,1.0,9.94,99.4181,mm
9,14:23:21,买,99.4250,1.0,9.94,99.4310,mm
9,14:23:24,买,99.4200,1.0,9.94,99.4254,mm
9,14:23:32,买,99.4200,1.0,9.94,99.4262,mm
9,14:23:42,买,99.4350,1.0,9.94,99.4374,mm
9,14:23:45,卖,99.4650,1.0,9.95,99.4615,mm
9,14:23:53,卖,99.4650,1.0,9.95,99.4605,mm
9,14:23:59,买,99.4550,1.0,9.95,99.4569,mm
9,14:24:21,卖,99.4400,1.0,9.94,99.4400,mm
9,14:24:28,卖,99.4650,1.0,9.95,99.4560,mm
9,14:24:30,买,99.4350,1.0,9.94,99.4401,mm
9,14:24:39,买,99.4250,1.0,9.94,99.4296,mm
9,14:24:49,卖,99.4300,1.0,9.94,99.4362,mm
9,14:24:55,卖,99.4400,1.0,9.94,99.4351,mm
9,14:24:59,卖,99.4550,1.0,9.95,99.4503,mm
9,14:25:01,买,99.4400,1.0,9.94,99.4383,mm
9,14:25:03,买,99.4200,1.0,9.94,99.4239,mm
9,14:25:07,卖,99.4250,1.0,9.94,99.4196,mm
9,14:25:30,买,99.4100,1.0,9.94,99.4150,mm
9,14:25:31,买,99.4000,1.0,9.94,99.4018,mm
9,14:25:45,卖,99.3750,1.0,9.94,99.3690,mm
9,14:25:47,卖,99.3800,1.0,9.94,99.3758,mm
9,14:26:00,卖,99.4300,1.0,9.94,99.4283,mm
9,14:26:03,买,99.4300,1.0,9.94,99.4360,mm
9,14:26:04,卖,99.4500,1.0,9.95,99.4456,mm
9,14:26:11,买,99.4500,1.0,9.95,99.4560,mm
9,14:26:18,卖,99.4550,1.0,9.95,99.4447,mm
9,14:26:21,买,99.4400,1.0,9.94,99.4457,mm
9,14:26:28,卖,99.4500,1.0,9.95,99.4438,mm
9,14:26:29,买,99.4200,1.0,9.94,99.4229,mm
9,14:26:36,卖,99.4350,1.0,9.94,99.4177,mm
9,14:26:36,卖,99.4350,1.0,9.94,99.4211,mm
9,14:26:37,买,99.4100,1.0,9.94,99.4160,mm
9,14:26:38,买,99.4050,1.0,9.94,99.4092,mm
9,14:26:44,卖,99.4250,1.0,9.94,99.4204,mm
9,14:26:50,买,99.4100,1.0,9.94,99.4091,mm
9,14:26:59,卖,99.4200,1.0,9.94,99.4148,mm
9,14:27:00,买,99.4050,1.0,9.94,99.4076,mm
9,14:27:01,买,99.3950,1.0,9.94,99.3997,mm
9,14:27:03,买,99.3900,1.0,9.94,99.3930,mm
9,14:27:07,卖,99.4150,1.0,9.94,99.4094,mm
9,14:27:14,买,99.3800,1.0,9.94,99.3809,mm
9,14:27:16,买,99.3650,1.0,9.94,99.3659,mm
9,14:27:24,买,99.3400,1.0,9.93,99.3456,mm
9,14:27:38,卖,99.3600,1.0,9.94,99.3638,mm
9,14:27:38,买,99.3500,1.0,9.94,99.3497,mm
9,14:27:42,卖,99.3550,1.0,9.94,99.3575,mm
9,14:27:52,买,99.3500,1.0,9.94,99.3549,mm
9,14:27:54,卖,99.3550,1.0,9.94,99.3616,mm
9,14:27:57,卖,99.3800,1.0,9.94,99.3848,mm
9,14:28:00,卖,99.4100,1.0,9.94,99.4086,mm
9,14:28:01,卖,99.4200,1.0,9.94,99.4156,mm
9,14:28:14,买,99.4250,1.0,9.94,99.4297,mm
9,14:28:17,买,99.4300,1.0,9.94,99.4337,mm
9,14:28:24,买,99.4300,1.0,9.94,99.4320,mm
9,14:28:25,买,99.4150,1.0,9.94,99.4197,mm
9,14:28:27,买,99.3950,1.0,9.94,99.4009,mm
9,14:28:35,买,99.3550,1.0,9.94,99.3568,mm
9,14:28:37,卖,99.3750,1.0,9.94,99.3733,mm
9,14:28:43,卖,99.3800,1.0,9.94,99.3773,mm
9,14:28:45,卖,99.3850,1.0,9.94,99.3817,mm
9,14:28:46,卖,99.3900,1.0,9.94,99.3831,mm
9,14:28:50,卖,99.4000,1.0,9.94,99.3950,mm
9,14:29:05,卖,99.4750,1.0,9.95,99.4719,mm
9,14:29:13,买,99.4900,1.0,9.95,99.4834,mm
9,14:29:15,买,99.4800,1.0,9.95,99.4858,mm
9,14:29:17,卖,99.4900,1.0,9.95,99.4922,mm
9,14:29:19,卖,99.5050,1.0,9.95,99.5077,mm
9,14:29:30,买,99.4800,1.0,9.95,99.4861,mm
9,14:29:33,买,99.4700,1.0,9.95,99.4735,mm
9,14:29:54,卖,99.5150,1.0,9.95,99.5096,mm
9,14:30:04,卖,99.5150,1.0,9.95,99.5134,mm
9,14:30:06,卖,99.5350,1.0,9.95,99.5308,mm
9,14:30:10,买,99.5050,1.0,9.95,99.5035,mm
9,14:30:15,买,99.5050,1.0,9.95,99.5076,mm
9,14:30:21,卖,99.5200,1.0,9.95,99.5140,mm
9,14:30:34,买,99.5450,1.0,9.95,99.5509,mm
9,14:31:12,卖,99.6650,1.0,9.97,99.6605,mm
9,14:31:13,买,99.6450,1.0,9.96,99.6507,mm
9,14:31:40,卖,99.6800,1.0,9.97,99.6839,mm
9,14:31:48,卖,99.6900,1.0,9.97,99.6841,mm
9,14:31:53,买,99.6800,1.0,9.97,99.6833,mm
9,14:32:15,卖,99.7000,1.0,9.97,99.6978,mm
9,14:32:18,买,99.6900,1.0,9.97,99.6946,mm
9,14:32:19,买,99.6850,1.0,9.97,99.6864,mm
9,14:32:27,卖,99.7150,1.0,9.97,99.7017,mm
9,14:32:47,买,99.7050,1.0,9.97,99.6993,mm
9,14:32:51,卖,99.7050,1.0,9.97,99.6956,mm
9,14:32:52,买,99.6800,1.0,9.97,99.6794,mm
9,14:32:56,买,99.6600,1.0,9.97,99.6602,mm
9,14:32:59,买,99.6400,1.0,9.96,99.6407,mm
9,14:33:00,买,99.6250,1.0,9.96,99.6303,mm
9,14:33:09,卖,99.6300,1.0,9.96,99.6292,mm
9,14:33:11,卖,99.6400,1.0,9.96,99.6354,mm
9,14:33:14,卖,99.6500,1.0,9.97,99.6452,mm
9,14:33:35,买,99.6100,1.0,9.96,99.6121,mm
9,14:33:42,买,99.6200,1.0,9.96,99.6246,mm
9,14:34:16,卖,99.5850,1.0,9.96,99.5805,mm
9,14:34:19,卖,99.6000,1.0,9.96,99.5987,mm
9,14:34:22,买,99.5850,1.0,9.96,99.5827,mm
9,14:34:27,卖,99.6000,1.0,9.96,99.5971,mm
9,14:34:40,卖,99.5600,1.0,9.96,99.5475,mm
9,14:34:40,卖,99.5600,1.0,9.96,99.5489,mm
9,14:34:43,卖,99.5650,1.0,9.96,99.5596,mm
9,14:34:45,买,99.5500,1.0,9.96,99.5613,mm
9,14:34:46,买,99.5500,1.0,9.96,99.5614,mm
9,14:34:46,买,99.5500,1.0,9.96,99.5608,mm
9,14:35:01,卖,99.6000,1.0,9.96,99.5909,mm
9,14:35:12,买,99.5900,1.0,9.96,99.5939,mm
9,14:35:23,买,99.5900,1.0,9.96,99.5925,mm
9,14:35:26,买,99.5750,1.0,9.96,99.5783,mm
9,14:35:30,卖,99.5950,1.0,9.96,99.5888,mm
9,14:35:31,买,99.5850,1.0,9.96,99.5899,mm
9,14:35:33,买,99.5900,1.0,9.96,99.5907,mm
9,14:35:34,卖,99.6000,1.0,9.96,99.5915,mm
9,14:35:41,卖,99.6050,1.0,9.96,99.6001,mm
9,14:35:50,卖,99.6000,1.0,9.96,99.6023,mm
9,14:35:53,买,99.5900,1.0,9.96,99.5902,mm
9,14:35:56,卖,99.6000,1.0,9.96,99.5978,mm
9,14:36:12,买,99.6000,1.0,9.96,99.6054,mm
9,14:36:14,卖,99.6200,1.0,9.96,99.6244,mm
9,14:36:18,卖,99.6400,1.0,9.96,99.6341,mm
9,14:36:35,卖,99.6650,1.0,9.97,99.6604,mm
9,14:36:40,买,99.6550,1.0,9.97,99.6582,mm
9,14:36:42,卖,99.6750,1.0,9.97,99.6526,mm
9,14:36:49,买,99.6700,1.0,9.97,99.6760,mm
9,14:37:00,买,99.6700,1.0,9.97,99.6743,mm
9,14:37:06,买,99.6600,1.0,9.97,99.6624,mm
9,14:37:11,卖,99.6700,1.0,9.97,99.6642,mm
9,14:37:12,卖,99.6750,1.0,9.97,99.6702,mm
9,14:37:21,卖,99.6800,1.0,9.97,99.6779,mm
9,14:37:32,买,99.6400,1.0,9.96,99.6365,mm
9,14:37:33,卖,99.6500,1.0,9.97,99.6457,mm
9,14:37:35,买,99.6250,1.0,9.96,99.6312,mm
9,14:37:53,买,99.6250,1.0,9.96,99.6312,mm
9,14:37:56,卖,99.6450,1.0,9.96,99.6415,mm
9,14:38:04,买,99.6200,1.0,9.96,99.6259,mm
9,14:38:20,买,99.6050,1.0,9.96,99.6092,mm
9,14:38:21,卖,99.6200,1.0,9.96,99.6155,mm
9,14:38:23,买,99.6100,1.0,9.96,99.6151,mm
9,14:38:28,卖,99.6500,1.0,9.97,99.6441,mm
9,14:38:36,卖,99.6700,1.0,9.97,99.6656,mm
9,14:38:37,买,99.6550,1.0,9.97,99.6608,mm
9,14:38:59,买,99.6650,1.0,9.97,99.6704,mm
9,14:39:04,买,99.6600,1.0,9.97,99.6592,mm
9,14:39:05,卖,99.6700,1.0,9.97,99.6678,mm
9,14:39:10,买,99.6300,1.0,9.96,99.6316,mm
9,14:39:12,卖,99.6450,1.0,9.96,99.6421,mm
9,14:39:37,卖,99.7000,1.0,9.97,99.7025,mm
9,14:40:03,买,99.6700,1.0,9.97,99.6758,mm
9,14:40:07,买,99.6700,1.0,9.97,99.6747,mm
9,14:40:09,卖,99.6800,1.0,9.97,99.6852,mm
9,14:40:28,卖,99.6650,1.0,9.97,99.6672,mm
9,14:40:35,卖,99.6750,1.0,9.97,99.6706,mm
9,14:40:47,买,99.6550,1.0,9.97,99.6595,mm
9,14:40:56,买,99.6650,1.0,9.97,99.6711,mm
9,14:41:02,卖,99.6750,1.0,9.97,99.6664,mm
9,14:41:10,买,99.6350,1.0,9.96,99.6354,mm
9,14:41:11,买,99.6200,1.0,9.96,99.6257,mm
9,14:41:20,买,99.5700,1.0,9.96,99.5738,mm
9,14:41:26,卖,99.5700,1.0,9.96,99.5692,mm
9,14:41:29,买,99.5550,1.0,9.96,99.5586,mm
9,14:41:31,买,99.5450,1.0,9.95,99.5427,mm
9,14:41:48,买,99.5250,1.0,9.95,99.5303,mm
9,14:41:52,卖,99.5350,1.0,9.95,99.5390,mm
9,14:41:54,卖,99.5550,1.0,9.96,99.5517,mm
9,14:42:09,卖,99.5650,1.0,9.96,99.5537,mm
9,14:42:09,卖,99.5650,1.0,9.96,99.5566,mm
9,14:42:24,卖,99.6000,1.0,9.96,99.5959,mm
9,14:42:32,卖,99.6000,1.0,9.96,99.5943,mm
9,14:42:33,买,99.5800,1.0,9.96,99.5856,mm
9,14:42:35,买,99.5750,1.0,9.96,99.5795,mm
9,14:42:48,买,99.5700,1.0,9.96,99.5731,mm
9,14:42:51,卖,99.5950,1.0,9.96,99.5923,mm
9,14:43:05,买,99.5350,1.0,9.95,99.5375,mm
9,14:43:14,买,99.5200,1.0,9.95,99.5262,mm
9,14:43:16,卖,99.5200,1.0,9.95,99.5186,mm
9,14:43:16,卖,99.5300,1.0,9.95,99.5223,mm
9,14:43:21,卖,99.5450,1.0,9.95,99.5420,mm
9,14:43:27,卖,99.5450,1.0,9.95,99.5506,mm
9,14:43:28,卖,99.5650,1.0,9.96,99.5626,mm
9,14:43:31,买,99.5450,1.0,9.95,99.5462,mm
9,14:43:33,卖,99.5550,1.0,9.96,99.5491,mm
9,14:44:01,买,99.5950,1.0,9.96,99.6000,mm
9,14:44:06,卖,99.6350,1.0,9.96,99.6332,mm
9,14:44:09,卖,99.6450,1.0,9.96,99.6432,mm
9,14:44:12,买,99.6300,1.0,9.96,99.6360,mm
9,14:44:13,买,99.6250,1.0,9.96,99.6265,mm
9,14:44:19,买,99.6200,1.0,9.96,99.6223,mm
9,14:44:30,买,99.6050,1.0,9.96,99.6083,mm
9,14:45:04,买,99.6000,1.0,9.96,99.6058,mm
9,14:45:08,买,99.5900,1.0,9.96,99.5897,mm
9,14:45:16,买,99.5500,1.0,9.96,99.5562,mm
9,14:45:20,卖,99.5800,1.0,9.96,99.5783,mm
9,14:45:26,卖,99.5750,1.0,9.96,99.5641,mm
9,14:45:27,卖,99.5750,1.0,9.96,99.5696,mm
9,14:45:37,买,99.5250,1.0,9.95,99.5308,mm
9,14:45:49,买,99.5300,1.0,9.95,99.5288,mm
9,14:45:52,买,99.5100,1.0,9.95,99.5138,mm
9,14:45:57,卖,99.5250,1.0,9.95,99.5243,mm
9,14:45:58,买,99.5100,1.0,9.95,99.5126,mm
9,14:46:18,卖,99.5200,1.0,9.95,99.5243,mm
9,14:46:23,买,99.4950,1.0,9.95,99.5007,mm
9,14:46:45,卖,99.5200,1.0,9.95,99.5093,mm
9,14:46:45,卖,99.5200,1.0,9.95,99.5133,mm
9,14:46:49,卖,99.5200,1.0,9.95,99.5151,mm
9,14:46:50,卖,99.5200,1.0,9.95,99.5168,mm
9,14:46:50,买,99.5050,1.0,9.95,99.5099,mm
9,14:46:54,买,99.4800,1.0,9.95,99.4858,mm
9,14:47:06,卖,99.4950,1.0,9.95,99.4870,mm
9,14:47:12,卖,99.5150,1.0,9.95,99.5076,mm
9,14:47:25,卖,99.5450,1.0,9.95,99.5401,mm
9,14:47:26,买,99.5300,1.0,9.95,99.5353,mm
9,14:47:29,买,99.5200,1.0,9.95,99.5256,mm
9,14:47:31,卖,99.5300,1.0,9.95,99.5271,mm
9,14:47:33,买,99.5150,1.0,9.95,99.5204,mm
9,14:47:39,卖,99.5500,1.0,9.96,99.5445,mm
9,14:47:52,买,99.5400,1.0,9.95,99.5450,mm
9,14:48:14,卖,99.5850,1.0,9.96,99.5793,mm
9,14:48:24,买,99.5600,1.0,9.96,99.5657,mm
9,14:48:30,买,99.5650,1.0,9.96,99.5700,mm
9,14:48:32,卖,99.5850,1.0,9.96,99.5802,mm
9,14:48:34,卖,99.5900,1.0,9.96,99.5841,mm
9,14:48:42,卖,99.6100,1.0,9.96,99.6078,mm
9,14:48:47,卖,99.6300,1.0,9.96,99.6194,mm
9,14:48:49,卖,99.6350,1.0,9.96,99.6315,mm
9,14:49:01,卖,99.6550,1.0,9.97,99.6504,mm
9,14:49:07,买,99.6350,1.0,9.96,99.6400,mm
9,14:49:09,买,99.6150,1.0,9.96,99.6177,mm
9,14:49:11,卖,99.6300,1.0,9.96,99.6191,mm
9,14:49:18,买,99.5900,1.0,9.96,99.5856,mm
9,14:49:25,买,99.5750,1.0,9.96,99.5798,mm
9,14:49:48,买,99.5900,1.0,9.96,99.5950,mm
9,14:50:03,卖,99.6200,1.0,9.96,99.6173,mm
9,14:50:07,买,99.6050,1.0,9.96,99.6093,mm
9,14:50:11,买,99.5850,1.0,9.96,99.5855,mm
9,14:50:27,卖,99.6200,1.0,9.96,99.6172,mm
9,14:50:29,卖,99.6300,1.0,9.96,99.6244,mm
9,14:50:46,卖,99.6550,1.0,9.97,99.6532,mm
9,14:50:50,买,99.6350,1.0,9.96,99.6392,mm
9,14:50:53,卖,99.6400,1.0,9.96,99.6386,mm
9,14:50:54,买,99.6250,1.0,9.96,99.6308,mm
9,14:50:56,买,99.6200,1.0,9.96,99.6253,mm
9,14:51:03,买,99.6150,1.0,9.96,99.6174,mm
9,14:51:20,卖,99.5900,1.0,9.96,99.5882,mm
9,14:51:21,买,99.5750,1.0,9.96,99.5781,mm
9,14:51:34,卖,99.5600,1.0,9.96,99.5609,mm
9,14:51:41,买,99.5450,1.0,9.95,99.5440,mm
9,14:51:48,买,99.5550,1.0,9.96,99.5602,mm
9,14:51:55,卖,99.5650,1.0,9.96,99.5631,mm
9,14:52:01,卖,99.5700,1.0,9.96,99.5624,mm
9,14:52:07,卖,99.6100,1.0,9.96,99.6002,mm
9,14:52:08,买,99.5900,1.0,9.96,99.5956,mm
9,14:52:10,买,99.5800,1.0,9.96,99.5857,mm
9,14:52:12,买,99.5750,1.0,9.96,99.5700,mm
9,14:52:14,买,99.5550,1.0,9.96,99.5599,mm
9,14:52:35,卖,99.6100,1.0,9.96,99.6049,mm
9,14:52:44,卖,99.6100,1.0,9.96,99.6043,mm
9,14:52:47,买,99.5900,1.0,9.96,99.5961,mm
9,14:52:49,卖,99.6000,1.0,9.96,99.5967,mm
9,14:52:50,买,99.5900,1.0,9.96,99.5919,mm
9,14:52:54,卖,99.6050,1.0,9.96,99.6074,mm
9,14:53:06,买,99.5950,1.0,9.96,99.5988,mm
9,14:53:07,买,99.5850,1.0,9.96,99.5888,mm
9,14:53:19,卖,99.6000,1.0,9.96,99.5942,mm
9,14:53:21,买,99.5750,1.0,9.96,99.5805,mm
9,14:53:30,卖,99.5800,1.0,9.96,99.5784,mm
9,14:53:32,买,99.5650,1.0,9.96,99.5660,mm
9,14:53:34,卖,99.5700,1.0,9.96,99.5612,mm
9,14:53:36,买,99.5450,1.0,9.95,99.5474,mm
9,14:53:40,卖,99.5650,1.0,9.96,99.5597,mm
9,14:53:45,买,99.5450,1.0,9.95,99.5459,mm
9,14:53:54,卖,99.5750,1.0,9.96,99.5674,mm
9,14:53:58,卖,99.5750,1.0,9.96,99.5750,mm
9,14:54:00,卖,99.5850,1.0,9.96,99.5810,mm
9,14:54:01,卖,99.5950,1.0,9.96,99.5908,mm
9,14:54:15,买,99.5950,1.0,9.96,99.5994,mm
9,14:54:26,卖,99.6150,1.0,9.96,99.6039,mm
9,14:54:26,卖,99.6150,1.0,9.96,99.6045,mm
9,14:54:27,买,99.5950,1.0,9.96,99.6010,mm
9,14:54:33,卖,99.6150,1.0,9.96,99.6128,mm
9,14:54:48,买,99.6050,1.0,9.96,99.6063,mm
9,14:55:10,买,99.5850,1.0,9.96,99.5895,mm
9,14:55:41,买,99.5700,1.0,9.96,99.5759,mm
9,14:55:55,卖,99.6100,1.0,9.96,99.6039,mm
9,14:56:00,卖,99.6150,1.0,9.96,99.6095,mm
9,14:56:02,买,99.5950,1.0,9.96,99.5990,mm
9,14:56:21,买,99.5600,1.0,9.96,99.5630,mm
9,14:56:26,买,99.5450,1.0,9.95,99.5460,mm
9,14:56:29,买,99.5300,1.0,9.95,99.5349,mm
9,14:56:32,卖,99.5550,1.0,9.96,99.5503,mm
9,14:56:33,买,99.5350,1.0,9.95,99.5400,mm
9,14:56:39,卖,99.5500,1.0,9.96,99.5464,mm
9,14:56:51,买,99.5300,1.0,9.95,99.5299,mm
9,14:56:56,买,99.5150,1.0,9.95,99.5198,mm
9,14:57:02,卖,99.5350,1.0,9.95,99.5332,mm
9,14:57:07,卖,99.5400,1.0,9.95,99.5378,mm
9,14:57:17,卖,99.5350,1.0,9.95,99.5225,mm
9,14:57:23,卖,99.5500,1.0,9.96,99.5449,mm
9,14:57:33,买,99.5350,1.0,9.95,99.5373,mm
9,14:57:34,卖,99.5500,1.0,9.96,99.5448,mm
9,14:57:36,卖,99.5550,1.0,9.96,99.5544,mm
9,14:57:40,买,99.5250,1.0,9.95,99.5196,mm
9,14:57:48,买,99.5050,1.0,9.95,99.5101,mm
9,14:57:57,卖,99.5350,1.0,9.95,99.5289,mm
9,14:58:00,买,99.5250,1.0,9.95,99.5293,mm
9,14:58:05,买,99.5000,1.0,9.95,99.5061,mm
9,14:58:12,卖,99.5100,1.0,9.95,99.5045,mm
9,14:58:17,卖,99.5100,1.0,9.95,99.5042,mm
9,14:58:33,卖,99.5250,1.0,9.95,99.5198,mm
9,14:58:39,买,99.5300,1.0,9.95,99.5358,mm
9,14:58:45,买,99.5350,1.0,9.95,99.5405,mm
9,14:58:55,卖,99.5500,1.0,9.96,99.5431,mm
9,14:59:05,卖,99.5550,1.0,9.96,99.5502,mm
9,14:59:09,买,99.5400,1.0,9.95,99.5449,mm
9,14:59:19,卖,99.5550,1.0,9.96,99.5448,mm
9,14:59:31,卖,99.5750,1.0,9.96,99.5676,mm
9,14:59:50,买,99.5600,1.0,9.96,99.5646,mm
9,15:00:01,买,99.5400,1.0,9.95,99.5393,mm
10,09:15:02,买,99.5700,1.0,9.96,99.5747,mm
10,09:15:03,卖,99.5850,1.0,9.96,99.5802,mm
10,09:15:07,买,99.5600,1.0,9.96,99.5575,mm
10,09:15:11,卖,99.5700,1.0,9.96,99.5740,mm
10,09:15:15,买,99.5650,1.0,9.96,99.5682,mm
10,09:15:33,卖,99.6150,1.0,9.96,99.6089,mm
10,09:15:40,卖,99.6000,1.0,9.96,99.5997,mm
10,09:15:41,买,99.5900,1.0,9.96,99.5924,mm
10,09:15:46,卖,99.6050,1.0,9.96,99.6006,mm
10,09:15:50,卖,99.6150,1.0,9.96,99.6120,mm
10,09:16:01,买,99.6150,1.0,9.96,99.6115,mm
10,09:16:03,卖,99.6250,1.0,9.96,99.6106,mm
10,09:16:04,买,99.6000,1.0,9.96,99.6055,mm
10,09:16:09,买,99.5950,1.0,9.96,99.6000,mm
10,09:16:17,买,99.5650,1.0,9.96,99.5700,mm
10,09:16:23,卖,99.5900,1.0,9.96,99.5949,mm
10,09:16:26,卖,99.6000,1.0,9.96,99.5947,mm
10,09:16:37,买,99.5650,1.0,9.96,99.5695,mm
10,09:16:41,买,99.5300,1.0,9.95,99.5324,mm
10,09:16:44,卖,99.5350,1.0,9.95,99.5296,mm
10,09:16:55,买,99.5100,1.0,9.95,99.5106,mm
10,09:17:02,卖,99.5200,1.0,9.95,99.5172,mm
10,09:17:04,卖,99.5250,1.0,9.95,99.5266,mm
10,09:17:26,买,99.5250,1.0,9.95,99.5267,mm
10,09:17:28,买,99.5100,1.0,9.95,99.5132,mm
10,09:17:30,卖,99.5300,1.0,9.95,99.5275,mm
10,09:17:34,买,99.5200,1.0,9.95,99.5250,mm
10,09:17:35,买,99.5100,1.0,9.95,99.5156,mm
10,09:17:37,卖,99.5250,1.0,9.95,99.5180,mm
10,09:17:42,买,99.5000,1.0,9.95,99.5062,mm
10,09:17:44,卖,99.5200,1.0,9.95,99.5224,mm
10,09:17:47,卖,99.5350,1.0,9.95,99.5321,mm
10,09:17:48,卖,99.5450,1.0,9.95,99.5388,mm
10,09:17:51,买,99.5300,1.0,9.95,99.5336,mm
10,09:18:14,卖,99.5500,1.0,9.96,99.5391,mm
10,09:18:15,买,99.5250,1.0,9.95,99.5259,mm
10,09:18:29,卖,99.5600,1.0,9.96,99.5559,mm
10,09:18:36,买,99.5500,1.0,9.96,99.5543,mm
10,09:18:45,买,99.5550,1.0,9.96,99.5596,mm
10,09:18:52,卖,99.5750,1.0,9.96,99.5723,mm
10,09:19:01,买,99.5400,1.0,9.95,99.5409,mm
10,09:19:05,卖,99.5750,1.0,9.96,99.5735,mm
10,09:19:12,卖,99.5750,1.0,9.96,99.5724,mm
10,09:19:21,买,99.5550,1.0,9.96,99.5540,mm
10,09:19:25,卖,99.5600,1.0,9.96,99.5547,mm
10,09:19:28,买,99.5400,1.0,9.95,99.5432,mm
10,09:19:29,买,99.5300,1.0,9.95,99.5338,mm
10,09:19:38,卖,99.5300,1.0,9.95,99.5227,mm
10,09:19:48,买,99.4850,1.0,9.95,99.4898,mm
10,09:19:51,买,99.4650,1.0,9.95,99.4712,mm
10,09:20:01,卖,99.4500,1.0,9.95,99.4549,mm
10,09:20:02,买,99.4350,1.0,9.94,99.4399,mm
10,09:20:02,卖,99.4450,1.0,9.94,99.4428,mm
10,09:20:22,卖,99.4450,1.0,9.94,99.4396,mm
10,09:20:26,买,99.4300,1.0,9.94,99.4291,mm
10,09:20:34,卖,99.4200,1.0,9.94,99.4167,mm
10,09:20:57,买,99.3950,1.0,9.94,99.4007,mm
10,09:21:01,卖,99.3950,1.0,9.94,99.3904,mm
10,09:21:03,卖,99.4050,1.0,9.94,99.4008,mm
10,09:21:04,买,99.3950,1.0,9.94,99.3933,mm
10,09:21:19,买,99.3850,1.0,9.94,99.3910,mm
10,09:22:02,卖,99.4050,1.0,9.94,99.4096,mm
10,09:22:05,卖,99.4100,1.0,9.94,99.4044,mm
10,09:22:11,买,99.4100,1.0,9.94,99.4036,mm
10,09:22:15,卖,99.4050,1.0,9.94,99.4012,mm
10,09:22:20,买,99.3900,1.0,9.94,99.3949,mm
10,09:22:49,卖,99.4250,1.0,9.94,99.4305,mm
10,09:22:59,买,99.4300,1.0,9.94,99.4316,mm
10,09:23:13,买,99.4150,1.0,9.94,99.4211,mm
10,09:23:35,卖,99.3550,1.0,9.94,99.3503,mm
10,09:23:53,卖,99.3450,1.0,9.93,99.3433,mm
10,09:24:03,卖,99.3600,1.0,9.94,99.3632,mm
10,09:24:04,买,99.3550,1.0,9.94,99.3556,mm
10,09:24:08,买,99.3450,1.0,9.93,99.3480,mm
10,09:24:10,买,99.3450,1.0,9.93,99.3440,mm
10,09:24:33,卖,99.3250,1.0,9.93,99.3205,mm
10,09:24:35,卖,99.3400,1.0,9.93,99.3353,mm
10,09:24:41,买,99.3400,1.0,9.93,99.3457,mm
10,09:24:54,买,99.3550,1.0,9.94,99.3594,mm
10,09:25:01,卖,99.3600,1.0,9.94,99.3548,mm
10,09:25:02,卖,99.3700,1.0,9.94,99.3698,mm
10,09:25:04,买,99.3550,1.0,9.94,99.3610,mm
10,09:25:22,买,99.3250,1.0,9.93,99.3280,mm
10,09:25:26,卖,99.3400,1.0,9.93,99.3359,mm
10,09:25:28,卖,99.3650,1.0,9.94,99.3541,mm
10,09:25:44,买,99.3850,1.0,9.94,99.3844,mm
10,09:25:50,卖,99.3900,1.0,9.94,99.3938,mm
10,09:25:56,买,99.4000,1.0,9.94,99.4040,mm
10,09:26:02,卖,99.4450,1.0,9.94,99.4402,mm
10,09:26:10,买,99.4500,1.0,9.95,99.4516,mm
10,09:26:13,卖,99.4850,1.0,9.95,99.4897,mm
10,09:26:25,买,99.5050,1.0,9.95,99.5112,mm
10,09:26:46,卖,99.5500,1.0,9.96,99.5389,mm
10,09:26:47,买,99.5300,1.0,9.95,99.5331,mm
10,09:26:51,卖,99.5400,1.0,9.95,99.5355,mm
10,09:27:03,买,99.5050,1.0,9.95,99.5088,mm
10,09:27:09,买,99.4950,1.0,9.95,99.5085,mm
10,09:27:27,卖,99.5200,1.0,9.95,99.5150,mm
10,09:27:29,买,99.5000,1.0,9.95,99.4950,mm
10,09:27:41,卖,99.5250,1.0,9.95,99.5262,mm
10,09:27:43,卖,99.5350,1.0,9.95,99.5292,mm
10,09:28:07,买,99.5200,1.0,9.95,99.5224,mm
10,09:28:17,卖,99.5850,1.0,9.96,99.5840,mm
10,09:28:20,买,99.5700,1.0,9.96,99.5696,mm
10,09:28:32,买,99.5900,1.0,9.96,99.5913,mm
10,09:28:35,卖,99.5950,1.0,9.96,99.5903,mm
10,09:28:43,买,99.5900,1.0,9.96,99.5881,mm
10,09:29:24,买,99.5150,1.0,9.95,99.5189,mm
10,09:29:27,卖,99.5200,1.0,9.95,99.5243,mm
10,09:29:45,卖,99.5750,1.0,9.96,99.5716,mm
10,09:29:54,卖,99.5850,1.0,9.96,99.5791,mm
10,09:29:55,买,99.5700,1.0,9.96,99.5732,mm
10,09:30:03,买,99.5500,1.0,9.96,99.5526,mm
10,09:30:11,卖,99.5550,1.0,9.96,99.5533,mm
10,09:30:21,卖,99.5600,1.0,9.96,99.5517,mm
10,09:30:24,买,99.5300,1.0,9.95,99.5254,mm
10,09:30:43,卖,99.5400,1.0,9.95,99.5356,mm
10,09:30:47,买,99.5400,1.0,9.95,99.5456,mm
10,09:30:52,卖,99.5750,1.0,9.96,99.5706,mm
10,09:31:07,买,99.6050,1.0,9.96,99.6110,mm
10,09:32:10,卖,99.6800,1.0,9.97,99.6753,mm
10,09:32:13,买,99.6700,1.0,9.97,99.6754,mm
10,09:32:37,卖,99.7050,1.0,9.97,99.7088,mm
10,09:32:38,买,99.7000,1.0,9.97,99.7049,mm
10,09:32:55,卖,99.7450,1.0,9.97,99.7424,mm
10,09:33:01,买,99.7600,1.0,9.98,99.7649,mm
10,09:33:22,买,99.7200,1.0,9.97,99.7257,mm
10,09:33:29,卖,99.7250,1.0,9.97,99.7226,mm
10,09:33:30,买,99.7000,1.0,9.97,99.6995,mm
10,09:33:58,卖,99.6550,1.0,9.97,99.6523,mm
10,09:34:21,卖,99.7050,1.0,9.97,99.6996,mm
10,09:34:33,买,99.7200,1.0,9.97,99.7252,mm
10,09:34:34,卖,99.7400,1.0,9.97,99.7370,mm
10,09:34:40,卖,99.7700,1.0,9.98,99.7538,mm
10,09:34:43,买,99.7600,1.0,9.98,99.7594,mm
10,09:34:56,买,99.7650,1.0,9.98,99.7658,mm
10,09:35:02,买,99.7550,1.0,9.98,99.7501,mm
10,09:35:06,卖,99.7650,1.0,9.98,99.7635,mm
10,09:35:08,买,99.7500,1.0,9.98,99.7535,mm
10,09:35:09,卖,99.7650,1.0,9.98,99.7632,mm
10,09:35:28,买,99.7700,1.0,9.98,99.7742,mm
10,09:35:30,卖,99.7750,1.0,9.98,99.7713,mm
10,09:35:33,卖,99.7800,1.0,9.98,99.7804,mm
10,09:35:34,买,99.7700,1.0,9.98,99.7723,mm
10,09:35:42,买,99.7750,1.0,9.98,99.7801,mm
10,09:35:59,卖,99.7500,1.0,9.98,99.7539,mm
10,09:36:01,卖,99.7700,1.0,9.98,99.7642,mm
10,09:36:12,买,99.7400,1.0,9.97,99.7416,mm
10,09:36:23,卖,99.7450,1.0,9.97,99.7367,mm
10,09:36:28,买,99.7500,1.0,9.98,99.7517,mm
10,09:36:39,卖,99.7600,1.0,9.98,99.7564,mm
10,09:36:40,买,99.7450,1.0,9.97,99.7482,mm
10,09:36:47,卖,99.7600,1.0,9.98,99.7517,mm
10,09:37:04,买,99.7350,1.0,9.97,99.7402,mm
10,09:37:05,卖,99.7600,1.0,9.98,99.7493,mm
10,09:37:08,买,99.7500,1.0,9.98,99.7536,mm
10,09:37:32,卖,99.7350,1.0,9.97,99.7372,mm
10,09:37:37,买,99.7300,1.0,9.97,99.7328,mm
10,09:37:46,卖,99.7350,1.0,9.97,99.7241,mm
10,09:37:57,买,99.7150,1.0,9.97,99.7142,mm
10,09:38:16,买,99.7050,1.0,9.97,99.7098,mm
10,09:38:19,卖,99.7250,1.0,9.97,99.7216,mm
10,09:38:23,卖,99.7500,1.0,9.98,99.7444,mm
10,09:38:25,买,99.7300,1.0,9.97,99.7362,mm
10,09:38:46,卖,99.7500,1.0,9.98,99.7465,mm
10,09:38:48,买,99.7400,1.0,9.97,99.7444,mm
10,09:38:49,买,99.7300,1.0,9.97,99.7360,mm
10,09:38:53,卖,99.7500,1.0,9.98,99.7449,mm
10,09:38:59,买,99.7300,1.0,9.97,99.7350,mm
10,09:39:06,卖,99.7150,1.0,9.97,99.7032,mm
10,09:39:19,卖,99.6950,1.0,9.97,99.6893,mm
10,09:39:20,卖,99.7050,1.0,9.97,99.6943,mm
10,09:39:23,买,99.7000,1.0,9.97,99.6989,mm
10,09:39:38,买,99.7250,1.0,9.97,99.7249,mm
10,09:40:00,买,99.7450,1.0,9.97,99.7503,mm
10,09:40:09,卖,99.7450,1.0,9.97,99.7388,mm
10,09:41:16,买,99.7600,1.0,9.98,99.7654,mm
10,09:41:49,卖,99.7600,1.0,9.98,99.7580,mm
10,09:42:03,买,99.7600,1.0,9.98,99.7659,mm
10,09:42:07,卖,99.7800,1.0,9.98,99.7709,mm
10,09:42:15,卖,99.7600,1.0,9.98,99.7681,mm
10,09:42:17,买,99.7550,1.0,9.98,99.7609,mm
10,09:42:18,买,99.7350,1.0,9.97,99.7380,mm
10,09:42:21,卖,99.7450,1.0,9.97,99.7434,mm
10,09:42:27,买,99.7200,1.0,9.97,99.7262,mm
10,09:42:33,卖,99.7250,1.0,9.97,99.7205,mm
10,09:42:46,买,99.7450,1.0,9.97,99.7502,mm
10,09:42:49,买,99.7300,1.0,9.97,99.7355,mm
10,09:42:56,卖,99.7000,1.0,9.97,99.6937,mm
10,09:43:21,卖,99.6950,1.0,9.97,99.6941,mm
10,09:44:52,卖,99.7850,1.0,9.98,99.7790,mm
10,09:44:57,卖,99.8000,1.0,9.98,99.7894,mm
10,09:45:09,买,99.7950,1.0,9.98,99.7949,mm
10,09:45:18,买,99.7900,1.0,9.98,99.7910,mm
10,09:45:31,卖,99.7800,1.0,9.98,99.7690,mm
10,09:45:43,买,99.7900,1.0,9.98,99.7921,mm
10,09:45:45,买,99.7750,1.0,9.98,99.7805,mm
10,09:45:52,买,99.7550,1.0,9.98,99.7568,mm
10,09:45:53,卖,99.7600,1.0,9.98,99.7641,mm
10,09:46:27,卖,99.7850,1.0,9.98,99.7840,mm
10,09:46:27,卖,99.8000,1.0,9.98,99.8048,mm
10,09:46:33,买,99.8050,1.0,9.98,99.8115,mm
10,09:47:23,卖,99.8000,1.0,9.98,99.7931,mm
10,09:47:31,买,99.7950,1.0,9.98,99.7975,mm
10,09:48:23,买,99.8050,1.0,9.98,99.8063,mm
10,09:48:26,卖,99.8150,1.0,9.98,99.8076,mm
10,09:49:06,买,99.8150,1.0,9.98,99.8177,mm
10,09:49:10,卖,99.8300,1.0,9.98,99.8208,mm
10,09:49:20,买,99.8200,1.0,9.98,99.8208,mm
10,09:49:39,卖,99.8100,1.0,9.98,99.8042,mm
10,09:49:52,买,99.8100,1.0,9.98,99.8145,mm
10,09:50:25,卖,99.8350,1.0,9.98,99.8330,mm
10,09:51:05,买,99.7900,1.0,9.98,99.7881,mm
10,09:51:10,卖,99.7950,1.0,9.98,99.7899,mm
10,09:51:16,卖,99.8050,1.0,9.98,99.8033,mm
10,09:51:17,买,99.7950,1.0,9.98,99.8006,mm
10,09:51:29,买,99.7800,1.0,9.98,99.7806,mm
10,09:52:04,卖,99.6750,1.0,9.97,99.6759,mm
10,09:52:16,买,99.6450,1.0,9.96,99.6462,mm
10,09:52:27,卖,99.6650,1.0,9.97,99.6683,mm
10,09:52:52,买,99.6550,1.0,9.97,99.6524,mm
10,09:52:53,卖,99.6650,1.0,9.97,99.6639,mm
10,09:53:21,买,99.6650,1.0,9.97,99.6708,mm
10,09:53:32,卖,99.7150,1.0,9.97,99.7096,mm
10,09:54:05,买,99.6900,1.0,9.97,99.6924,mm
10,09:54:09,卖,99.6900,1.0,9.97,99.6940,mm
10,09:54:54,卖,99.6850,1.0,9.97,99.6785,mm
10,09:54:55,买,99.6700,1.0,9.97,99.6811,mm
10,09:55:06,买,99.6750,1.0,9.97,99.6709,mm
10,09:55:10,卖,99.6700,1.0,9.97,99.6685,mm
10,09:55:20,卖,99.6550,1.0,9.97,99.6496,mm
10,09:55:25,卖,99.6900,1.0,9.97,99.6855,mm
10,09:55:37,买,99.6950,1.0,9.97,99.6907,mm
10,09:55:39,买,99.6800,1.0,9.97,99.6820,mm
10,09:55:49,买,99.6550,1.0,9.97,99.6572,mm
10,09:55:52,卖,99.6700,1.0,9.97,99.6639,mm
10,09:56:03,买,99.6450,1.0,9.96,99.6507,mm
10,09:56:13,卖,99.6500,1.0,9.97,99.6474,mm
10,09:56:24,买,99.6550,1.0,9.97,99.6651,mm
10,09:56:55,卖,99.6650,1.0,9.97,99.6591,mm
10,09:57:16,卖,99.6700,1.0,9.97,99.6646,mm
10,09:57:18,买,99.6650,1.0,9.97,99.6699,mm
10,09:57:21,买,99.6450,1.0,9.96,99.6505,mm
10,09:57:23,卖,99.6650,1.0,9.97,99.6604,mm
10,09:57:33,买,99.6450,1.0,9.96,99.6509,mm
10,09:57:34,卖,99.6600,1.0,9.97,99.6546,mm
10,09:57:45,卖,99.7100,1.0,9.97,99.6986,mm
10,09:57:49,买,99.6900,1.0,9.97,99.6869,mm
10,09:58:10,买,99.6800,1.0,9.97,99.6836,mm
10,09:58:19,买,99.6550,1.0,9.97,99.6596,mm
10,09:58:21,卖,99.6600,1.0,9.97,99.6604,mm
10,09:58:22,卖,99.6700,1.0,9.97,99.6732,mm
10,09:58:51,卖,99.6700,1.0,9.97,99.6667,mm
10,09:59:06,买,99.6650,1.0,9.97,99.6701,mm
10,09:59:12,卖,99.6750,1.0,9.97,99.6697,mm
10,09:59:12,买,99.6600,1.0,9.97,99.6634,mm
10,09:59:40,买,99.6600,1.0,9.97,99.6644,mm
10,10:00:10,卖,99.6300,1.0,9.96,99.6463,mm
10,10:00:11,买,99.6300,1.0,9.96,99.6422,mm
10,10:00:18,买,99.6400,1.0,9.96,99.6427,mm
10,10:00:26,卖,99.6450,1.0,9.96,99.6529,mm
10,10:00:27,卖,99.6650,1.0,9.97,99.6609,mm
10,10:00:28,买,99.6450,1.0,9.96,99.6487,mm
10,10:00:40,卖,99.6350,1.0,9.96,99.6299,mm
10,10:00:43,买,99.6000,1.0,9.96,99.6060,mm
10,10:00:46,卖,99.6000,1.0,9.96,99.5963,mm
10,10:02:43,买,99.6050,1.0,9.96,99.6161,mm
10,10:02:48,卖,99.6200,1.0,9.96,99.6150,mm
10,10:03:03,卖,99.6450,1.0,9.96,99.6352,mm
10,10:03:06,卖,99.6550,1.0,9.97,99.6456,mm
10,10:03:08,买,99.6350,1.0,9.96,99.6339,mm
10,10:03:19,卖,99.6600,1.0,9.97,99.6547,mm
10,10:03:31,买,99.6450,1.0,9.96,99.6454,mm
10,10:03:38,买,99.6500,1.0,9.97,99.6514,mm
10,10:03:49,买,99.6400,1.0,9.96,99.6450,mm
10,10:03:58,卖,99.6550,1.0,9.97,99.6601,mm
10,10:04:11,卖,99.6800,1.0,9.97,99.6762,mm
10,10:04:19,买,99.6850,1.0,9.97,99.6891,mm
10,10:05:14,卖,99.6900,1.0,9.97,99.6867,mm
10,10:05:26,买,99.7100,1.0,9.97,99.7246,mm
10,10:05:27,卖,99.7400,1.0,9.97,99.7355,mm
10,10:05:31,买,99.7300,1.0,9.97,99.7402,mm
10,10:05:32,卖,99.7550,1.0,9.98,99.7462,mm
10,10:05:39,买,99.7500,1.0,9.98,99.7602,mm
10,10:05:56,买,99.7200,1.0,9.97,99.7255,mm
10,10:06:04,卖,99.7200,1.0,9.97,99.7244,mm
10,10:06:16,买,99.7150,1.0,9.97,99.7204,mm
10,10:06:22,卖,99.7250,1.0,9.97,99.7263,mm
10,10:07:00,卖,99.7350,1.0,9.97,99.7291,mm
10,10:07:02,买,99.7200,1.0,9.97,99.7227,mm
10,10:07:08,买,99.7250,1.0,9.97,99.7302,mm
10,10:07:38,卖,99.7400,1.0,9.97,99.7367,mm
10,10:07:51,买,99.7250,1.0,9.97,99.7285,mm
10,10:07:53,卖,99.7250,1.0,9.97,99.7259,mm
10,10:08:15,买,99.6850,1.0,9.97,99.6888,mm
10,10:08:24,卖,99.6700,1.0,9.97,99.6653,mm
10,10:08:29,买,99.6600,1.0,9.97,99.6652,mm
10,10:08:43,卖,99.6500,1.0,9.97,99.6519,mm
10,10:08:51,买,99.6500,1.0,9.97,99.6492,mm
10,10:08:52,卖,99.6600,1.0,9.97,99.6583,mm
10,10:09:01,卖,99.6650,1.0,9.97,99.6603,mm
10,10:09:02,买,99.6450,1.0,9.96,99.6492,mm
10,10:09:03,买,99.6350,1.0,9.96,99.6404,mm
10,10:09:09,卖,99.6550,1.0,9.97,99.6513,mm
10,10:09:14,买,99.6450,1.0,9.96,99.6561,mm
10,10:09:19,卖,99.6700,1.0,9.97,99.6645,mm
10,10:09:47,卖,99.6550,1.0,9.97,99.6424,mm
10,10:09:49,买,99.6300,1.0,9.96,99.6362,mm
10,10:09:50,买,99.6250,1.0,9.96,99.6301,mm
10,10:10:00,卖,99.6600,1.0,9.97,99.6581,mm
10,10:10:10,卖,99.6650,1.0,9.97,99.6528,mm
10,10:10:11,买,99.6500,1.0,9.97,99.6529,mm
10,10:10:12,卖,99.6650,1.0,9.97,99.6557,mm
10,10:10:18,买,99.6450,1.0,9.96,99.6495,mm
10,10:10:38,卖,99.6500,1.0,9.97,99.6441,mm
10,10:10:40,买,99.6500,1.0,9.97,99.6551,mm
10,10:10:50,买,99.6050,1.0,9.96,99.6033,mm
10,10:11:04,卖,99.5850,1.0,9.96,99.5822,mm
10,10:11:51,买,99.5650,1.0,9.96,99.5683,mm
10,10:11:53,卖,99.5850,1.0,9.96,99.5870,mm
10,10:12:25,买,99.6050,1.0,9.96,99.6085,mm
10,10:12:38,卖,99.6200,1.0,9.96,99.6139,mm
10,10:12:46,买,99.6100,1.0,9.96,99.6138,mm
10,10:12:58,卖,99.6200,1.0,9.96,99.6169,mm
10,10:13:05,卖,99.6400,1.0,9.96,99.6355,mm
10,10:13:21,买,99.6550,1.0,9.97,99.6532,mm
10,10:13:48,买,99.6400,1.0,9.96,99.6380,mm
10,10:13:57,卖,99.6400,1.0,9.96,99.6370,mm
10,10:14:04,买,99.6250,1.0,9.96,99.6295,mm
10,10:14:05,卖,99.6400,1.0,9.96,99.6380,mm
10,10:14:43,卖,99.6600,1.0,9.97,99.6527,mm
10,10:14:52,买,99.6550,1.0,9.97,99.6606,mm
10,10:14:56,买,99.6350,1.0,9.96,99.6395,mm
10,10:15:08,卖,99.6600,1.0,9.97,99.6568,mm
10,10:15:13,卖,99.6550,1.0,9.97,99.6472,mm
10,10:15:18,买,99.6350,1.0,9.96,99.6408,mm
10,10:15:22,买,99.6200,1.0,9.96,99.6169,mm
10,10:15:29,卖,99.6250,1.0,9.96,99.6205,mm
10,10:15:30,卖,99.6350,1.0,9.96,99.6239,mm
10,10:15:31,买,99.6150,1.0,9.96,99.6207,mm
10,10:15:35,卖,99.6300,1.0,9.96,99.6163,mm
10,10:15:39,买,99.6050,1.0,9.96,99.6000,mm
10,10:15:54,卖,99.6350,1.0,9.96,99.6405,mm
10,10:15:58,买,99.6450,1.0,9.96,99.6412,mm
10,10:16:03,买,99.6300,1.0,9.96,99.6345,mm
10,10:16:06,卖,99.6500,1.0,9.97,99.6440,mm
10,10:16:29,卖,99.6800,1.0,9.97,99.6758,mm
10,10:16:37,买,99.6700,1.0,9.97,99.6760,mm
10,10:16:43,买,99.6750,1.0,9.97,99.6794,mm
10,10:16:56,卖,99.7000,1.0,9.97,99.6949,mm
10,10:17:14,买,99.7150,1.0,9.97,99.7210,mm
10,10:17:27,卖,99.7300,1.0,9.97,99.7240,mm
10,10:17:29,买,99.7100,1.0,9.97,99.7160,mm
10,10:17:47,买,99.6800,1.0,9.97,99.6825,mm
10,10:17:51,卖,99.6600,1.0,9.97,99.6580,mm
10,10:18:12,卖,99.6700,1.0,9.97,99.6639,mm
10,10:18:19,卖,99.6850,1.0,9.97,99.6762,mm
10,10:18:26,买,99.6900,1.0,9.97,99.6996,mm
10,10:18:29,卖,99.7150,1.0,9.97,99.7043,mm
10,10:18:34,买,99.7000,1.0,9.97,99.7032,mm
10,10:18:35,卖,99.7150,1.0,9.97,99.7076,mm
10,10:18:42,买,99.7000,1.0,9.97,99.7042,mm
10,10:18:43,买,99.6900,1.0,9.97,99.6938,mm
10,10:18:49,卖,99.7050,1.0,9.97,99.6993,mm
10,10:18:56,买,99.6700,1.0,9.97,99.6748,mm
10,10:19:34,卖,99.6850,1.0,9.97,99.6788,mm
10,10:19:55,买,99.6800,1.0,9.97,99.6771,mm
10,10:20:00,买,99.6600,1.0,9.97,99.6622,mm
10,10:20:10,卖,99.6650,1.0,9.97,99.6679,mm
10,10:20:46,买,99.6300,1.0,9.96,99.6320,mm
10,10:20:56,卖,99.6700,1.0,9.97,99.6529,mm
10,10:21:07,卖,99.7000,1.0,9.97,99.6863,mm
10,10:21:41,卖,99.7200,1.0,9.97,99.7184,mm
10,10:21:46,买,99.7300,1.0,9.97,99.7329,mm
10,10:22:05,卖,99.7800,1.0,9.98,99.7855,mm
10,10:22:17,买,99.7450,1.0,9.97,99.7415,mm
10,10:22:20,买,99.7350,1.0,9.97,99.7366,mm
10,10:22:35,卖,99.7400,1.0,9.97,99.7353,mm
10,10:22:49,买,99.7400,1.0,9.97,99.7506,mm
10,10:23:11,买,99.7350,1.0,9.97,99.7412,mm
10,10:23:14,卖,99.7600,1.0,9.98,99.7656,mm
10,10:23:20,卖,99.7650,1.0,9.98,99.7602,mm
10,10:23:34,卖,99.7600,1.0,9.98,99.7529,mm
10,10:23:42,买,99.7900,1.0,9.98,99.7896,mm
10,10:24:02,买,99.8050,1.0,9.98,99.8102,mm
10,10:24:12,卖,99.8250,1.0,9.98,99.8214,mm
10,10:24:17,卖,99.8250,1.0,9.98,99.8203,mm
10,10:24:20,卖,99.8550,1.0,9.99,99.8481,mm
10,10:24:22,买,99.8400,1.0,9.98,99.8410,mm
10,10:24:25,买,99.8400,1.0,9.98,99.8449,mm
10,10:24:30,卖,99.8600,1.0,9.99,99.8466,mm
10,10:24:32,买,99.8350,1.0,9.98,99.8392,mm
10,10:24:37,买,99.8300,1.0,9.98,99.8361,mm
10,10:24:52,卖,99.8450,1.0,9.98,99.8395,mm
10,10:25:01,买,99.8450,1.0,9.98,99.8486,mm
10,10:25:04,卖,99.8650,1.0,9.99,99.8612,mm
10,10:25:18,买,99.8500,1.0,9.99,99.8540,mm
10,10:25:27,卖,99.8600,1.0,9.99,99.8546,mm
10,10:25:36,买,99.8300,1.0,9.98,99.8360,mm
10,10:25:39,卖,99.8450,1.0,9.98,99.8437,mm
10,10:25:40,买,99.8300,1.0,9.98,99.8348,mm
10,10:25:48,卖,99.8700,1.0,9.99,99.8659,mm
10,10:26:04,卖,99.8350,1.0,9.98,99.8197,mm
10,10:26:06,买,99.8000,1.0,9.98,99.7972,mm
10,10:26:43,买,99.7400,1.0,9.97,99.7462,mm
10,10:26:45,卖,99.7500,1.0,9.98,99.7412,mm
10,10:26:49,卖,99.7550,1.0,9.98,99.7543,mm
10,10:26:51,买,99.7500,1.0,9.98,99.7536,mm
10,10:27:00,卖,99.7450,1.0,9.97,99.7432,mm
10,10:27:02,买,99.7300,1.0,9.97,99.7357,mm
10,10:27:29,买,99.7750,1.0,9.98,99.7809,mm
10,10:27:39,卖,99.8100,1.0,9.98,99.8055,mm
10,10:27:43,买,99.7950,1.0,9.98,99.8011,mm
10,10:28:30,卖,99.7900,1.0,9.98,99.7743,mm
10,10:28:39,买,99.7800,1.0,9.98,99.7976,mm
10,10:29:19,买,99.7550,1.0,9.98,99.7594,mm
10,10:29:27,卖,99.7550,1.0,9.98,99.7591,mm
10,10:29:32,卖,99.7550,1.0,9.98,99.7505,mm
10,10:29:34,买,99.7350,1.0,9.97,99.7392,mm
10,10:29:38,卖,99.7450,1.0,9.97,99.7397,mm
10,10:29:49,买,99.7600,1.0,9.98,99.7652,mm
10,10:29:59,卖,99.7850,1.0,9.98,99.7768,mm
10,10:30:06,买,99.7650,1.0,9.98,99.7711,mm
10,10:30:21,买,99.7400,1.0,9.97,99.7458,mm
10,10:30:25,卖,99.7400,1.0,9.97,99.7364,mm
10,10:30:26,卖,99.7450,1.0,9.97,99.7485,mm
10,10:30:35,卖,99.7500,1.0,9.98,99.7458,mm
10,10:30:50,买,99.7400,1.0,9.97,99.7426,mm
10,10:30:54,买,99.7250,1.0,9.97,99.7290,mm
10,10:31:01,卖,99.7400,1.0,9.97,99.7371,mm
10,10:31:05,卖,99.7550,1.0,9.98,99.7460,mm
10,10:31:07,买,99.7350,1.0,9.97,99.7402,mm
10,10:31:29,买,99.7400,1.0,9.97,99.7424,mm
10,10:31:30,卖,99.7550,1.0,9.98,99.7500,mm
10,10:31:33,买,99.7300,1.0,9.97,99.7299,mm
10,10:31:38,卖,99.7550,1.0,9.98,99.7572,mm
10,10:31:40,买,99.7450,1.0,9.97,99.7512,mm
10,10:31:41,卖,99.7600,1.0,9.98,99.7542,mm
10,10:31:44,卖,99.7700,1.0,9.98,99.7593,mm
10,10:31:47,买,99.7450,1.0,9.97,99.7443,mm
10,10:32:14,买,99.7050,1.0,9.97,99.7103,mm
10,10:32:36,卖,99.7300,1.0,9.97,99.7265,mm
10,10:32:36,买,99.7050,1.0,9.97,99.7052,mm
10,10:32:51,卖,99.7050,1.0,9.97,99.7007,mm
10,10:33:02,买,99.6700,1.0,9.97,99.6735,mm
10,10:33:06,卖,99.6650,1.0,9.97,99.6615,mm
10,10:33:15,买,99.6300,1.0,9.96,99.6281,mm
10,10:33:46,卖,99.6500,1.0,9.97,99.6550,mm
10,10:33:47,买,99.6400,1.0,9.96,99.6444,mm
10,10:33:49,卖,99.6600,1.0,9.97,99.6555,mm
10,10:34:01,买,99.6400,1.0,9.96,99.6416,mm
10,10:34:01,买,99.6250,1.0,9.96,99.6279,mm
10,10:34:10,卖,99.6300,1.0,9.96,99.6342,mm
10,10:34:11,卖,99.6450,1.0,9.96,99.6494,mm
10,10:34:16,卖,99.6700,1.0,9.97,99.6559,mm
10,10:34:20,买,99.6450,1.0,9.96,99.6497,mm
10,10:34:23,买,99.6350,1.0,9.96,99.6390,mm
10,10:34:34,卖,99.6400,1.0,9.96,99.6469,mm
10,10:34:41,卖,99.6750,1.0,9.97,99.6729,mm
10,10:34:43,卖,99.6800,1.0,9.97,99.6656,mm
10,10:34:51,买,99.6500,1.0,9.97,99.6509,mm
10,10:35:03,买,99.6250,1.0,9.96,99.6284,mm
10,10:35:04,买,99.6150,1.0,9.96,99.6187,mm
10,10:35:19,卖,99.6550,1.0,9.97,99.6560,mm
10,10:35:21,买,99.6550,1.0,9.97,99.6742,mm
10,10:35:22,买,99.6550,1.0,9.97,99.6716,mm
10,10:35:27,卖,99.6550,1.0,9.97,99.6544,mm
10,10:35:31,卖,99.6650,1.0,9.97,99.6588,mm
10,10:35:40,卖,99.6900,1.0,9.97,99.6751,mm
10,10:35:52,买,99.6950,1.0,9.97,99.6990,mm
10,10:36:00,卖,99.7300,1.0,9.97,99.7249,mm
10,10:36:05,买,99.7050,1.0,9.97,99.7098,mm
10,10:36:14,买,99.7100,1.0,9.97,99.7141,mm
10,10:36:25,卖,99.7000,1.0,9.97,99.7025,mm
10,10:36:40,卖,99.6800,1.0,9.97,99.6657,mm
10,10:36:51,买,99.6600,1.0,9.97,99.6652,mm
10,10:36:59,买,99.6500,1.0,9.97,99.6558,mm
10,10:37:07,卖,99.6450,1.0,9.96,99.6375,mm
10,10:37:09,买,99.6150,1.0,9.96,99.6204,mm
10,10:37:11,卖,99.6350,1.0,9.96,99.6411,mm
10,10:37:23,卖,99.6350,1.0,9.96,99.6246,mm
10,10:37:29,买,99.6050,1.0,9.96,99.6102,mm
10,10:37:31,卖,99.6250,1.0,9.96,99.6223,mm
10,10:37:54,买,99.6150,1.0,9.96,99.6205,mm
10,10:37:59,买,99.6050,1.0,9.96,99.6086,mm
10,10:38:05,卖,99.6200,1.0,9.96,99.6149,mm
10,10:38:13,卖,99.6250,1.0,9.96,99.6264,mm
10,10:38:15,卖,99.6450,1.0,9.96,99.6400,mm
10,10:38:16,买,99.6300,1.0,9.96,99.6312,mm
10,10:38:17,买,99.6200,1.0,9.96,99.6228,mm
10,10:38:28,买,99.5750,1.0,9.96,99.5784,mm
10,10:38:29,买,99.5600,1.0,9.96,99.5641,mm
10,10:38:38,卖,99.5550,1.0,9.96,99.5560,mm
10,10:38:46,买,99.5500,1.0,9.96,99.5503,mm
10,10:38:50,卖,99.5350,1.0,9.95,99.5379,mm
10,10:39:02,卖,99.5150,1.0,9.95,99.5102,mm
10,10:39:20,买,99.5100,1.0,9.95,99.5122,mm
10,10:39:31,买,99.4950,1.0,9.95,99.4919,mm
10,10:39:47,卖,99.4800,1.0,9.95,99.4727,mm
10,10:39:52,卖,99.4800,1.0,9.95,99.4694,mm
10,10:40:11,买,99.4700,1.0,9.95,99.4754,mm
10,10:40:16,卖,99.4900,1.0,9.95,99.4846,mm
10,10:40:20,买,99.4700,1.0,9.95,99.4723,mm
10,10:40:33,卖,99.4850,1.0,9.95,99.4833,mm
10,10:40:44,卖,99.4800,1.0,9.95,99.4742,mm
10,10:40:46,买,99.4600,1.0,9.95,99.4661,mm
10,10:40:51,卖,99.4850,1.0,9.95,99.4788,mm
10,10:41:02,买,99.5050,1.0,9.95,99.5080,mm
10,10:41:06,卖,99.5400,1.0,9.95,99.5365,mm
10,10:41:16,买,99.5350,1.0,9.95,99.5405,mm
10,10:41:23,买,99.5300,1.0,9.95,99.5359,mm
10,10:41:24,卖,99.5450,1.0,9.95,99.5418,mm
10,10:41:25,买,99.5250,1.0,9.95,99.5253,mm
10,10:42:03,卖,99.5300,1.0,9.95,99.5261,mm
10,10:42:06,卖,99.5400,1.0,9.95,99.5357,mm
10,10:42:12,买,99.5450,1.0,9.95,99.5504,mm
10,10:42:41,卖,99.5400,1.0,9.95,99.5265,mm
10,10:42:53,买,99.5350,1.0,9.95,99.5405,mm
10,10:42:54,卖,99.5500,1.0,9.96,99.5391,mm
10,10:43:00,买,99.5450,1.0,9.95,99.5464,mm
10,10:43:07,卖,99.5550,1.0,9.96,99.5524,mm
10,10:43:16,买,99.5450,1.0,9.95,99.5495,mm
10,10:43:34,卖,99.5800,1.0,9.96,99.5701,mm
10,10:43:38,买,99.5600,1.0,9.96,99.5591,mm
10,10:43:42,卖,99.5900,1.0,9.96,99.5855,mm
10,10:43:52,买,99.5750,1.0,9.96,99.5792,mm
10,10:43:56,买,99.5650,1.0,9.96,99.5693,mm
10,10:44:01,卖,99.5800,1.0,9.96,99.5749,mm
10,10:44:34,卖,99.5900,1.0,9.96,99.5872,mm
10,10:44:35,买,99.5750,1.0,9.96,99.5744,mm
10,10:44:43,卖,99.5950,1.0,9.96,99.5977,mm
10,10:44:44,买,99.5850,1.0,9.96,99.5896,mm
10,10:44:56,卖,99.6250,1.0,9.96,99.6170,mm
10,10:44:58,买,99.6050,1.0,9.96,99.6057,mm
10,10:45:20,买,99.6400,1.0,9.96,99.6385,mm
10,10:45:53,卖,99.6300,1.0,9.96,99.6256,mm
10,10:45:57,买,99.6150,1.0,9.96,99.6212,mm
10,10:46:26,卖,99.6150,1.0,9.96,99.6124,mm
10,10:46:32,卖,99.6300,1.0,9.96,99.6257,mm
10,10:46:33,买,99.6050,1.0,9.96,99.6062,mm
10,10:46:37,买,99.5950,1.0,9.96,99.6005,mm
10,10:46:42,卖,99.6100,1.0,9.96,99.6187,mm
10,10:47:08,卖,99.6050,1.0,9.96,99.5984,mm
10,10:47:15,买,99.6050,1.0,9.96,99.6111,mm
10,10:47:18,买,99.5850,1.0,9.96,99.5865,mm
10,10:47:49,卖,99.5600,1.0,9.96,99.5548,mm
10,10:47:51,买,99.5350,1.0,9.95,99.5412,mm
10,10:47:55,卖,99.5600,1.0,9.96,99.5538,mm
10,10:47:58,买,99.5450,1.0,9.95,99.5474,mm
10,10:48:10,卖,99.5450,1.0,9.95,99.5397,mm
10,10:48:18,买,99.5100,1.0,9.95,99.5082,mm
10,10:48:25,卖,99.5050,1.0,9.95,99.5003,mm
10,10:48:28,买,99.4800,1.0,9.95,99.4855,mm
10,10:48:34,卖,99.5100,1.0,9.95,99.5046,mm
10,10:48:40,卖,99.5350,1.0,9.95,99.5262,mm
10,10:48:48,买,99.5100,1.0,9.95,99.5096,mm
10,10:48:49,卖,99.5250,1.0,9.95,99.5179,mm
10,10:48:50,买,99.5050,1.0,9.95,99.5102,mm
10,10:49:00,卖,99.5500,1.0,9.96,99.5468,mm
10,10:49:13,买,99.5700,1.0,9.96,99.5751,mm
10,10:49:20,买,99.5450,1.0,9.95,99.5484,mm
10,10:49:46,卖,99.5550,1.0,9.96,99.5527,mm
10,10:49:47,买,99.5400,1.0,9.95,99.5457,mm
10,10:49:49,卖,99.5500,1.0,9.96,99.5328,mm
10,10:49:52,买,99.5200,1.0,9.95,99.5229,mm
10,10:50:01,卖,99.5450,1.0,9.95,99.5379,mm
10,10:50:15,买,99.5200,1.0,9.95,99.5192,mm
10,10:50:16,卖,99.5350,1.0,9.95,99.5270,mm
10,10:50:26,卖,99.5250,1.0,9.95,99.5154,mm
10,10:50:34,买,99.5250,1.0,9.95,99.5297,mm
10,10:50:48,买,99.5250,1.0,9.95,99.5292,mm
10,10:50:53,卖,99.5150,1.0,9.95,99.5126,mm
10,10:50:55,买,99.5200,1.0,9.95,99.5246,mm
10,10:51:15,卖,99.5200,1.0,9.95,99.5187,mm
10,10:51:18,买,99.5150,1.0,9.95,99.5187,mm
10,10:51:33,卖,99.5100,1.0,9.95,99.5044,mm
10,10:51:40,买,99.5300,1.0,9.95,99.5313,mm
10,10:51:57,卖,99.5750,1.0,9.96,99.5649,mm
10,10:52:25,卖,99.5850,1.0,9.96,99.5832,mm
10,10:52:33,买,99.5850,1.0,9.96,99.5891,mm
10,10:52:38,卖,99.6050,1.0,9.96,99.5946,mm
10,10:52:48,买,99.6100,1.0,9.96,99.5971,mm
10,10:52:52,买,99.5750,1.0,9.96,99.5742,mm
10,10:53:10,卖,99.5850,1.0,9.96,99.5855,mm
10,10:53:22,卖,99.6050,1.0,9.96,99.5924,mm
10,10:53:40,买,99.5600,1.0,9.96,99.5662,mm
10,10:54:04,卖,99.5650,1.0,9.96,99.5561,mm
10,10:54:07,买,99.5400,1.0,9.95,99.5459,mm
10,10:54:15,买,99.5450,1.0,9.95,99.5591,mm
10,10:54:37,卖,99.5700,1.0,9.96,99.5659,mm
10,10:54:39,买,99.5550,1.0,9.96,99.5640,mm
10,10:54:51,卖,99.5800,1.0,9.96,99.5740,mm
10,10:54:54,买,99.5600,1.0,9.96,99.5639,mm
10,10:54:58,卖,99.5500,1.0,9.96,99.5503,mm
10,10:55:07,买,99.5400,1.0,9.95,99.5443,mm
10,10:55:13,卖,99.5450,1.0,9.95,99.5410,mm
10,10:55:41,买,99.5350,1.0,9.95,99.5381,mm
10,10:55:48,卖,99.5400,1.0,9.95,99.5259,mm
10,10:55:51,买,99.5250,1.0,9.95,99.5296,mm
10,10:55:52,买,99.5100,1.0,9.95,99.5153,mm
10,10:55:56,卖,99.5250,1.0,9.95,99.5269,mm
10,10:56:00,卖,99.5400,1.0,9.95,99.5372,mm
10,10:56:06,卖,99.5550,1.0,9.96,99.5491,mm
10,10:56:35,买,99.5200,1.0,9.95,99.5225,mm
10,10:56:46,买,99.5150,1.0,9.95,99.5165,mm
10,10:56:52,卖,99.5250,1.0,9.95,99.5283,mm
10,10:56:59,买,99.5250,1.0,9.95,99.5293,mm
10,10:57:01,买,99.5150,1.0,9.95,99.5168,mm
10,10:57:03,卖,99.5250,1.0,9.95,99.5224,mm
10,10:57:09,卖,99.5350,1.0,9.95,99.5362,mm
10,10:57:43,买,99.5200,1.0,9.95,99.5240,mm
10,10:57:57,卖,99.5350,1.0,9.95,99.5285,mm
10,10:58:34,买,99.5150,1.0,9.95,99.5207,mm
10,10:58:44,买,99.4800,1.0,9.95,99.4842,mm
10,10:58:47,卖,99.4900,1.0,9.95,99.4878,mm
10,10:58:49,卖,99.5050,1.0,9.95,99.5090,mm
10,10:58:59,卖,99.5150,1.0,9.95,99.5018,mm
10,10:59:08,买,99.4800,1.0,9.95,99.4858,mm
10,10:59:12,买,99.4750,1.0,9.95,99.4786,mm
10,10:59:13,卖,99.4900,1.0,9.95,99.4843,mm
10,10:59:32,买,99.4650,1.0,9.95,99.4703,mm
10,10:59:34,卖,99.4700,1.0,9.95,99.4670,mm
10,10:59:47,买,99.4600,1.0,9.95,99.4759,mm
10,10:59:48,买,99.4600,1.0,9.95,99.4749,mm
10,10:59:49,卖,99.4850,1.0,9.95,99.4792,mm
10,10:59:53,卖,99.4950,1.0,9.95,99.4888,mm
10,11:00:02,卖,99.4900,1.0,9.95,99.4874,mm
10,11:00:14,买,99.5050,1.0,9.95,99.5110,mm
10,11:00:25,买,99.5000,1.0,9.95,99.5049,mm
10,11:00:38,卖,99.5300,1.0,9.95,99.5273,mm
10,11:01:02,买,99.5150,1.0,9.95,99.5174,mm
10,11:01:11,买,99.5000,1.0,9.95,99.5054,mm
10,11:01:12,卖,99.5100,1.0,9.95,99.5141,mm
10,11:01:23,卖,99.5200,1.0,9.95,99.5148,mm
10,11:02:06,买,99.4700,1.0,9.95,99.4729,mm
10,11:02:19,卖,99.4550,1.0,9.95,99.4507,mm
10,11:02:40,买,99.4550,1.0,9.95,99.4556,mm
10,11:02:41,卖,99.4650,1.0,9.95,99.4614,mm
10,11:03:08,买,99.4350,1.0,9.94,99.4399,mm
10,11:03:45,买,99.4450,1.0,9.94,99.4499,mm
10,11:03:50,卖,99.4750,1.0,9.95,99.4723,mm
10,11:03:52,卖,99.4800,1.0,9.95,99.4725,mm
10,11:03:58,卖,99.4850,1.0,9.95,99.4827,mm
10,11:04:02,卖,99.5050,1.0,9.95,99.5024,mm
10,11:04:03,买,99.4950,1.0,9.95,99.4989,mm
10,11:04:05,买,99.5000,1.0,9.95,99.5038,mm
10,11:04:10,买,99.4950,1.0,9.95,99.4975,mm
10,11:04:12,卖,99.5100,1.0,9.95,99.5093,mm
10,11:04:27,卖,99.5350,1.0,9.95,99.5308,mm
10,11:04:35,买,99.5150,1.0,9.95,99.5195,mm
10,11:04:57,买,99.5000,1.0,9.95,99.5016,mm
10,11:05:14,卖,99.5050,1.0,9.95,99.5014,mm
10,11:05:20,买,99.4800,1.0,9.95,99.4857,mm
10,11:05:43,卖,99.5000,1.0,9.95,99.5038,mm
10,11:05:44,买,99.4900,1.0,9.95,99.4925,mm
10,11:05:45,卖,99.5050,1.0,9.95,99.4923,mm
10,11:05:59,买,99.4650,1.0,9.95,99.4710,mm
10,11:06:12,卖,99.4650,1.0,9.95,99.4633,mm
10,11:06:20,买,99.4600,1.0,9.95,99.4640,mm
10,11:06:31,卖,99.4650,1.0,9.95,99.4563,mm
10,11:06:43,买,99.4350,1.0,9.94,99.4409,mm
10,11:07:14,卖,99.4100,1.0,9.94,99.4125,mm
10,11:07:20,买,99.4000,1.0,9.94,99.4014,mm
10,11:07:21,卖,99.4150,1.0,9.94,99.4048,mm
10,11:07:24,买,99.4050,1.0,9.94,99.4093,mm
10,11:07:47,卖,99.3950,1.0,9.94,99.3924,mm
10,11:07:52,买,99.3700,1.0,9.94,99.3757,mm
10,11:07:53,买,99.3550,1.0,9.94,99.3564,mm
10,11:08:00,卖,99.3500,1.0,9.94,99.3451,mm
10,11:08:11,买,99.3400,1.0,9.93,99.3448,mm
10,11:08:13,卖,99.3500,1.0,9.94,99.3463,mm
10,11:08:17,卖,99.3450,1.0,9.93,99.3416,mm
10,11:08:20,买,99.3400,1.0,9.93,99.3435,mm
10,11:08:28,卖,99.3450,1.0,9.93,99.3391,mm
10,11:08:29,卖,99.3550,1.0,9.94,99.3570,mm
10,11:08:31,买,99.3450,1.0,9.93,99.3512,mm
10,11:08:55,卖,99.3700,1.0,9.94,99.3614,mm
10,11:08:56,买,99.3500,1.0,9.94,99.3459,mm
10,11:09:15,买,99.3100,1.0,9.93,99.3135,mm
10,11:09:21,卖,99.3100,1.0,9.93,99.3005,mm
10,11:09:28,买,99.2900,1.0,9.93,99.2943,mm
10,11:09:33,卖,99.2900,1.0,9.93,99.2844,mm
10,11:09:40,买,99.2800,1.0,9.93,99.2840,mm
10,11:09:57,卖,99.2950,1.0,9.93,99.2963,mm
10,11:09:58,卖,99.3100,1.0,9.93,99.3040,mm
10,11:09:59,买,99.2950,1.0,9.93,99.2906,mm
10,11:10:11,卖,99.3500,1.0,9.94,99.3364,mm
10,11:10:12,买,99.3250,1.0,9.93,99.3295,mm
10,11:10:23,买,99.2950,1.0,9.93,99.2970,mm
10,11:10:31,卖,99.2850,1.0,9.93,99.2846,mm
10,11:10:40,买,99.2600,1.0,9.93,99.2603,mm
10,11:10:47,卖,99.2750,1.0,9.93,99.2706,mm
10,11:10:51,卖,99.2850,1.0,9.93,99.2819,mm
10,11:10:52,买,99.2700,1.0,9.93,99.2743,mm
10,11:10:55,卖,99.2900,1.0,9.93,99.2839,mm
10,11:11:05,买,99.2950,1.0,9.93,99.2991,mm
10,11:11:06,买,99.2850,1.0,9.93,99.2906,mm
10,11:11:48,卖,99.3150,1.0,9.93,99.3237,mm
10,11:11:49,买,99.3100,1.0,9.93,99.3158,mm
10,11:11:54,卖,99.3050,1.0,9.93,99.2995,mm
10,11:12:05,卖,99.3500,1.0,9.94,99.3463,mm
10,11:12:07,买,99.3550,1.0,9.94,99.3601,mm
10,11:12:11,卖,99.3800,1.0,9.94,99.3821,mm
10,11:12:13,买,99.3700,1.0,9.94,99.3726,mm
10,11:12:26,买,99.3700,1.0,9.94,99.3733,mm
10,11:12:35,卖,99.3800,1.0,9.94,99.3787,mm
10,11:12:48,卖,99.3950,1.0,9.94,99.3903,mm
10,11:13:04,买,99.3950,1.0,9.94,99.4002,mm
10,11:13:10,买,99.3950,1.0,9.94,99.3939,mm
10,11:13:17,买,99.3600,1.0,9.94,99.3662,mm
10,11:13:19,卖,99.3800,1.0,9.94,99.3823,mm
10,11:13:39,卖,99.4500,1.0,9.95,99.4543,mm
10,11:13:41,卖,99.4750,1.0,9.95,99.4723,mm
10,11:13:57,买,99.4900,1.0,9.95,99.4970,mm
10,11:14:09,卖,99.4950,1.0,9.95,99.4831,mm
10,11:14:14,卖,99.5100,1.0,9.95,99.5030,mm
10,11:14:19,买,99.5050,1.0,9.95,99.5100,mm
10,11:14:20,买,99.5050,1.0,9.95,99.5110,mm
10,11:14:26,卖,99.5300,1.0,9.95,99.5280,mm
10,11:14:49,买,99.5350,1.0,9.95,99.5379,mm
10,11:14:51,买,99.5150,1.0,9.95,99.5209,mm
10,11:15:05,卖,99.5300,1.0,9.95,99.5147,mm
10,11:15:07,卖,99.5300,1.0,9.95,99.5187,mm
10,11:15:08,买,99.5050,1.0,9.95,99.5076,mm
10,11:15:24,卖,99.5050,1.0,9.95,99.5004,mm
10,11:15:25,卖,99.5100,1.0,9.95,99.4992,mm
10,11:15:37,卖,99.5150,1.0,9.95,99.4974,mm
10,11:15:38,买,99.4900,1.0,9.95,99.4912,mm
10,11:15:48,买,99.5000,1.0,9.95,99.4933,mm
10,11:15:58,买,99.4800,1.0,9.95,99.4850,mm
10,11:16:00,卖,99.5000,1.0,9.95,99.4907,mm
10,11:16:06,买,99.4700,1.0,9.95,99.4756,mm
10,11:16:17,买,99.4450,1.0,9.94,99.4503,mm
10,11:16:19,卖,99.4600,1.0,9.95,99.4550,mm
10,11:16:24,买,99.4400,1.0,9.94,99.4432,mm
10,11:16:29,卖,99.4550,1.0,9.95,99.4498,mm
10,11:16:36,卖,99.4550,1.0,9.95,99.4540,mm
10,11:17:05,卖,99.5750,1.0,9.96,99.5717,mm
10,11:17:11,买,99.5650,1.0,9.96,99.5734,mm
10,11:17:12,买,99.5700,1.0,9.96,99.5735,mm
10,11:17:23,卖,99.5850,1.0,9.96,99.5813,mm
10,11:17:36,买,99.5700,1.0,9.96,99.5760,mm
10,11:17:42,买,99.5800,1.0,9.96,99.5855,mm
10,11:17:45,买,99.5600,1.0,9.96,99.5649,mm
10,11:17:46,卖,99.5650,1.0,9.96,99.5618,mm
10,11:17:47,卖,99.5700,1.0,9.96,99.5762,mm
10,11:17:56,卖,99.5750,1.0,9.96,99.5675,mm
10,11:18:10,买,99.5800,1.0,9.96,99.5802,mm
10,11:18:25,买,99.5550,1.0,9.96,99.5604,mm
10,11:18:34,卖,99.5700,1.0,9.96,99.5687,mm
10,11:18:37,卖,99.5750,1.0,9.96,99.5680,mm
10,11:18:46,买,99.5700,1.0,9.96,99.5755,mm
10,11:19:13,卖,99.5800,1.0,9.96,99.5668,mm
10,11:19:24,买,99.5650,1.0,9.96,99.5708,mm
10,11:19:31,卖,99.5950,1.0,9.96,99.5930,mm
10,11:19:36,卖,99.6000,1.0,9.96,99.5983,mm
10,11:20:00,卖,99.6250,1.0,9.96,99.6073,mm
10,11:20:17,买,99.6150,1.0,9.96,99.6162,mm
10,11:20:19,买,99.6050,1.0,9.96,99.6104,mm
10,11:20:23,买,99.6000,1.0,9.96,99.6023,mm
10,11:20:29,卖,99.6000,1.0,9.96,99.6008,mm
10,11:20:38,买,99.5950,1.0,9.96,99.5994,mm
10,11:20:41,买,99.5850,1.0,9.96,99.5899,mm
10,11:20:54,卖,99.5950,1.0,9.96,99.5981,mm
10,11:20:58,买,99.6000,1.0,9.96,99.6005,mm
10,11:21:06,卖,99.6000,1.0,9.96,99.5924,mm
10,11:21:11,买,99.5800,1.0,9.96,99.5796,mm
10,11:21:19,卖,99.5850,1.0,9.96,99.5877,mm
10,11:21:24,买,99.5600,1.0,9.96,99.5655,mm
10,11:21:26,卖,99.5650,1.0,9.96,99.5635,mm
10,11:21:38,卖,99.5700,1.0,9.96,99.5665,mm
10,11:21:39,买,99.5550,1.0,9.96,99.5610,mm
10,11:21:41,买,99.5500,1.0,9.96,99.5562,mm
10,11:21:43,卖,99.5700,1.0,9.96,99.5611,mm
10,11:21:44,卖,99.5750,1.0,9.96,99.5694,mm
10,11:21:48,买,99.5600,1.0,9.96,99.5649,mm
10,11:22:04,卖,99.6050,1.0,9.96,99.6006,mm
10,11:22:20,买,99.6150,1.0,9.96,99.6179,mm
10,11:22:30,卖,99.6300,1.0,9.96,99.6257,mm
10,11:22:32,买,99.6100,1.0,9.96,99.6134,mm
10,11:22:42,买,99.5950,1.0,9.96,99.5988,mm
10,11:22:47,卖,99.6100,1.0,9.96,99.6026,mm
10,11:23:10,卖,99.6450,1.0,9.96,99.6339,mm
10,11:23:25,买,99.6700,1.0,9.97,99.6709,mm
10,11:23:30,买,99.6500,1.0,9.97,99.6542,mm
10,11:23:34,卖,99.6700,1.0,9.97,99.6640,mm
10,11:23:47,卖,99.6700,1.0,9.97,99.6689,mm
10,11:23:50,买,99.6550,1.0,9.97,99.6590,mm
10,11:23:56,卖,99.7000,1.0,9.97,99.6942,mm
10,11:23:57,买,99.6850,1.0,9.97,99.6903,mm
10,11:24:26,卖,99.7400,1.0,9.97,99.7430,mm
10,11:24:34,卖,99.7500,1.0,9.98,99.7397,mm
10,11:24:37,买,99.7300,1.0,9.97,99.7344,mm
10,11:24:41,买,99.7500,1.0,9.98,99.7556,mm
10,11:24:50,买,99.7500,1.0,9.98,99.7538,mm
10,11:25:02,卖,99.7800,1.0,9.98,99.7840,mm
10,11:25:08,卖,99.8250,1.0,9.98,99.8276,mm
10,11:25:10,买,99.8100,1.0,9.98,99.8095,mm
10,11:25:14,卖,99.8250,1.0,9.98,99.8211,mm
10,11:25:19,卖,99.8450,1.0,9.98,99.8418,mm
10,11:25:22,买,99.8400,1.0,9.98,99.8453,mm
10,11:25:26,买,99.8500,1.0,9.99,99.8545,mm
10,11:25:41,买,99.8600,1.0,9.99,99.8524,mm
10,11:25:45,卖,99.8550,1.0,9.99,99.8521,mm
10,11:26:05,卖,99.8800,1.0,9.99,99.8855,mm
10,11:26:08,买,99.8650,1.0,9.99,99.8679,mm
10,11:26:30,卖,99.8900,1.0,9.99,99.8852,mm
10,11:26:38,买,99.8800,1.0,9.99,99.8806,mm
10,11:26:55,卖,99.8600,1.0,9.99,99.8563,mm
10,11:27:00,买,99.8450,1.0,9.98,99.8569,mm
10,11:27:15,买,99.8700,1.0,9.99,99.8622,mm
10,11:27:20,买,99.8550,1.0,9.99,99.8593,mm
10,11:27:23,卖,99.8750,1.0,9.99,99.8713,mm
10,11:27:54,卖,99.8350,1.0,9.98,99.8262,mm
10,11:28:18,卖,99.8150,1.0,9.98,99.8052,mm
10,11:28:21,买,99.7950,1.0,9.98,99.7992,mm
10,11:28:45,买,99.8550,1.0,9.99,99.8578,mm
10,11:28:58,卖,99.8500,1.0,9.99,99.8459,mm
10,11:28:59,买,99.8300,1.0,9.98,99.8362,mm
10,11:29:07,买,99.8250,1.0,9.98,99.8294,mm
10,11:29:20,卖,99.8350,1.0,9.98,99.8296,mm
10,11:29:23,卖,99.8400,1.0,9.98,99.8362,mm
10,11:29:46,买,99.8250,1.0,9.98,99.8273,mm
10,11:29:51,卖,99.8200,1.0,9.98,99.8224,mm
10,11:29:55,卖,99.8350,1.0,9.98,99.8321,mm
10,13:00:01,卖,99.8550,1.0,9.99,99.8537,mm
10,13:00:04,买,99.8400,1.0,9.98,99.8368,mm
10,13:00:24,买,99.8550,1.0,9.99,99.8591,mm
10,13:00:42,买,99.8350,1.0,9.98,99.8391,mm
10,13:00:56,卖,99.8450,1.0,9.98,99.8412,mm
10,13:01:07,买,99.7950,1.0,9.98,99.8003,mm
10,13:01:09,卖,99.8100,1.0,9.98,99.8043,mm
10,13:01:12,卖,99.8300,1.0,9.98,99.8281,mm
10,13:01:17,买,99.8150,1.0,9.98,99.8193,mm
10,13:01:23,买,99.8200,1.0,9.98,99.8239,mm
10,13:01:34,卖,99.8050,1.0,9.98,99.8076,mm
10,13:01:41,买,99.7950,1.0,9.98,99.7972,mm
10,13:02:02,卖,99.8150,1.0,9.98,99.8124,mm
10,13:02:03,卖,99.8250,1.0,9.98,99.8196,mm
10,13:02:11,卖,99.8350,1.0,9.98,99.8318,mm
10,13:02:24,买,99.8100,1.0,9.98,99.8101,mm
10,13:02:25,买,99.8150,1.0,9.98,99.8121,mm
10,13:02:48,买,99.8500,1.0,9.99,99.8531,mm
10,13:02:53,买,99.8500,1.0,9.99,99.8527,mm
10,13:02:54,卖,99.8600,1.0,9.99,99.8647,mm
10,13:03:18,买,99.8550,1.0,9.99,99.8491,mm
10,13:03:21,卖,99.8500,1.0,9.99,99.8452,mm
10,13:03:25,买,99.8250,1.0,9.98,99.8249,mm
10,13:03:39,卖,99.7950,1.0,9.98,99.7884,mm
10,13:03:43,卖,99.8000,1.0,9.98,99.7998,mm
10,13:03:45,卖,99.8050,1.0,9.98,99.8050,mm
10,13:03:46,买,99.7950,1.0,9.98,99.8006,mm
10,13:03:50,卖,99.8100,1.0,9.98,99.8044,mm
10,13:03:52,买,99.7950,1.0,9.98,99.7974,mm
10,13:03:59,买,99.7900,1.0,9.98,99.7911,mm
10,13:04:08,卖,99.8050,1.0,9.98,99.7974,mm
10,13:04:16,买,99.7900,1.0,9.98,99.7914,mm
10,13:04:27,卖,99.7950,1.0,9.98,99.7938,mm
10,13:04:27,买,99.7750,1.0,9.98,99.7737,mm
10,13:04:37,卖,99.7750,1.0,9.98,99.7692,mm
10,13:04:41,买,99.7550,1.0,9.98,99.7588,mm
10,13:04:42,卖,99.7800,1.0,9.98,99.7746,mm
10,13:04:58,买,99.7550,1.0,9.98,99.7575,mm
10,13:05:22,买,99.7350,1.0,9.97,99.7377,mm
10,13:05:45,卖,99.7500,1.0,9.98,99.7483,mm
10,13:05:59,卖,99.7300,1.0,9.97,99.7270,mm
10,13:06:10,卖,99.7350,1.0,9.97,99.7271,mm
10,13:06:11,买,99.7150,1.0,9.97,99.7161,mm
10,13:07:01,卖,99.7750,1.0,9.98,99.7696,mm
10,13:07:19,买,99.7800,1.0,9.98,99.7820,mm
10,13:07:21,买,99.7700,1.0,9.98,99.7749,mm
10,13:07:25,卖,99.7900,1.0,9.98,99.7847,mm
10,13:07:29,买,99.7650,1.0,9.98,99.7653,mm
10,13:07:29,卖,99.7750,1.0,9.98,99.7724,mm
10,13:07:37,买,99.7650,1.0,9.98,99.7658,mm
10,13:07:51,卖,99.7550,1.0,9.98,99.7521,mm
10,13:07:58,买,99.7600,1.0,9.98,99.7644,mm
10,13:08:01,买,99.7450,1.0,9.97,99.7512,mm
10,13:08:13,卖,99.7700,1.0,9.98,99.7702,mm
10,13:08:24,买,99.7850,1.0,9.98,99.7894,mm
10,13:08:29,卖,99.8000,1.0,9.98,99.8023,mm
10,13:08:33,卖,99.8000,1.0,9.98,99.7928,mm
10,13:08:35,卖,99.8100,1.0,9.98,99.7992,mm
10,13:08:37,买,99.7900,1.0,9.98,99.7938,mm
10,13:08:41,买,99.7750,1.0,9.98,99.7775,mm
10,13:08:45,卖,99.7650,1.0,9.98,99.7625,mm
10,13:09:07,买,99.7750,1.0,9.98,99.7769,mm
10,13:09:15,卖,99.7900,1.0,9.98,99.7925,mm
10,13:09:52,卖,99.8500,1.0,9.99,99.8491,mm
10,13:09:57,买,99.8500,1.0,9.99,99.8503,mm
10,13:10:12,买,99.8550,1.0,9.99,99.8581,mm
10,13:10:16,买,99.8250,1.0,9.98,99.8237,mm
10,13:10:17,卖,99.8400,1.0,9.98,99.8381,mm
10,13:10:34,买,99.7850,1.0,9.98,99.7900,mm
10,13:10:39,卖,99.7900,1.0,9.98,99.7869,mm
10,13:10:58,卖,99.8300,1.0,9.98,99.8154,mm
10,13:11:04,卖,99.8300,1.0,9.98,99.8283,mm
10,13:11:26,卖,99.8650,1.0,9.99,99.8640,mm
10,13:11:27,买,99.8550,1.0,9.99,99.8575,mm
10,13:11:35,买,99.8700,1.0,9.99,99.8749,mm
10,13:11:36,买,99.8650,1.0,9.99,99.8700,mm
10,13:11:57,买,99.8650,1.0,9.99,99.8705,mm
10,13:12:02,卖,99.8650,1.0,9.99,99.8634,mm
10,13:12:06,卖,99.8700,1.0,9.99,99.8641,mm
10,13:12:45,买,99.8700,1.0,9.99,99.8837,mm
10,13:12:52,买,99.8700,1.0,9.99,99.8833,mm
10,13:12:54,卖,99.8950,1.0,9.99,99.8908,mm
10,13:12:57,卖,99.9100,1.0,9.99,99.9068,mm
10,13:12:58,卖,99.9200,1.0,9.99,99.9106,mm
10,13:13:03,买,99.9200,1.0,9.99,99.9247,mm
10,13:13:06,买,99.9200,1.0,9.99,99.9255,mm
10,13:13:07,卖,99.9400,1.0,9.99,99.9414,mm
10,13:13:11,买,99.9350,1.0,9.99,99.9391,mm
10,13:13:17,卖,99.9500,1.0,10.00,99.9476,mm
10,13:13:18,买,99.9350,1.0,9.99,99.9390,mm
10,13:13:30,卖,99.9200,1.0,9.99,99.9248,mm
10,13:13:40,卖,99.9250,1.0,9.99,99.9191,mm
10,13:13:50,买,99.9050,1.0,9.99,99.9049,mm
10,13:14:09,买,99.9000,1.0,9.99,99.9053,mm
10,13:14:10,卖,99.9150,1.0,9.99,99.9124,mm
10,13:14:12,卖,99.9300,1.0,9.99,99.9268,mm
10,13:14:24,买,99.9350,1.0,9.99,99.9412,mm
10,13:14:34,买,99.9450,1.0,9.99,99.9481,mm
10,13:14:47,买,99.9250,1.0,9.99,99.9303,mm
10,13:14:48,卖,99.9400,1.0,9.99,99.9376,mm
10,13:14:52,卖,99.9550,1.0,10.00,99.9437,mm
10,13:14:56,卖,99.9650,1.0,10.00,99.9608,mm
10,13:15:00,买,99.9350,1.0,9.99,99.9365,mm
10,13:15:00,卖,99.9500,1.0,10.00,99.9554,mm
10,13:15:06,买,99.9500,1.0,10.00,99.9562,mm
10,13:15:14,卖,99.9700,1.0,10.00,99.9521,mm
10,13:15:16,买,99.9450,1.0,9.99,99.9488,mm
10,13:15:19,卖,99.9650,1.0,10.00,99.9632,mm
10,13:15:22,买,99.9400,1.0,9.99,99.9372,mm
10,13:15:25,买,99.9200,1.0,9.99,99.9198,mm
10,13:15:49,卖,99.9200,1.0,9.99,99.9118,mm
10,13:16:03,卖,99.9150,1.0,9.99,99.9169,mm
10,13:16:13,买,99.8950,1.0,9.99,99.9007,mm
10,13:16:19,买,99.8900,1.0,9.99,99.8928,mm
10,13:16:30,卖,99.9050,1.0,9.99,99.9076,mm
10,13:16:37,买,99.9000,1.0,9.99,99.9030,mm
10,13:16:39,买,99.8900,1.0,9.99,99.8951,mm
10,13:16:46,卖,99.9100,1.0,9.99,99.9032,mm
10,13:16:51,买,99.8900,1.0,9.99,99.8958,mm
10,13:16:54,卖,99.9100,1.0,9.99,99.9054,mm
10,13:16:57,买,99.8850,1.0,9.99,99.8904,mm
10,13:17:13,卖,99.8950,1.0,9.99,99.8960,mm
10,13:17:14,买,99.8800,1.0,9.99,99.8811,mm
10,13:17:18,卖,99.8850,1.0,9.99,99.8806,mm
10,13:17:22,卖,99.8900,1.0,9.99,99.8863,mm
10,13:17:27,买,99.8550,1.0,9.99,99.8578,mm
10,13:17:59,卖,99.8800,1.0,9.99,99.8715,mm
10,13:18:17,买,99.8450,1.0,9.98,99.8497,mm
10,13:18:32,买,99.8450,1.0,9.98,99.8494,mm
10,13:18:33,卖,99.8600,1.0,9.99,99.8554,mm
10,13:18:36,卖,99.8600,1.0,9.99,99.8556,mm
10,13:18:49,买,99.8450,1.0,9.98,99.8475,mm
10,13:18:57,卖,99.8400,1.0,9.98,99.8323,mm
10,13:19:04,卖,99.8500,1.0,9.99,99.8471,mm
10,13:19:19,买,99.8350,1.0,9.98,99.8401,mm
10,13:19:36,买,99.8250,1.0,9.98,99.8277,mm
10,13:20:00,卖,99.8200,1.0,9.98,99.8144,mm
10,13:20:05,买,99.8050,1.0,9.98,99.8097,mm
10,13:20:11,买,99.7850,1.0,9.98,99.7816,mm
10,13:20:17,卖,99.7800,1.0,9.98,99.7783,mm
10,13:20:19,卖,99.7900,1.0,9.98,99.7842,mm
10,13:20:25,卖,99.8150,1.0,9.98,99.8074,mm
10,13:20:30,买,99.8000,1.0,9.98,99.8051,mm
10,13:20:42,买,99.7450,1.0,9.97,99.7509,mm
10,13:20:43,买,99.7350,1.0,9.97,99.7412,mm
10,13:20:45,卖,99.7450,1.0,9.97,99.7400,mm
10,13:20:54,买,99.7350,1.0,9.97,99.7384,mm
10,13:20:57,卖,99.7400,1.0,9.97,99.7375,mm
10,13:21:07,买,99.6900,1.0,9.97,99.6919,mm
10,13:21:19,买,99.6800,1.0,9.97,99.6935,mm
10,13:21:24,卖,99.6950,1.0,9.97,99.6904,mm
10,13:21:29,卖,99.6950,1.0,9.97,99.7005,mm
10,13:21:37,买,99.7050,1.0,9.97,99.7107,mm
10,13:21:41,卖,99.7100,1.0,9.97,99.7141,mm
10,13:21:41,买,99.7000,1.0,9.97,99.7049,mm
10,13:22:03,卖,99.6750,1.0,9.97,99.6738,mm
10,13:22:12,卖,99.6800,1.0,9.97,99.6747,mm
10,13:22:46,卖,99.7350,1.0,9.97,99.7255,mm
10,13:22:55,卖,99.7350,1.0,9.97,99.7262,mm
10,13:22:58,买,99.7250,1.0,9.97,99.7271,mm
10,13:23:03,卖,99.7400,1.0,9.97,99.7341,mm
10,13:23:04,买,99.7200,1.0,9.97,99.7253,mm
10,13:23:05,买,99.7150,1.0,9.97,99.7204,mm
10,13:23:08,买,99.7050,1.0,9.97,99.7064,mm
10,13:23:12,卖,99.7100,1.0,9.97,99.7145,mm
10,13:23:23,买,99.6750,1.0,9.97,99.6799,mm
10,13:23:54,卖,99.5900,1.0,9.96,99.5918,mm
10,13:23:56,卖,99.6050,1.0,9.96,99.5982,mm
10,13:24:01,买,99.5800,1.0,9.96,99.5889,mm
10,13:24:11,卖,99.6150,1.0,9.96,99.6114,mm
10,13:24:18,买,99.6100,1.0,9.96,99.6065,mm
10,13:24:20,买,99.6000,1.0,9.96,99.6035,mm
10,13:24:34,卖,99.6100,1.0,9.96,99.6069,mm
10,13:24:35,买,99.6000,1.0,9.96,99.6075,mm
10,13:24:37,卖,99.6250,1.0,9.96,99.6188,mm
10,13:24:42,买,99.6200,1.0,9.96,99.6193,mm
10,13:24:44,买,99.6000,1.0,9.96,99.5980,mm
10,13:24:45,买,99.5800,1.0,9.96,99.5841,mm
10,13:24:57,卖,99.5800,1.0,9.96,99.5765,mm
10,13:25:02,卖,99.6100,1.0,9.96,99.6138,mm
10,13:25:03,卖,99.6250,1.0,9.96,99.6235,mm
10,13:25:12,卖,99.6650,1.0,9.97,99.6599,mm
10,13:25:13,买,99.6500,1.0,9.97,99.6542,mm
10,13:25:38,买,99.6650,1.0,9.97,99.6689,mm
10,13:25:40,卖,99.6800,1.0,9.97,99.6757,mm
10,13:26:00,买,99.6550,1.0,9.97,99.6559,mm
10,13:26:11,卖,99.6350,1.0,9.96,99.6305,mm
10,13:26:15,卖,99.6450,1.0,9.96,99.6406,mm
10,13:26:21,买,99.6450,1.0,9.96,99.6499,mm
10,13:26:28,卖,99.6500,1.0,9.97,99.6468,mm
10,13:26:32,买,99.6550,1.0,9.97,99.6590,mm
10,13:26:36,买,99.6300,1.0,9.96,99.6292,mm
10,13:26:56,买,99.6050,1.0,9.96,99.6105,mm
10,13:26:59,卖,99.6300,1.0,9.96,99.6285,mm
10,13:27:11,卖,99.6350,1.0,9.96,99.6300,mm
10,13:27:25,买,99.6200,1.0,9.96,99.6239,mm
10,13:27:47,买,99.6050,1.0,9.96,99.6071,mm
10,13:27:48,卖,99.6200,1.0,9.96,99.6184,mm
10,13:27:52,卖,99.6250,1.0,9.96,99.6209,mm
10,13:27:53,卖,99.6350,1.0,9.96,99.6316,mm
10,13:28:09,买,99.6450,1.0,9.96,99.6457,mm
10,13:28:23,卖,99.6900,1.0,9.97,99.6893,mm
10,13:28:23,买,99.6800,1.0,9.97,99.6809,mm
10,13:28:41,卖,99.7250,1.0,9.97,99.7215,mm
10,13:28:48,买,99.7050,1.0,9.97,99.7087,mm
10,13:29:16,买,99.7500,1.0,9.98,99.7558,mm
10,13:29:26,卖,99.7900,1.0,9.98,99.7921,mm
10,13:29:43,买,99.8000,1.0,9.98,99.8037,mm
10,13:29:50,买,99.8000,1.0,9.98,99.8102,mm
10,13:29:57,卖,99.8300,1.0,9.98,99.8261,mm
10,13:29:59,卖,99.8300,1.0,9.98,99.8240,mm
10,13:30:05,买,99.8150,1.0,9.98,99.8159,mm
10,13:30:17,卖,99.8300,1.0,9.98,99.8274,mm
10,13:30:21,卖,99.8500,1.0,9.99,99.8438,mm
10,13:30:33,卖,99.8700,1.0,9.99,99.8700,mm
10,13:30:36,买,99.8700,1.0,9.99,99.8696,mm
10,13:30:45,买,99.8900,1.0,9.99,99.8929,mm
10,13:30:49,卖,99.9050,1.0,9.99,99.9041,mm
10,13:30:57,买,99.9050,1.0,9.99,99.9023,mm
10,13:30:59,卖,99.9100,1.0,9.99,99.9065,mm
10,13:31:14,卖,99.9350,1.0,9.99,99.9313,mm
10,13:31:15,买,99.9200,1.0,9.99,99.9233,mm
10,13:31:18,买,99.9100,1.0,9.99,99.9043,mm
10,13:31:20,买,99.8900,1.0,9.99,99.8952,mm
10,13:31:27,买,99.8700,1.0,9.99,99.8761,mm
10,13:31:28,卖,99.8850,1.0,9.99,99.8869,mm
10,13:31:36,卖,99.9000,1.0,9.99,99.8961,mm
10,13:31:46,卖,99.9000,1.0,9.99,99.8948,mm
10,13:31:55,卖,99.9300,1.0,9.99,99.9245,mm
10,13:32:11,买,99.8950,1.0,9.99,99.8941,mm
10,13:32:17,买,99.8950,1.0,9.99,99.8999,mm
10,13:32:18,买,99.8850,1.0,9.99,99.8891,mm
10,13:32:29,卖,99.9100,1.0,9.99,99.9072,mm
10,13:32:38,卖,99.9300,1.0,9.99,99.9214,mm
10,13:32:51,卖,99.9300,1.0,9.99,99.9206,mm
10,13:33:11,买,99.9100,1.0,9.99,99.9143,mm
10,13:33:16,买,99.8900,1.0,9.99,99.8865,mm
10,13:33:21,买,99.8700,1.0,9.99,99.8713,mm
10,13:33:22,卖,99.8850,1.0,9.99,99.8892,mm
10,13:33:33,卖,99.8900,1.0,9.99,99.8866,mm
10,13:33:47,买,99.8950,1.0,9.99,99.8923,mm
10,13:34:05,买,99.8800,1.0,9.99,99.8847,mm
10,13:34:09,卖,99.8900,1.0,9.99,99.8881,mm
10,13:34:12,卖,99.9050,1.0,9.99,99.9011,mm
10,13:34:14,买,99.9000,1.0,9.99,99.9098,mm
10,13:34:36,买,99.8800,1.0,9.99,99.8807,mm
10,13:34:52,卖,99.8750,1.0,9.99,99.8731,mm
10,13:35:06,卖,99.9100,1.0,9.99,99.9094,mm
10,13:35:06,买,99.9000,1.0,9.99,99.9006,mm
10,13:35:13,买,99.8650,1.0,9.99,99.8678,mm
10,13:35:13,卖,99.8800,1.0,9.99,99.8856,mm
10,13:35:16,买,99.8500,1.0,9.99,99.8546,mm
10,13:35:22,买,99.8350,1.0,9.98,99.8391,mm
10,13:35:41,卖,99.8750,1.0,9.99,99.8781,mm
10,13:35:48,卖,99.8950,1.0,9.99,99.8935,mm
10,13:35:59,卖,99.9250,1.0,9.99,99.9200,mm
10,13:36:11,买,99.9100,1.0,9.99,99.9124,mm
10,13:36:20,买,99.8900,1.0,9.99,99.8941,mm
10,13:36:50,卖,99.9350,1.0,9.99,99.9291,mm
10,13:36:58,卖,99.9500,1.0,10.00,99.9470,mm
10,13:37:01,买,99.9350,1.0,9.99,99.9411,mm
10,13:37:05,卖,99.9600,1.0,10.00,99.9514,mm
10,13:37:28,买,99.9600,1.0,10.00,99.9682,mm
10,13:37:38,卖,99.9900,1.0,10.00,99.9843,mm
10,13:37:54,买,99.9900,1.0,10.00,99.9962,mm
10,13:37:58,卖,100.0000,1.0,10.00,99.9943,mm
10,13:38:00,买,99.9900,1.0,10.00,99.9957,mm
10,13:38:02,卖,100.0100,1.0,10.00,100.0138,mm
10,13:38:03,卖,100.0200,1.0,10.00,100.0112,mm
10,13:38:28,买,100.0250,1.0,10.00,100.0295,mm
10,13:38:30,买,100.0150,1.0,10.00,100.0193,mm
10,13:38:31,卖,100.0300,1.0,10.00,100.0299,mm
10,13:38:36,买,100.0050,1.0,10.00,100.0059,mm
10,13:38:41,卖,100.0050,1.0,10.00,100.0007,mm
10,13:38:52,买,100.0000,1.0,10.00,100.0016,mm
10,13:39:31,买,99.9750,1.0,10.00,99.9806,mm
10,13:40:05,卖,100.0200,1.0,10.00,100.0099,mm
10,13:40:09,买,100.0000,1.0,10.00,100.0062,mm
10,13:40:12,卖,100.0050,1.0,10.00,100.0023,mm
10,13:40:17,买,99.9850,1.0,10.00,99.9911,mm
10,13:40:33,卖,99.9850,1.0,10.00,99.9803,mm
10,13:40:45,买,99.9700,1.0,10.00,99.9761,mm
10,13:40:50,卖,99.9950,1.0,10.00,99.9924,mm
10,13:41:00,卖,100.0250,1.0,10.00,100.0195,mm
10,13:41:08,买,100.0300,1.0,10.00,100.0327,mm
10,13:41:09,买,100.0200,1.0,10.00,100.0201,mm
10,13:41:10,卖,100.0300,1.0,10.00,100.0238,mm
10,13:41:11,卖,100.0350,1.0,10.00,100.0315,mm
10,13:41:22,买,100.0100,1.0,10.00,100.0104,mm
10,13:41:26,卖,100.0200,1.0,10.00,100.0087,mm
10,13:41:27,卖,100.0250,1.0,10.00,100.0174,mm
10,13:41:29,买,99.9950,1.0,10.00,99.9998,mm
10,13:41:33,卖,100.0100,1.0,10.00,100.0078,mm
10,13:41:40,买,100.0200,1.0,10.00,100.0243,mm
10,13:41:54,买,100.0200,1.0,10.00,100.0220,mm
10,13:41:57,卖,100.0400,1.0,10.00,100.0379,mm
10,13:42:05,买,100.0350,1.0,10.00,100.0405,mm
10,13:42:14,卖,100.0350,1.0,10.00,100.0340,mm
10,13:42:22,卖,100.0500,1.0,10.01,100.0430,mm
10,13:42:23,买,100.0350,1.0,10.00,100.0307,mm
10,13:42:26,买,100.0150,1.0,10.00,100.0183,mm
10,13:42:28,买,100.0050,1.0,10.00,100.0102,mm
10,13:42:35,买,99.9950,1.0,10.00,100.0011,mm
10,13:42:38,卖,100.0150,1.0,10.00,100.0093,mm
10,13:42:49,卖,99.9700,1.0,10.00,99.9649,mm
10,13:42:56,买,99.9250,1.0,9.99,99.9308,mm
10,13:42:59,卖,99.9500,1.0,10.00,99.9481,mm
10,13:43:03,买,99.9250,1.0,9.99,99.9292,mm
10,13:43:14,卖,99.9650,1.0,10.00,99.9625,mm
10,13:43:18,买,99.9400,1.0,9.99,99.9456,mm
10,13:43:26,卖,99.9300,1.0,9.99,99.9321,mm
10,13:43:30,买,99.9250,1.0,9.99,99.9309,mm
10,13:43:41,买,99.9150,1.0,9.99,99.9355,mm
10,13:43:42,卖,99.9450,1.0,9.99,99.9398,mm
10,13:43:47,卖,99.9650,1.0,10.00,99.9622,mm
10,13:43:59,买,99.9200,1.0,9.99,99.9227,mm
10,13:44:02,买,99.9150,1.0,9.99,99.9133,mm
10,13:44:03,卖,99.9200,1.0,9.99,99.9199,mm
10,13:44:07,卖,99.9350,1.0,9.99,99.9292,mm
10,13:44:09,买,99.9100,1.0,9.99,99.9123,mm
10,13:44:27,买,99.8900,1.0,9.99,99.8936,mm
10,13:44:31,买,99.8700,1.0,9.99,99.8762,mm
10,13:44:33,卖,99.8850,1.0,9.99,99.8806,mm
10,13:44:54,卖,99.8850,1.0,9.99,99.8800,mm
10,13:45:06,买,99.8500,1.0,9.99,99.8556,mm
10,13:45:12,卖,99.8450,1.0,9.98,99.8393,mm
10,13:45:29,买,99.8150,1.0,9.98,99.8197,mm
10,13:45:31,卖,99.8200,1.0,9.98,99.8163,mm
10,13:45:36,卖,99.8200,1.0,9.98,99.8172,mm
10,13:45:37,卖,99.8300,1.0,9.98,99.8194,mm
10,13:45:48,卖,99.8500,1.0,9.99,99.8400,mm
10,13:45:53,买,99.8350,1.0,9.98,99.8399,mm
10,13:46:09,卖,99.8400,1.0,9.98,99.8345,mm
10,13:46:13,买,99.8250,1.0,9.98,99.8306,mm
10,13:46:28,买,99.8250,1.0,9.98,99.8282,mm
10,13:46:48,卖,99.8350,1.0,9.98,99.8350,mm
10,13:47:03,买,99.8300,1.0,9.98,99.8327,mm
10,13:47:07,买,99.8100,1.0,9.98,99.8085,mm
10,13:47:40,买,99.8300,1.0,9.98,99.8350,mm
10,13:47:41,卖,99.8500,1.0,9.99,99.8430,mm
10,13:47:45,买,99.8450,1.0,9.98,99.8511,mm
10,13:48:13,卖,99.8050,1.0,9.98,99.7943,mm
10,13:48:25,卖,99.7850,1.0,9.98,99.7748,mm
10,13:48:32,卖,99.7950,1.0,9.98,99.8003,mm
10,13:48:34,卖,99.8150,1.0,9.98,99.7973,mm
10,13:48:35,买,99.7900,1.0,9.98,99.7902,mm
10,13:48:43,买,99.8000,1.0,9.98,99.8047,mm
10,13:48:44,卖,99.8200,1.0,9.98,99.8088,mm
10,13:49:10,买,99.8500,1.0,9.99,99.8552,mm
10,13:49:27,卖,99.8650,1.0,9.99,99.8495,mm
10,13:49:28,卖,99.8650,1.0,9.99,99.8520,mm
10,13:49:53,买,99.8600,1.0,9.99,99.8656,mm
10,13:49:54,卖,99.8800,1.0,9.99,99.8714,mm
10,13:49:57,买,99.8700,1.0,9.99,99.8745,mm
10,13:50:07,卖,99.8750,1.0,9.99,99.8724,mm
10,13:50:09,买,99.8550,1.0,9.99,99.8514,mm
10,13:50:09,买,99.8400,1.0,9.98,99.8408,mm
10,13:50:10,买,99.8350,1.0,9.98,99.8391,mm
10,13:50:14,卖,99.8400,1.0,9.98,99.8370,mm
10,13:50:25,买,99.8250,1.0,9.98,99.8263,mm
10,13:50:29,买,99.8200,1.0,9.98,99.8254,mm
10,13:50:37,卖,99.8100,1.0,9.98,99.8060,mm
10,13:50:40,卖,99.8200,1.0,9.98,99.8152,mm
10,13:50:43,买,99.8000,1.0,9.98,99.8025,mm
10,13:51:05,买,99.7850,1.0,9.98,99.7886,mm
10,13:51:22,卖,99.8200,1.0,9.98,99.8155,mm
10,13:51:26,买,99.8150,1.0,9.98,99.8203,mm
10,13:51:29,卖,99.8350,1.0,9.98,99.8294,mm
10,13:51:30,卖,99.8400,1.0,9.98,99.8354,mm
10,13:51:43,买,99.8250,1.0,9.98,99.8227,mm
10,13:51:47,买,99.8000,1.0,9.98,99.8011,mm
10,13:51:48,买,99.7850,1.0,9.98,99.7883,mm
10,13:51:51,卖,99.7900,1.0,9.98,99.7874,mm
10,13:51:54,卖,99.7800,1.0,9.98,99.7835,mm
10,13:52:30,卖,99.7450,1.0,9.97,99.7413,mm
10,13:52:42,买,99.7350,1.0,9.97,99.7384,mm
10,13:53:00,买,99.7050,1.0,9.97,99.7093,mm
10,13:53:05,卖,99.7100,1.0,9.97,99.7055,mm
10,13:53:16,卖,99.7200,1.0,9.97,99.7149,mm
10,13:53:45,买,99.6750,1.0,9.97,99.6786,mm
10,13:53:56,卖,99.7300,1.0,9.97,99.7252,mm
10,13:54:08,买,99.7150,1.0,9.97,99.7211,mm
10,13:54:11,卖,99.7300,1.0,9.97,99.7231,mm
10,13:54:24,买,99.7350,1.0,9.97,99.7412,mm
10,13:54:31,卖,99.7450,1.0,9.97,99.7436,mm
10,13:54:35,买,99.7300,1.0,9.97,99.7347,mm
10,13:54:39,卖,99.7450,1.0,9.97,99.7407,mm
10,13:54:55,卖,99.7350,1.0,9.97,99.7330,mm
10,13:55:02,卖,99.7550,1.0,9.98,99.7490,mm
10,13:55:20,买,99.7400,1.0,9.97,99.7382,mm
10,13:55:22,卖,99.7550,1.0,9.98,99.7395,mm
10,13:55:23,卖,99.7550,1.0,9.98,99.7397,mm
10,13:55:26,买,99.7450,1.0,9.97,99.7493,mm
10,13:55:27,卖,99.7600,1.0,9.98,99.7527,mm
10,13:55:38,卖,99.8000,1.0,9.98,99.7943,mm
10,13:55:52,买,99.7950,1.0,9.98,99.7958,mm
10,13:55:53,买,99.7900,1.0,9.98,99.7934,mm
10,13:56:00,买,99.8100,1.0,9.98,99.8158,mm
10,13:56:14,买,99.8400,1.0,9.98,99.8388,mm
10,13:56:24,买,99.8000,1.0,9.98,99.8017,mm
10,13:56:33,买,99.7950,1.0,9.98,99.8002,mm
10,13:56:36,卖,99.7950,1.0,9.98,99.7895,mm
10,13:57:13,卖,99.8200,1.0,9.98,99.8173,mm
10,13:57:17,买,99.8000,1.0,9.98,99.8021,mm
10,13:57:34,卖,99.8000,1.0,9.98,99.7994,mm
10,13:57:35,卖,99.8050,1.0,9.98,99.8084,mm
10,13:57:45,买,99.7600,1.0,9.98,99.7648,mm
10,13:58:07,买,99.7600,1.0,9.98,99.7625,mm
10,13:58:12,卖,99.7700,1.0,9.98,99.7664,mm
10,13:58:14,买,99.7450,1.0,9.97,99.7510,mm
10,13:58:29,卖,99.7550,1.0,9.98,99.7573,mm
10,13:58:32,卖,99.7700,1.0,9.98,99.7594,mm
10,13:58:33,卖,99.7750,1.0,9.98,99.7691,mm
10,13:58:40,买,99.7650,1.0,9.98,99.7615,mm
10,13:58:45,买,99.7500,1.0,9.98,99.7546,mm
10,13:58:48,买,99.7450,1.0,9.97,99.7499,mm
10,13:58:51,卖,99.7550,1.0,9.98,99.7487,mm
10,13:59:02,卖,99.8000,1.0,9.98,99.7977,mm
10,13:59:15,买,99.8150,1.0,9.98,99.8211,mm
10,13:59:29,卖,99.8200,1.0,9.98,99.8160,mm
10,13:59:41,卖,99.8350,1.0,9.98,99.8170,mm
10,13:59:41,买,99.8050,1.0,9.98,99.8111,mm
10,13:59:50,买,99.7950,1.0,9.98,99.8005,mm
10,14:00:07,卖,99.8550,1.0,9.99,99.8465,mm
10,14:00:10,买,99.8350,1.0,9.98,99.8387,mm
10,14:00:21,买,99.8550,1.0,9.99,99.8606,mm
10,14:00:31,卖,99.8850,1.0,9.99,99.8827,mm
10,14:00:32,买,99.8700,1.0,9.99,99.8739,mm
10,14:00:37,卖,99.8950,1.0,9.99,99.8898,mm
10,14:00:40,卖,99.9000,1.0,9.99,99.8949,mm
10,14:00:59,买,99.8800,1.0,9.99,99.8849,mm
10,14:01:05,卖,99.9000,1.0,9.99,99.8956,mm
10,14:01:13,买,99.8850,1.0,9.99,99.8890,mm
10,14:01:20,买,99.8900,1.0,9.99,99.8943,mm
10,14:01:40,卖,99.8850,1.0,9.99,99.8749,mm
10,14:01:46,买,99.8550,1.0,9.99,99.8596,mm
10,14:01:47,卖,99.8700,1.0,9.99,99.8714,mm
10,14:01:52,买,99.8700,1.0,9.99,99.8722,mm
10,14:01:55,卖,99.8800,1.0,9.99,99.8695,mm
10,14:02:08,买,99.8550,1.0,9.99,99.8595,mm
10,14:02:24,买,99.8150,1.0,9.98,99.8141,mm
10,14:02:27,卖,99.8150,1.0,9.98,99.8097,mm
10,14:02:45,卖,99.8200,1.0,9.98,99.8121,mm
10,14:02:48,卖,99.8300,1.0,9.98,99.8213,mm
10,14:02:54,买,99.8050,1.0,9.98,99.8057,mm
10,14:03:02,买,99.8050,1.0,9.98,99.8111,mm
10,14:03:29,卖,99.7700,1.0,9.98,99.7694,mm
10,14:03:31,买,99.7600,1.0,9.98,99.7655,mm
10,14:03:32,买,99.7450,1.0,9.97,99.7495,mm
10,14:03:37,卖,99.7250,1.0,9.97,99.7219,mm
10,14:03:40,买,99.7000,1.0,9.97,99.7044,mm
10,14:03:40,买,99.6850,1.0,9.97,99.6879,mm
10,14:03:43,卖,99.6950,1.0,9.97,99.6949,mm
10,14:03:51,卖,99.6900,1.0,9.97,99.6885,mm
10,14:03:52,卖,99.7000,1.0,9.97,99.6950,mm
10,14:04:04,买,99.6550,1.0,9.97,99.6565,mm
10,14:04:07,卖,99.6600,1.0,9.97,99.6556,mm
10,14:04:15,卖,99.6800,1.0,9.97,99.6723,mm
10,14:04:16,买,99.6700,1.0,9.97,99.6717,mm
10,14:04:17,买,99.6600,1.0,9.97,99.6574,mm
10,14:04:20,买,99.6200,1.0,9.96,99.6233,mm
10,14:04:22,卖,99.6450,1.0,9.96,99.6496,mm
10,14:04:29,卖,99.6700,1.0,9.97,99.6614,mm
10,14:04:31,卖,99.6650,1.0,9.97,99.6630,mm
10,14:04:35,卖,99.6800,1.0,9.97,99.6814,mm
10,14:04:40,买,99.6950,1.0,9.97,99.6963,mm
10,14:04:46,买,99.6800,1.0,9.97,99.6857,mm
10,14:04:55,买,99.6600,1.0,9.97,99.6643,mm
10,14:05:05,卖,99.6800,1.0,9.97,99.6767,mm
10,14:05:19,买,99.6200,1.0,9.96,99.6245,mm
10,14:05:25,卖,99.6450,1.0,9.96,99.6407,mm
10,14:05:28,买,99.6250,1.0,9.96,99.6301,mm
10,14:05:32,卖,99.6300,1.0,9.96,99.6240,mm
10,14:05:40,买,99.5950,1.0,9.96,99.6012,mm
10,14:05:47,卖,99.6150,1.0,9.96,99.6129,mm
10,14:06:02,卖,99.6250,1.0,9.96,99.6143,mm
10,14:06:07,买,99.6050,1.0,9.96,99.6072,mm
10,14:06:12,卖,99.6350,1.0,9.96,99.6345,mm
10,14:06:24,卖,99.6750,1.0,9.97,99.6636,mm
10,14:06:38,买,99.6450,1.0,9.96,99.6444,mm
10,14:06:39,买,99.6350,1.0,9.96,99.6357,mm
10,14:06:44,买,99.6300,1.0,9.96,99.6358,mm
10,14:06:44,买,99.6200,1.0,9.96,99.6216,mm
10,14:06:49,卖,99.6150,1.0,9.96,99.6126,mm
10,14:06:59,卖,99.6350,1.0,9.96,99.6308,mm
10,14:07:14,卖,99.6500,1.0,9.97,99.6456,mm
10,14:07:17,买,99.6350,1.0,9.96,99.6407,mm
10,14:07:20,买,99.6300,1.0,9.96,99.6341,mm
10,14:07:22,买,99.6150,1.0,9.96,99.6153,mm
10,14:07:23,卖,99.6300,1.0,9.96,99.6305,mm
10,14:07:27,卖,99.6300,1.0,9.96,99.6259,mm
10,14:07:31,买,99.6200,1.0,9.96,99.6243,mm
10,14:07:33,买,99.6100,1.0,9.96,99.6131,mm
10,14:07:34,卖,99.6200,1.0,9.96,99.6158,mm
10,14:07:48,卖,99.6300,1.0,9.96,99.6122,mm
10,14:08:10,卖,99.5900,1.0,9.96,99.5815,mm
10,14:08:24,买,99.5500,1.0,9.96,99.5549,mm
10,14:08:36,买,99.5400,1.0,9.95,99.5446,mm
10,14:08:49,卖,99.5400,1.0,9.95,99.5349,mm
10,14:08:59,卖,99.5300,1.0,9.95,99.5195,mm
10,14:09:05,买,99.5050,1.0,9.95,99.5110,mm
10,14:09:10,卖,99.5050,1.0,9.95,99.4993,mm
10,14:09:11,卖,99.5200,1.0,9.95,99.5160,mm
10,14:09:13,买,99.4950,1.0,9.95,99.4988,mm
10,14:09:20,买,99.4950,1.0,9.95,99.4860,mm
10,14:09:23,卖,99.4900,1.0,9.95,99.4905,mm
10,14:09:25,卖,99.5050,1.0,9.95,99.4961,mm
10,14:09:33,买,99.5050,1.0,9.95,99.5058,mm
10,14:09:41,买,99.4850,1.0,9.95,99.4906,mm
10,14:09:51,卖,99.5000,1.0,9.95,99.4941,mm
10,14:10:01,买,99.4950,1.0,9.95,99.4962,mm
10,14:10:02,卖,99.5100,1.0,9.95,99.5046,mm
10,14:10:06,买,99.4800,1.0,9.95,99.4857,mm
10,14:10:13,买,99.4500,1.0,9.95,99.4535,mm
10,14:10:16,卖,99.4700,1.0,9.95,99.4707,mm
10,14:10:20,买,99.4700,1.0,9.95,99.4672,mm
10,14:10:23,卖,99.4850,1.0,9.95,99.4707,mm
10,14:10:24,卖,99.4850,1.0,9.95,99.4751,mm
10,14:10:32,买,99.4650,1.0,9.95,99.4757,mm
10,14:10:41,买,99.4600,1.0,9.95,99.4627,mm
10,14:10:52,买,99.4650,1.0,9.95,99.4658,mm
10,14:10:57,卖,99.4700,1.0,9.95,99.4618,mm
10,14:11:05,卖,99.4700,1.0,9.95,99.4659,mm
10,14:11:19,买,99.4250,1.0,9.94,99.4311,mm
10,14:11:27,卖,99.4400,1.0,9.94,99.4359,mm
10,14:11:34,卖,99.4600,1.0,9.95,99.4565,mm
10,14:11:35,买,99.4450,1.0,9.94,99.4457,mm
10,14:11:38,卖,99.4650,1.0,9.95,99.4675,mm
10,14:11:46,买,99.4550,1.0,9.95,99.4574,mm
10,14:11:47,卖,99.4700,1.0,9.95,99.4658,mm
10,14:11:48,买,99.4450,1.0,9.94,99.4499,mm
10,14:11:52,买,99.4500,1.0,9.95,99.4532,mm
10,14:12:10,卖,99.5400,1.0,9.95,99.5331,mm
10,14:12:29,买,99.4800,1.0,9.95,99.4800,mm
10,14:12:38,买,99.4450,1.0,9.94,99.4509,mm
10,14:12:40,卖,99.4500,1.0,9.95,99.4567,mm
10,14:12:44,卖,99.4600,1.0,9.95,99.4641,mm
10,14:12:55,买,99.4300,1.0,9.94,99.4342,mm
10,14:13:11,卖,99.4200,1.0,9.94,99.4186,mm
10,14:13:28,买,99.4450,1.0,9.94,99.4512,mm
10,14:13:31,买,99.4400,1.0,9.94,99.4460,mm
10,14:13:32,卖,99.4550,1.0,9.95,99.4563,mm
10,14:13:41,卖,99.4700,1.0,9.95,99.4663,mm
10,14:13:49,买,99.4500,1.0,9.95,99.4550,mm
10,14:13:52,卖,99.4700,1.0,9.95,99.4644,mm
10,14:13:56,卖,99.4700,1.0,9.95,99.4654,mm
10,14:14:12,买,99.4950,1.0,9.95,99.4971,mm
10,14:14:28,买,99.5050,1.0,9.95,99.5110,mm
10,14:14:34,买,99.5150,1.0,9.95,99.5191,mm
10,14:14:37,卖,99.5400,1.0,9.95,99.5366,mm
10,14:15:18,卖,99.5550,1.0,9.96,99.5523,mm
10,14:15:33,买,99.5300,1.0,9.95,99.5349,mm
10,14:15:41,卖,99.5450,1.0,9.95,99.5416,mm
10,14:15:51,买,99.5250,1.0,9.95,99.5266,mm
10,14:15:59,买,99.5000,1.0,9.95,99.5002,mm
10,14:16:02,卖,99.5200,1.0,9.95,99.5182,mm
10,14:16:09,卖,99.5200,1.0,9.95,99.5257,mm
10,14:16:21,卖,99.5450,1.0,9.95,99.5392,mm
10,14:16:21,买,99.5250,1.0,9.95,99.5316,mm
10,14:16:25,买,99.5200,1.0,9.95,99.5237,mm
10,14:16:31,卖,99.5250,1.0,9.95,99.5141,mm
10,14:16:32,卖,99.5250,1.0,9.95,99.5192,mm
10,14:16:37,买,99.5000,1.0,9.95,99.5044,mm
10,14:16:54,买,99.4750,1.0,9.95,99.4844,mm
10,14:17:10,买,99.5050,1.0,9.95,99.5107,mm
10,14:17:10,卖,99.5200,1.0,9.95,99.5215,mm
10,14:17:14,买,99.5050,1.0,9.95,99.5110,mm
10,14:17:19,卖,99.5250,1.0,9.95,99.5217,mm
10,14:17:24,买,99.5100,1.0,9.95,99.5121,mm
10,14:17:27,卖,99.5300,1.0,9.95,99.5251,mm
10,14:17:31,买,99.5150,1.0,9.95,99.5249,mm
10,14:17:59,卖,99.5150,1.0,9.95,99.5103,mm
10,14:18:02,买,99.4950,1.0,9.95,99.5006,mm
10,14:18:29,买,99.4900,1.0,9.95,99.4958,mm
10,14:18:49,买,99.4550,1.0,9.95,99.4563,mm
10,14:18:51,卖,99.4800,1.0,9.95,99.4743,mm
10,14:18:55,卖,99.4900,1.0,9.95,99.4838,mm
10,14:18:56,买,99.4650,1.0,9.95,99.4683,mm
10,14:19:20,卖,99.4550,1.0,9.95,99.4436,mm
10,14:19:20,卖,99.4550,1.0,9.95,99.4480,mm
10,14:19:37,买,99.4250,1.0,9.94,99.4303,mm
10,14:19:45,买,99.4250,1.0,9.94,99.4241,mm
10,14:19:47,卖,99.4350,1.0,9.94,99.4317,mm
10,14:19:58,买,99.4200,1.0,9.94,99.4129,mm
10,14:20:09,卖,99.4200,1.0,9.94,99.4138,mm
10,14:20:12,卖,99.4300,1.0,9.94,99.4273,mm
10,14:20:22,买,99.4050,1.0,9.94,99.4105,mm
10,14:20:28,买,99.3800,1.0,9.94,99.3842,mm
10,14:20:32,卖,99.3900,1.0,9.94,99.3837,mm
10,14:20:37,卖,99.3900,1.0,9.94,99.3820,mm
10,14:20:49,买,99.4000,1.0,9.94,99.4059,mm
10,14:21:02,买,99.3850,1.0,9.94,99.3824,mm
10,14:21:08,卖,99.3850,1.0,9.94,99.3828,mm
10,14:21:12,卖,99.3900,1.0,9.94,99.3842,mm
10,14:21:16,卖,99.4200,1.0,9.94,99.4141,mm
10,14:21:40,买,99.3950,1.0,9.94,99.4076,mm
10,14:22:14,买,99.4050,1.0,9.94,99.4190,mm
10,14:22:15,卖,99.4300,1.0,9.94,99.4268,mm
10,14:22:18,卖,99.4350,1.0,9.94,99.4324,mm
10,14:22:26,买,99.4400,1.0,9.94,99.4501,mm
10,14:22:28,卖,99.4700,1.0,9.95,99.4640,mm
10,14:22:32,买,99.4400,1.0,9.94,99.4459,mm
10,14:22:34,卖,99.4600,1.0,9.95,99.4540,mm
10,14:22:35,买,99.4500,1.0,9.95,99.4551,mm
10,14:22:38,卖,99.4700,1.0,9.95,99.4664,mm
10,14:22:40,买,99.4550,1.0,9.95,99.4607,mm
10,14:22:48,卖,99.4650,1.0,9.95,99.4482,mm
10,14:23:01,买,99.4400,1.0,9.94,99.4461,mm
10,14:23:15,买,99.4300,1.0,9.94,99.4347,mm
10,14:23:49,卖,99.4600,1.0,9.95,99.4580,mm
10,14:23:51,卖,99.4700,1.0,9.95,99.4678,mm
10,14:23:53,买,99.4600,1.0,9.95,99.4648,mm
10,14:24:16,买,99.4400,1.0,9.94,99.4457,mm
10,14:24:22,卖,99.4600,1.0,9.95,99.4554,mm
10,14:24:38,买,99.4200,1.0,9.94,99.4231,mm
10,14:24:42,卖,99.4350,1.0,9.94,99.4289,mm
10,14:24:50,卖,99.4600,1.0,9.95,99.4541,mm
10,14:25:04,卖,99.4900,1.0,9.95,99.4850,mm
10,14:25:14,买,99.4650,1.0,9.95,99.4709,mm
10,14:25:28,卖,99.4850,1.0,9.95,99.4794,mm
10,14:25:31,卖,99.4750,1.0,9.95,99.4707,mm
10,14:25:35,买,99.4700,1.0,9.95,99.4795,mm
10,14:25:36,买,99.4650,1.0,9.95,99.4685,mm
10,14:25:45,买,99.4550,1.0,9.95,99.4592,mm
10,14:25:57,卖,99.4800,1.0,9.95,99.4774,mm
10,14:25:58,卖,99.4900,1.0,9.95,99.4799,mm
10,14:26:12,买,99.4750,1.0,9.95,99.4730,mm
10,14:26:12,买,99.4600,1.0,9.95,99.4656,mm
10,14:26:14,卖,99.4700,1.0,9.95,99.4622,mm
10,14:26:22,买,99.4350,1.0,9.94,99.4399,mm
10,14:26:24,卖,99.4550,1.0,9.95,99.4602,mm
10,14:26:37,买,99.4550,1.0,9.95,99.4591,mm
10,14:26:46,卖,99.4750,1.0,9.95,99.4775,mm
10,14:26:56,买,99.4800,1.0,9.95,99.4836,mm
10,14:27:00,买,99.4600,1.0,9.95,99.4639,mm
10,14:27:03,卖,99.4850,1.0,9.95,99.4823,mm
10,14:27:05,卖,99.4950,1.0,9.95,99.5000,mm
10,14:27:07,买,99.4800,1.0,9.95,99.4790,mm
10,14:27:11,买,99.4600,1.0,9.95,99.4627,mm
10,14:27:20,卖,99.4850,1.0,9.95,99.4830,mm
10,14:27:35,卖,99.5350,1.0,9.95,99.5292,mm
10,14:27:36,卖,99.5450,1.0,9.95,99.5383,mm
10,14:27:37,卖,99.5600,1.0,9.96,99.5618,mm
10,14:27:39,买,99.5500,1.0,9.96,99.5520,mm
10,14:27:42,买,99.5200,1.0,9.95,99.5227,mm
10,14:28:03,买,99.5350,1.0,9.95,99.5385,mm
10,14:28:13,卖,99.5550,1.0,9.96,99.5517,mm
10,14:28:18,买,99.5300,1.0,9.95,99.5278,mm
10,14:28:21,买,99.5100,1.0,9.95,99.5129,mm
10,14:28:36,卖,99.5300,1.0,9.95,99.5247,mm
10,14:28:42,买,99.5200,1.0,9.95,99.5197,mm
10,14:28:45,买,99.4950,1.0,9.95,99.4966,mm
10,14:28:50,卖,99.5100,1.0,9.95,99.5039,mm
10,14:29:01,买,99.4600,1.0,9.95,99.4625,mm
10,14:29:05,买,99.4450,1.0,9.94,99.4468,mm
10,14:29:27,买,99.4350,1.0,9.94,99.4366,mm
10,14:29:31,卖,99.4600,1.0,9.95,99.4576,mm
10,14:29:38,卖,99.4650,1.0,9.95,99.4613,mm
10,14:29:42,买,99.4350,1.0,9.94,99.4399,mm
10,14:29:50,卖,99.4300,1.0,9.94,99.4266,mm
10,14:29:59,卖,99.4150,1.0,9.94,99.4095,mm
10,14:30:00,卖,99.4200,1.0,9.94,99.4237,mm
10,14:30:01,卖,99.4350,1.0,9.94,99.4247,mm
10,14:30:03,买,99.4150,1.0,9.94,99.4195,mm
10,14:30:11,卖,99.4350,1.0,9.94,99.4307,mm
10,14:30:17,卖,99.4600,1.0,9.95,99.4558,mm
10,14:30:25,买,99.4750,1.0,9.95,99.4779,mm
10,14:30:33,买,99.4550,1.0,9.95,99.4581,mm
10,14:30:34,卖,99.4700,1.0,9.95,99.4622,mm
10,14:30:40,买,99.4700,1.0,9.95,99.4747,mm
10,14:30:45,卖,99.4600,1.0,9.95,99.4561,mm
10,14:30:53,卖,99.4600,1.0,9.95,99.4566,mm
10,14:30:56,卖,99.4700,1.0,9.95,99.4754,mm
10,14:30:58,卖,99.4850,1.0,9.95,99.4785,mm
10,14:31:08,卖,99.5050,1.0,9.95,99.4997,mm
10,14:31:13,买,99.5050,1.0,9.95,99.5082,mm
10,14:31:35,卖,99.5350,1.0,9.95,99.5335,mm
10,14:31:36,买,99.5250,1.0,9.95,99.5288,mm
10,14:31:46,买,99.5300,1.0,9.95,99.5344,mm
10,14:31:54,买,99.4900,1.0,9.95,99.4912,mm
10,14:31:55,卖,99.5050,1.0,9.95,99.4950,mm
10,14:31:57,买,99.4850,1.0,9.95,99.4890,mm
10,14:32:00,买,99.4700,1.0,9.95,99.4726,mm
10,14:32:07,卖,99.4900,1.0,9.95,99.4840,mm
10,14:32:21,买,99.4850,1.0,9.95,99.4908,mm
10,14:32:57,买,99.5000,1.0,9.95,99.5056,mm
10,14:33:09,卖,99.5450,1.0,9.95,99.5463,mm
10,14:33:12,卖,99.5550,1.0,9.96,99.5488,mm
10,14:33:45,买,99.5400,1.0,9.95,99.5456,mm
10,14:33:50,卖,99.5650,1.0,9.96,99.5611,mm
10,14:33:52,买,99.5500,1.0,9.96,99.5527,mm
10,14:34:07,卖,99.5400,1.0,9.95,99.5379,mm
10,14:34:08,买,99.5250,1.0,9.95,99.5305,mm
10,14:34:13,卖,99.5450,1.0,9.95,99.5436,mm
10,14:34:15,买,99.5250,1.0,9.95,99.5280,mm
10,14:34:34,卖,99.5150,1.0,9.95,99.5125,mm
10,14:34:37,卖,99.5400,1.0,9.95,99.5328,mm
10,14:34:42,买,99.5100,1.0,9.95,99.5144,mm
10,14:34:42,买,99.5000,1.0,9.95,99.4970,mm
10,14:34:50,买,99.4700,1.0,9.95,99.4747,mm
10,14:35:05,卖,99.5100,1.0,9.95,99.5081,mm
10,14:35:09,卖,99.5150,1.0,9.95,99.5113,mm
10,14:35:10,卖,99.5250,1.0,9.95,99.5131,mm
10,14:35:18,买,99.4950,1.0,9.95,99.4951,mm
10,14:35:22,卖,99.5050,1.0,9.95,99.4988,mm
10,14:35:36,买,99.5000,1.0,9.95,99.5053,mm
10,14:35:47,卖,99.5200,1.0,9.95,99.5167,mm
10,14:35:50,买,99.4900,1.0,9.95,99.4924,mm
10,14:35:54,卖,99.5150,1.0,9.95,99.5089,mm
10,14:35:56,买,99.4900,1.0,9.95,99.4950,mm
10,14:35:59,卖,99.5150,1.0,9.95,99.5053,mm
10,14:36:05,买,99.4700,1.0,9.95,99.4765,mm
10,14:36:12,买,99.4650,1.0,9.95,99.4681,mm
10,14:36:15,买,99.4550,1.0,9.95,99.4611,mm
10,14:36:42,卖,99.4350,1.0,9.94,99.4354,mm
10,14:36:47,卖,99.4650,1.0,9.95,99.4604,mm
10,14:36:49,买,99.4450,1.0,9.94,99.4511,mm
10,14:36:50,卖,99.4650,1.0,9.95,99.4570,mm
10,14:36:53,买,99.4550,1.0,9.95,99.4597,mm
10,14:36:58,卖,99.4750,1.0,9.95,99.4677,mm
10,14:37:00,卖,99.4750,1.0,9.95,99.4773,mm
10,14:37:01,买,99.4650,1.0,9.95,99.4639,mm
10,14:37:08,卖,99.4750,1.0,9.95,99.4722,mm
10,14:37:10,买,99.4600,1.0,9.95,99.4567,mm
10,14:37:12,卖,99.4650,1.0,9.95,99.4588,mm
10,14:37:17,买,99.4400,1.0,9.94,99.4460,mm
10,14:37:19,买,99.4250,1.0,9.94,99.4299,mm
10,14:37:26,买,99.4000,1.0,9.94,99.4035,mm
10,14:38:02,买,99.4200,1.0,9.94,99.4282,mm
10,14:38:06,卖,99.4350,1.0,9.94,99.4390,mm
10,14:38:09,卖,99.4400,1.0,9.94,99.4364,mm
10,14:38:10,买,99.4250,1.0,9.94,99.4271,mm
10,14:38:11,买,99.4150,1.0,9.94,99.4166,mm
10,14:38:14,买,99.4050,1.0,9.94,99.4095,mm
10,14:38:22,买,99.3950,1.0,9.94,99.4001,mm
10,14:38:33,卖,99.4150,1.0,9.94,99.3994,mm
10,14:38:34,买,99.3900,1.0,9.94,99.3944,mm
10,14:38:45,卖,99.4050,1.0,9.94,99.4007,mm
10,14:38:46,卖,99.4200,1.0,9.94,99.4155,mm
10,14:39:10,卖,99.4450,1.0,9.94,99.4363,mm
10,14:39:22,卖,99.4550,1.0,9.95,99.4631,mm
10,14:39:23,买,99.4500,1.0,9.95,99.4550,mm
10,14:39:26,卖,99.4750,1.0,9.95,99.4718,mm
10,14:39:34,买,99.4750,1.0,9.95,99.4807,mm
10,14:39:40,买,99.4850,1.0,9.95,99.4902,mm
10,14:39:47,买,99.4650,1.0,9.95,99.4672,mm
10,14:39:58,卖,99.4500,1.0,9.95,99.4436,mm
10,14:40:12,卖,99.4650,1.0,9.95,99.4552,mm
10,14:40:13,卖,99.4650,1.0,9.95,99.4572,mm
10,14:40:14,卖,99.4700,1.0,9.95,99.4643,mm
10,14:40:50,卖,99.5100,1.0,9.95,99.5065,mm
10,14:41:07,买,99.4800,1.0,9.95,99.4850,mm
10,14:41:15,买,99.4700,1.0,9.95,99.4718,mm
10,14:41:17,卖,99.4800,1.0,9.95,99.4740,mm
10,14:41:29,卖,99.4550,1.0,9.95,99.4423,mm
10,14:41:29,买,99.4300,1.0,9.94,99.4328,mm
10,14:41:32,买,99.4400,1.0,9.94,99.4432,mm
10,14:41:49,买,99.4750,1.0,9.95,99.4782,mm
10,14:41:59,买,99.4550,1.0,9.95,99.4611,mm
10,14:42:01,卖,99.4600,1.0,9.95,99.4611,mm
10,14:42:02,卖,99.4750,1.0,9.95,99.4715,mm
10,14:42:06,卖,99.4650,1.0,9.95,99.4546,mm
10,14:42:10,卖,99.4450,1.0,9.94,99.4426,mm
10,14:42:13,买,99.4350,1.0,9.94,99.4391,mm
10,14:42:23,卖,99.4750,1.0,9.95,99.4720,mm
10,14:42:25,卖,99.4900,1.0,9.95,99.4831,mm
10,14:42:33,买,99.4800,1.0,9.95,99.4766,mm
10,14:42:36,买,99.4650,1.0,9.95,99.4701,mm
10,14:42:40,卖,99.4900,1.0,9.95,99.4802,mm
10,14:42:43,买,99.4600,1.0,9.95,99.4646,mm
10,14:42:57,卖,99.4850,1.0,9.95,99.4761,mm
10,14:43:07,买,99.4650,1.0,9.95,99.4713,mm
10,14:43:14,卖,99.4800,1.0,9.95,99.4648,mm
10,14:43:15,买,99.4550,1.0,9.95,99.4598,mm
10,14:43:29,买,99.4450,1.0,9.94,99.4492,mm
10,14:43:35,卖,99.4650,1.0,9.95,99.4629,mm
10,14:43:47,卖,99.4800,1.0,9.95,99.4746,mm
10,14:43:59,买,99.4950,1.0,9.95,99.4999,mm
10,14:44:01,买,99.4850,1.0,9.95,99.4905,mm
10,14:44:05,买,99.4800,1.0,9.95,99.4802,mm
10,14:44:34,卖,99.4900,1.0,9.95,99.4846,mm
10,14:44:35,买,99.4700,1.0,9.95,99.4682,mm
10,14:44:42,买,99.4500,1.0,9.95,99.4540,mm
10,14:44:43,买,99.4400,1.0,9.94,99.4456,mm
10,14:44:44,卖,99.4650,1.0,9.95,99.4560,mm
10,14:44:45,买,99.4400,1.0,9.94,99.4447,mm
10,14:44:47,卖,99.4550,1.0,9.95,99.4512,mm
10,14:45:09,卖,99.4600,1.0,9.95,99.4513,mm
10,14:45:19,卖,99.4700,1.0,9.95,99.4656,mm
10,14:45:27,卖,99.4800,1.0,9.95,99.4763,mm
10,14:45:31,卖,99.5000,1.0,9.95,99.4907,mm
10,14:45:41,买,99.5050,1.0,9.95,99.5112,mm
10,14:45:46,卖,99.5350,1.0,9.95,99.5318,mm
10,14:45:52,买,99.5300,1.0,9.95,99.5360,mm
10,14:45:57,买,99.5300,1.0,9.95,99.5352,mm
10,14:46:01,卖,99.5600,1.0,9.96,99.5541,mm
10,14:46:10,卖,99.5650,1.0,9.96,99.5579,mm
10,14:46:14,卖,99.5650,1.0,9.96,99.5608,mm
10,14:46:37,买,99.5400,1.0,9.95,99.5435,mm
10,14:47:18,买,99.5350,1.0,9.95,99.5336,mm
10,14:47:32,卖,99.5750,1.0,9.96,99.5683,mm
10,14:47:39,买,99.5600,1.0,9.96,99.5772,mm
10,14:47:44,买,99.5450,1.0,9.95,99.5489,mm
10,14:47:53,卖,99.5850,1.0,9.96,99.5803,mm
10,14:48:26,买,99.6350,1.0,9.96,99.6408,mm
10,14:48:38,卖,99.6650,1.0,9.97,99.6627,mm
10,14:48:40,卖,99.6700,1.0,9.97,99.6667,mm
10,14:48:41,买,99.6500,1.0,9.97,99.6505,mm
10,14:48:43,卖,99.6650,1.0,9.97,99.6673,mm
10,14:48:46,买,99.6550,1.0,9.97,99.6546,mm
10,14:48:52,卖,99.6700,1.0,9.97,99.6708,mm
10,14:48:54,买,99.6550,1.0,9.97,99.6605,mm
10,14:49:02,卖,99.6750,1.0,9.97,99.6680,mm
10,14:49:04,卖,99.6800,1.0,9.97,99.6741,mm
10,14:49:05,买,99.6700,1.0,9.97,99.6691,mm
10,14:49:08,卖,99.6750,1.0,9.97,99.6717,mm
10,14:49:09,买,99.6600,1.0,9.97,99.6635,mm
10,14:49:13,买,99.6500,1.0,9.97,99.6524,mm
10,14:49:39,卖,99.6750,1.0,9.97,99.6636,mm
10,14:49:40,卖,99.6800,1.0,9.97,99.6749,mm
10,14:49:45,买,99.6550,1.0,9.97,99.6588,mm
10,14:49:50,买,99.6400,1.0,9.96,99.6425,mm
10,14:50:15,买,99.6300,1.0,9.96,99.6359,mm
10,14:50:22,买,99.6250,1.0,9.96,99.6251,mm
10,14:50:24,买,99.6100,1.0,9.96,99.6137,mm
10,14:50:27,卖,99.6550,1.0,9.97,99.6509,mm
10,14:50:36,买,99.6350,1.0,9.96,99.6389,mm
10,14:50:39,卖,99.6600,1.0,9.97,99.6578,mm
10,14:50:52,卖,99.6600,1.0,9.97,99.6525,mm
10,14:50:53,卖,99.6650,1.0,9.97,99.6624,mm
10,14:51:01,买,99.6150,1.0,9.96,99.6184,mm
10,14:51:03,买,99.6100,1.0,9.96,99.6123,mm
10,14:51:04,买,99.6000,1.0,9.96,99.6059,mm
10,14:51:28,卖,99.5750,1.0,9.96,99.5702,mm
10,14:51:28,卖,99.5800,1.0,9.96,99.5755,mm
10,14:51:37,买,99.5650,1.0,9.96,99.5710,mm
10,14:51:49,卖,99.5850,1.0,9.96,99.5788,mm
10,14:51:50,卖,99.5900,1.0,9.96,99.5868,mm
10,14:51:53,卖,99.6050,1.0,9.96,99.6000,mm
10,14:52:00,买,99.5950,1.0,9.96,99.6004,mm
10,14:52:06,卖,99.6250,1.0,9.96,99.6155,mm
10,14:52:11,买,99.6100,1.0,9.96,99.6135,mm
10,14:52:23,卖,99.6450,1.0,9.96,99.6419,mm
10,14:52:24,买,99.6300,1.0,9.96,99.6310,mm
10,14:52:28,买,99.6200,1.0,9.96,99.6262,mm
10,14:52:44,卖,99.6950,1.0,9.97,99.6910,mm
10,14:52:44,买,99.6800,1.0,9.97,99.6859,mm
10,14:52:52,买,99.6700,1.0,9.97,99.6712,mm
10,14:53:08,卖,99.7150,1.0,9.97,99.7110,mm
10,14:53:21,卖,99.7550,1.0,9.98,99.7552,mm
10,14:53:24,卖,99.7600,1.0,9.98,99.7510,mm
10,14:53:30,买,99.7500,1.0,9.98,99.7551,mm
10,14:53:39,卖,99.7650,1.0,9.98,99.7626,mm
10,14:53:42,卖,99.7800,1.0,9.98,99.7689,mm
10,14:53:44,卖,99.7850,1.0,9.98,99.7800,mm
10,14:53:46,买,99.7750,1.0,9.98,99.7807,mm
10,14:53:48,买,99.7700,1.0,9.98,99.7711,mm
10,14:53:58,买,99.7500,1.0,9.98,99.7513,mm
10,14:54:00,买,99.7300,1.0,9.97,99.7356,mm
10,14:54:03,卖,99.7500,1.0,9.98,99.7393,mm
10,14:54:24,买,99.7450,1.0,9.97,99.7477,mm
10,14:54:27,卖,99.7600,1.0,9.98,99.7647,mm
10,14:54:29,卖,99.7850,1.0,9.98,99.7890,mm
10,14:54:31,买,99.7850,1.0,9.98,99.7864,mm
10,14:54:33,买,99.7800,1.0,9.98,99.7855,mm
10,14:54:50,卖,99.8300,1.0,9.98,99.8217,mm
10,14:55:01,卖,99.8400,1.0,9.98,99.8373,mm
10,14:55:03,买,99.8250,1.0,9.98,99.8305,mm
10,14:55:06,买,99.8200,1.0,9.98,99.8230,mm
10,14:55:10,卖,99.8250,1.0,9.98,99.8207,mm
10,14:55:18,买,99.8000,1.0,9.98,99.8046,mm
10,14:55:19,买,99.7900,1.0,9.98,99.7907,mm
10,14:55:20,卖,99.7950,1.0,9.98,99.7931,mm
10,14:55:26,买,99.7750,1.0,9.98,99.7761,mm
10,14:55:28,买,99.7550,1.0,9.98,99.7578,mm
10,14:55:38,卖,99.7700,1.0,9.98,99.7665,mm
10,14:55:40,卖,99.7800,1.0,9.98,99.7819,mm
10,14:55:44,买,99.7600,1.0,9.98,99.7657,mm
10,14:55:46,卖,99.7750,1.0,9.98,99.7685,mm
10,14:55:56,卖,99.8250,1.0,9.98,99.8192,mm
10,14:55:58,卖,99.8300,1.0,9.98,99.8243,mm
10,14:56:00,卖,99.8300,1.0,9.98,99.8245,mm
10,14:56:04,卖,99.8450,1.0,9.98,99.8343,mm
10,14:56:10,买,99.8050,1.0,9.98,99.8088,mm
10,14:56:12,卖,99.8200,1.0,9.98,99.8153,mm
10,14:56:15,卖,99.8300,1.0,9.98,99.8248,mm
10,14:56:18,买,99.8050,1.0,9.98,99.8103,mm
10,14:56:24,卖,99.8150,1.0,9.98,99.8161,mm
10,14:56:40,买,99.7950,1.0,9.98,99.7993,mm
10,14:56:41,买,99.7800,1.0,9.98,99.7856,mm
10,14:56:47,卖,99.8200,1.0,9.98,99.8130,mm
10,14:56:59,买,99.8150,1.0,9.98,99.8144,mm
10,14:57:10,买,99.8050,1.0,9.98,99.8098,mm
10,14:57:14,买,99.8050,1.0,9.98,99.8101,mm
10,14:57:24,买,99.8000,1.0,9.98,99.8050,mm
10,14:57:26,买,99.7900,1.0,9.98,99.7933,mm
10,14:57:40,买,99.7750,1.0,9.98,99.7805,mm
10,14:57:41,买,99.7600,1.0,9.98,99.7632,mm
10,14:57:53,卖,99.7850,1.0,9.98,99.7809,mm
10,14:57:54,卖,99.7950,1.0,9.98,99.7908,mm
10,14:57:58,买,99.7700,1.0,9.98,99.7703,mm
10,14:58:23,卖,99.7850,1.0,9.98,99.7754,mm
10,14:58:31,买,99.7550,1.0,9.98,99.7556,mm
10,14:58:33,买,99.7400,1.0,9.97,99.7427,mm
10,14:58:35,卖,99.7500,1.0,9.98,99.7454,mm
10,14:58:42,卖,99.7550,1.0,9.98,99.7548,mm
10,14:58:47,买,99.7350,1.0,9.97,99.7375,mm
10,14:58:48,卖,99.7500,1.0,9.98,99.7462,mm
10,14:59:00,卖,99.7500,1.0,9.98,99.7441,mm
10,14:59:01,买,99.7300,1.0,9.97,99.7359,mm
10,14:59:04,卖,99.7450,1.0,9.97,99.7444,mm
10,14:59:07,卖,99.7550,1.0,9.98,99.7536,mm
10,14:59:11,买,99.7350,1.0,9.97,99.7412,mm
10,14:59:17,卖,99.7550,1.0,9.98,99.7404,mm
10,14:59:18,卖,99.7550,1.0,9.98,99.7395,mm
10,14:59:18,卖,99.7550,1.0,9.98,99.7395,mm
10,14:59:19,卖,99.7550,1.0,9.98,99.7419,mm
10,14:59:20,卖,99.7550,1.0,9.98,99.7450,mm
10,14:59:25,买,99.7250,1.0,9.97,99.7298,mm
10,14:59:27,买,99.7250,1.0,9.97,99.7305,mm
10,14:59:29,买,99.7100,1.0,9.97,99.7162,mm
10,14:59:31,买,99.7100,1.0,9.97,99.7087,mm
10,14:59:32,买,99.7000,1.0,9.97,99.6982,mm
10,14:59:37,买,99.6750,1.0,9.97,99.6809,mm
10,14:59:39,买,99.6650,1.0,9.97,99.6661,mm
10,15:00:04,卖,99.6800,1.0,9.97,99.6835,mm
10,15:00:06,卖,99.6750,1.0,9.97,99.6813,mm
